id,status,notes,db_name,source_name,db_brand,db_model,db_reference,source_reference,db_price,source_price,db_image_count,source_image_count,image,source_url
avi-a-lange-sohne-lange-1-320-025-silver-dial-320-025-001,missing_source_url,,"A. Lange & Sohne Lange 1 320.025, Platinum, Silver Dial, 39 mm",,A. Lange & Sohne,NULL,NULL,,0,,1,0,/api/uploads/aviandco/products/a-lange-sohne-lange-1-320-025-001-1-00790043b2b5aad6.jpg,
avi-a-lange-sohne-odysseus-363-068-grey-dial-363-068-001,missing_source_url,,"A. Lange & Sohne Odysseus 363.068, 18K White Gold, Grey Index Dial, 41 mm",,A. Lange & Sohne,NULL,NULL,,0,,1,0,/api/uploads/aviandco/products/aviandco-404-oswaldo-local.jpg,
avi-audemars-piguet-26531ti-oo-1220ti-01-salmon-dial-26531ti-0,mismatch,name,"Audemars Piguet Royal Oak 26531TI, Titanium, Salmon Dial, 41 mm",This site can’t be reached,Audemars Piguet,NULL,NULL,,263900,0,3,0,/api/uploads/aviandco/products/26531ti-001-1-1-248c7c70c4f0c2e4.jpg,https://www.aviandco.com/audemars-piguet-26531ti-oo-1220ti-01-salmon-dial-26531ti-001
avi-audemars-piguet-code-11-59-15210bc-o-a002kb-02-black-dial-,mismatch,name,"Audemars Piguet Code 11.59 15210BC, 18K White Gold, Onyx Dial, 41 mm",This site can’t be reached,Audemars Piguet,NULL,NULL,,0,0,3,0,/api/uploads/aviandco/products/audemars-piguet-15210bc-oo-a002kb-02-0d68799b508477b4.jpg,https://www.aviandco.com/audemars-piguet-code-11-59-15210bc-o-a002kb-02-black-dial-g015210bc-o-a002kb-02-001
avi-audemars-piguet-code-11-59-15210bc-oo-a002kb-01-blue-dial-,mismatch,name,"Audemars Piguet Code 11.59 15210BC, 18K White Gold, Smoked Lacquered Blue Dial, 41 mm",Audemars Piguet Code 11.59,Audemars Piguet,NULL,NULL,,24900,24900.0,3,3,/api/uploads/aviandco/products/audemars-piguet-15210bc-oo-a002kb-01-2e04feb0c94a7552.jpg,https://www.aviandco.com/audemars-piguet-code-11-59-15210bc-oo-a002kb-01-blue-dial-g015210bc-oo-a002kb-01-001
avi-audemars-piguet-code-11-59-15210cr-oo-a002kb-01-grey-dial-,mismatch,name;price;reference,"Audemars Piguet Code 11.59 15210CR, 18K White Gold, Smoked Lacquered Grey Dial, 41 mm",Audemars Piguet Code 11.59,Audemars Piguet,NULL,NULL,15210CR.OO.A002KB.01,0,24900.0,3,3,/api/uploads/aviandco/products/ap-code-11-59-15210cr-oo-a002kb-01-c15aa686fbd15fd0.jpg,https://www.aviandco.com/audemars-piguet-code-11-59-15210cr-oo-a002kb-01-grey-dial-g015210cr-oo-a002kb-01-001
avi-audemars-piguet-code-11-59-15210cr-oo-a008kb-01-grey-dial-,mismatch,name;reference,"Audemars Piguet Code 11.59 15210CR, 18K White Gold, Grey Lacquered Dial, 41 mm",Audemars Piguet Code 11.59,Audemars Piguet,NULL,NULL,15210CR.OO.A008KB.01,24900,24900.0,3,3,/api/uploads/aviandco/products/ap-code-11-59-15210cr-oo-a008kb-01-e65d5ffd38f6a790.jpg,https://www.aviandco.com/audemars-piguet-code-11-59-15210cr-oo-a008kb-01-grey-dial-g015210cr-oo-a008kb-01-001
avi-audemars-piguet-code-11-59-15210or-oo-a002kb-01-black-dial,mismatch,name;reference,"Audemars Piguet Code 11.59 15210OR, 18K Rose Gold, Lacquered Black Dial, 41 mm",Audemars Piguet Code 11.59,Audemars Piguet,NULL,NULL,15210OR.OO.A002KB.01,24900,24900.0,3,3,/api/uploads/aviandco/products/ap-code-11-59-15210or-oo-a002kb-01-ec92f963ab2d2f7f.jpg,https://www.aviandco.com/audemars-piguet-code-11-59-15210or-oo-a002kb-01-black-dial-g015210or-oo-a002kb-01-001
avi-audemars-piguet-code-11-59-15210or-oo-a002kb-02-purple-dia,mismatch,name;price;reference,"Audemars Piguet Code 11.59 15210OR, 18K Rose Gold, Smoked Lacquered Purple Dial, 41 mm",Audemars Piguet Code 11.59,Audemars Piguet,NULL,NULL,15210OR.OO.A002KB.02,0,27900.0,3,3,/api/uploads/aviandco/products/ap-code-11-59-15210or-oo-a002kb-02-b29db4d0017e18db.jpg,https://www.aviandco.com/audemars-piguet-code-11-59-15210or-oo-a002kb-02-purple-dial-g015210or-oo-a002kb-02-001
avi-audemars-piguet-code-11-59-15210or-oo-a002kb-03-blue-dial-,mismatch,name;reference,"Audemars Piguet Code 11.59 15210OR, 18K Rose Gold, Smoke Lacquered Blue Dial, 41 mm",Audemars Piguet Code 11.59,Audemars Piguet,NULL,NULL,15210OR.OO.A002KB.03,27900,27900.0,3,3,/api/uploads/aviandco/products/ap-code-11-59-15210or-oo-a002kb-03-1-265a9ee3a4d54f81.jpg,https://www.aviandco.com/audemars-piguet-code-11-59-15210or-oo-a002kb-03-blue-dial-15210or-002
avi-audemars-piguet-code-11-59-15210or-oo-a099cr-01-white-dial,mismatch,name;reference,"Audemars Piguet Code 11.59 15210OR, 18K Rose Gold, White Dial, 41 mm",Audemars Piguet Code 11.59,Audemars Piguet,NULL,NULL,15210OR.OO.A099CR.01,26900,26900.0,3,3,/api/uploads/aviandco/products/15210or-oo-a099cr-01-001-1-d36056538036b572.jpg,https://www.aviandco.com/audemars-piguet-code-11-59-15210or-oo-a099cr-01-white-dial-g015210or-oo-a099cr-01-001
avi-audemars-piguet-code-11-59-15210qt-oo-a064kb-01-beige-dial,mismatch,name;reference,"Audemars Piguet Code 11.59 15210QT, Steel, Smoked Beige Index Dial, 41 mm",Audemars Piguet Code 11.59,Audemars Piguet,NULL,NULL,15210QT.OO.A064KB.01,30900,30900.0,3,3,/api/uploads/aviandco/products/ap-code-11-59-15210qt-oo-a064kb-01-15746847dc51097a.jpg,https://www.aviandco.com/audemars-piguet-code-11-59-15210qt-oo-a064kb-01-beige-dial-g015210qt-oo-a064kb-01-001
avi-audemars-piguet-code-11-59-15210st-oo-a056kb-01-green-dial,mismatch,name;reference,"Audemars Piguet Code 11.59 15210ST, Steel, Green Index Dial, 41 mm",Audemars Piguet Code 11.59,Audemars Piguet,NULL,NULL,15210ST.OO.A056KB.01,23900,23900.0,3,3,/api/uploads/aviandco/products/ap-code-11-59-15210st-oo-a056kb-01-498e4e8e61817bb8.jpg,https://www.aviandco.com/audemars-piguet-code-11-59-15210st-oo-a056kb-01-green-dial-g015210st-oo-a056kb-01-001
avi-audemars-piguet-code-11-59-15210st-oo-a348kb-01-blue-dial-,mismatch,name;reference,"Audemars Piguet Code 11.59 15210ST, Steel, Bleu Nuit, Nuage 50 Dial, 41 mm",Audemars Piguet Code 11.59,Audemars Piguet,NULL,NULL,15210ST.OO.A348KB.01,24900,24900.0,3,3,/api/uploads/aviandco/products/ap-code-11-59-15210st-oo-a348kb-01-9073f55f75c2d4dc.jpg,https://www.aviandco.com/audemars-piguet-code-11-59-15210st-oo-a348kb-01-blue-dial-g015210st-oo-a348kb-01-001
avi-audemars-piguet-code-11-59-15212nb-oo-a002kb-01-blue-avent,mismatch,name;price;reference,"Audemars Piguet Code 11.59 15212NB, Starwheel, Black Ceramic & 18K White Gold, Blue Aventurine Dial, 41 mm",Audemars Piguet Code 11.59,Audemars Piguet,NULL,NULL,15212NB.OO.A002KB.01-AB,0,68900.0,4,3,/api/uploads/aviandco/products/audemars-piguet-code-11-59-15212nb-001-1-984cdf30d59a795b.jpg,https://www.aviandco.com/audemars-piguet-code-11-59-15212nb-oo-a002kb-01-blue-aventurine-dial-15212nb-002
avi-audemars-piguet-code-11-59-26393bc-oo-a002kb-01-blue-dial-,mismatch,name;reference,"Audemars Piguet Code 11.59 26393BC, Chronograph, 18K White Gold, Blue Index Dial, 41 mm",Audemars Piguet Code 11.59,Audemars Piguet,NULL,NULL,26393BC.OO.A002KB.01,31900,31900.0,3,3,/api/uploads/aviandco/products/ap-code-11-59-26393bc-oo-a002kb-01-15aae70a0a819cec.jpg,https://www.aviandco.com/audemars-piguet-code-11-59-26393bc-oo-a002kb-01-blue-dial-g026393bc-oo-a002kb-01-001
avi-audemars-piguet-code-11-59-26393bc-oo-a002kb-02-black-dial,mismatch,name,"Audemars Piguet Code 11.59 26393BC, Chronograph, 18K White Gold, Black Index Dial, 41 mm",There has been an error processing your request,Audemars Piguet,NULL,NULL,,30900,0,3,0,/api/uploads/aviandco/products/ap-code-11-59-26393nb-oo-a002kb-01-1-bdf747f3ed54f647.jpg,https://www.aviandco.com/audemars-piguet-code-11-59-26393bc-oo-a002kb-02-black-dial-g026393bc-oo-a002kb-02-001
avi-audemars-piguet-code-11-59-26393cr-oo-a002kb-01-grey-dial-,mismatch,name;reference,"Audemars Piguet Code 11.59 26393CR, Chronograph, 18K White Gold, Grey Index Dial, 41 mm",Audemars Piguet Code 11.59,Audemars Piguet,NULL,NULL,26393CR.OO.A002KB.01,31900,31900.0,3,3,/api/uploads/aviandco/products/ap-code-11-59-26393cr-oo-a002kb-01-f8b0ac85dbb2ee7b.jpg,https://www.aviandco.com/audemars-piguet-code-11-59-26393cr-oo-a002kb-01-grey-dial-g026393cr-oo-a002kb-01-001
avi-audemars-piguet-code-11-59-26393cr-oo-a008kb-01-grey-dial-,mismatch,name;reference,"Audemars Piguet Code 11.59 26393CR, Chronograph, 18K White Gold, Grey Index Dial, 41 mm",Audemars Piguet Code 11.59,Audemars Piguet,NULL,NULL,26393CR.OO.A008KB.01,28900,28900.0,3,3,/api/uploads/aviandco/products/ap-code-11-59-26393cr-oo-a008kb-01-45be6ab4c4c2af46.jpg,https://www.aviandco.com/audemars-piguet-code-11-59-26393cr-oo-a008kb-01-grey-dial-g026393cr-oo-a008kb-01-001
avi-audemars-piguet-code-11-59-26393nb-oo-a002kb-01-grey-dial-,mismatch,name;reference,"Audemars Piguet Code 11.59 26393NB, Chronograph, Black Ceramic, Grey Index Dial, 41 mm",Audemars Piguet Code 11.59,Audemars Piguet,NULL,NULL,26393NB.OO.A002KB.01,30999,30999.0,3,3,/api/uploads/aviandco/products/ap-code-11-59-26393nb-oo-a002kb-01-358b4353eb219c02.jpg,https://www.aviandco.com/audemars-piguet-code-11-59-26393nb-oo-a002kb-01-grey-dial-g026393nb-oo-a002kb-01-001
avi-audemars-piguet-code-11-59-26393nr-oo-a002kb-01-grey-dial-,mismatch,name;reference,"Audemars Piguet Code 11.59 26393NR, Ceramic & 18K Rose Gold, Grey Dial, 41 mm",Audemars Piguet Code 11.59,Audemars Piguet,NULL,NULL,26393NR.OO.A002KB.01,41900,41900.0,3,3,/api/uploads/aviandco/products/ap-code-11-59-26393nr-black-1-94ee91ea1ca9c2c6.jpg,https://www.aviandco.com/audemars-piguet-code-11-59-26393nr-oo-a002kb-01-grey-dial-26393nr-002
avi-audemars-piguet-code-11-59-26393or-oo-a002kb-01-black-dial,mismatch,name;reference,"Audemars Piguet Code 11.59 26393OR, Chronograph, 18K Rose Gold, Black Index Dial, 41 mm",Audemars Piguet Code 11.59,Audemars Piguet,NULL,NULL,26393OR.OO.A002KB.01,36900,36900.0,3,3,/api/uploads/aviandco/products/ap-code-11-59-26393or-oo-a002kb-01-d0de51411d711ebf.jpg,https://www.aviandco.com/audemars-piguet-code-11-59-26393or-oo-a002kb-01-black-dial-g026393or-oo-a002kb-01-001
avi-audemars-piguet-code-11-59-26393or-oo-a002kb-02-purple-dia,mismatch,name;reference,"Audemars Piguet Code 11.59 26393OR, Chronograph, 18K Rose Gold, Purple Index Dial, 41 mm",Audemars Piguet Code 11.59,Audemars Piguet,NULL,NULL,26393OR.OO.A002KB.02,37900,37900.0,3,3,/api/uploads/aviandco/products/ap-code-11-59-26393or-oo-a002kb-02-f617e27cb4b2a9d4.jpg,https://www.aviandco.com/audemars-piguet-code-11-59-26393or-oo-a002kb-02-purple-dial-g026393or-oo-a002kb-02-001
avi-audemars-piguet-code-11-59-26393or-oo-a002kb-03-blue-dial-,mismatch,name;reference,"Audemars Piguet Code 11.59 26393OR, Chronograph, 18K Rose Gold, Blue Index Dial, 41 mm",Audemars Piguet Code 11.59,Audemars Piguet,NULL,NULL,26393OR.OO.A002KB.03,33900,33900.0,3,3,/api/uploads/aviandco/products/ap-code-11-59-26393or-oo-a002kb-03-28b2bffcf66bdf0f.jpg,https://www.aviandco.com/audemars-piguet-code-11-59-26393or-oo-a002kb-03-blue-dial-g026393or-oo-a002kb-03-001
avi-audemars-piguet-code-11-59-26393or-oo-a027kb-01-blue-dial-,mismatch,name;reference,"Audemars Piguet Code 11.59 26393OR, Chronograph, 18K Rose Gold, Blue Index Dial, 41 mm",Audemars Piguet Code 11.59,Audemars Piguet,NULL,NULL,26393OR.OO.A027KB.01,35900,35900.0,3,3,/api/uploads/aviandco/products/ap-code-11-59-26393or-oo-a027kb-01-d1da701884d03459.png,https://www.aviandco.com/audemars-piguet-code-11-59-26393or-oo-a027kb-01-blue-dial-g026393or-oo-a027kb-01-002
avi-audemars-piguet-code-11-59-26393qt-oo-a064kb-01-beige-dial,mismatch,name;reference,"Audemars Piguet Code 11.59 26393QT, Chronograph, Steel, Beige Index Dial, 41 mm",Audemars Piguet Code 11.59,Audemars Piguet,NULL,NULL,26393QT.OO.A064KB.01,32900,32900.0,3,3,/api/uploads/aviandco/products/ap-code-11-59-26393qt-oo-a064kb-01-43e79514a99df9a7.jpg,https://www.aviandco.com/audemars-piguet-code-11-59-26393qt-oo-a064kb-01-beige-dial-g026393qt-oo-a064kb-01-001
avi-audemars-piguet-code-11-59-26393st-oo-a056kb-01-green-dial,mismatch,name;reference,"Audemars Piguet Code 11.59 26393ST, Chronograph, Steel, Green Index Dial, 41 mm",Audemars Piguet Code 11.59,Audemars Piguet,NULL,NULL,26393ST.OO.A056KB.01,30900,30900.0,3,3,/api/uploads/aviandco/products/ap-code-11-59-26393st-oo-a056kb-01-1-af7346679b02b950.jpg,https://www.aviandco.com/audemars-piguet-code-11-59-26393st-oo-a056kb-01-green-dial-g026393st-oo-a056kb-01-001
avi-audemars-piguet-code-11-59-26393st-oo-a348kb-01-blue-dial-,mismatch,name;reference,"Audemars Piguet Code 11.59 26393ST, Chronograph, Steel, Blue Index Dial, 41 mm",Audemars Piguet Code 11.59,Audemars Piguet,NULL,NULL,26393ST.OO.A348KB.01,30900,30900.0,3,3,/api/uploads/aviandco/products/ap-code-11-59-26393st-oo-a348kb-01-e380ea39cb2d3de3.jpg,https://www.aviandco.com/audemars-piguet-code-11-59-26393st-oo-a348kb-01-blue-dial-g026393st-oo-a348kb-01-001
avi-audemars-piguet-code-11-59-26396bc-oo-d321cr-01-blue-dial-,mismatch,name,"Audemars Piguet Code 11.59 26396BC, Flying Tourbillon, 18K White Gold, Smoked Blue Dial, 41 mm",This site can’t be reached,Audemars Piguet,NULL,NULL,,0,0,3,0,/api/uploads/aviandco/products/26396bc-002-1-37c0d3e3e9c9f849.jpg,https://www.aviandco.com/audemars-piguet-code-11-59-26396bc-oo-d321cr-01-blue-dial-26396bc-002
avi-audemars-piguet-code-11-59-26396nr-oo-d002kb-01-green-dial,mismatch,name;price;reference,"Audemars Piguet Code 11.59 26396NR, Flying Tourbillon, 18K Rose Gold, Smoked Green Aventurine Dial, 41 mm",Audemars Piguet Code 11.59,Audemars Piguet,NULL,NULL,26396NR.OO.D002KB.01,0,125900.0,3,3,/api/uploads/aviandco/products/audemars-piguet-code-11-59-26396nr-001-1-fc92a27aafa6e3a6.jpg,https://www.aviandco.com/audemars-piguet-code-11-59-26396nr-oo-d002kb-01-green-dial-26396nr-001
avi-audemars-piguet-code-11-59-26441or-green-dial-g026441or-00,mismatch,name;price;reference,"Audemars Piguet Code 11.59 26441OR, Rose Gold, Green Dial, 38 mm",Audemars Piguet Code 11.59,Audemars Piguet,NULL,NULL,26441OR,0,110900.0,3,3,/api/uploads/aviandco/products/audemars-piguet-code-11-59-g026441or-001-1-0d32d6e556bb006f.jpg,https://www.aviandco.com/audemars-piguet-code-11-59-26441or-green-dial-g026441or-001
avi-audemars-piguet-code-11-59-26600or-oo-d002cr-01-openworked,mismatch,name;price;reference,"Audemars Piguet Code 11.59 26600OR, 18K Rose Gold, Tourbillon Openworked Dial, 41 mm",Audemars Piguet Code 11.59,Audemars Piguet,NULL,NULL,26600OR.OO.D002CR.01,0,137800.0,3,3,/api/uploads/aviandco/products/26600or-001-1-8355dba890b386f6.jpg,https://www.aviandco.com/audemars-piguet-code-11-59-26600or-oo-d002cr-01-openworked-dial-26600or-001
avi-audemars-piguet-code-11-59-26665ba-oo-d412cr-01-green-dial,mismatch,name;price;reference,"Audemars Piguet Code 11.59 26665BA, 18K Yellow Gold, Green Malachite Dial, 38 mm",Audemars Piguet Code 11.59,Audemars Piguet,NULL,NULL,26665BA.OO.D412CR.01,0,175000.0,3,3,/api/uploads/aviandco/products/audemars-piguet-code-11-59-g026665ba-001-1-56a9c2afe2b5683f.jpg,https://www.aviandco.com/audemars-piguet-code-11-59-26665ba-oo-d412cr-01-green-dial-g026665ba-001
avi-audemars-piguet-code-11-59-26665bc-oo-d632cr-01-ruby-dial-,mismatch,name;price;reference,"Audemars Piguet Code 11.59 26665BC, 18K White Gold, Ruby Root Dial, 38 mm",Audemars Piguet Code 11.59,Audemars Piguet,NULL,NULL,26665BC.OO.D632CR.01,0,175000.0,3,3,/api/uploads/aviandco/products/audemars-piguet-code-11-59-g026665bc-001-1-bfd2378043913fd3.jpg,https://www.aviandco.com/audemars-piguet-code-11-59-26665bc-oo-d632cr-01-ruby-dial-g026665bc-001
avi-audemars-piguet-code-11-59-26665or-oo-d349cr-01-blue-dial-,mismatch,name;price;reference,"Audemars Piguet Code 11.59 26665OR, 18K Rose Gold, Blue Sodalite Dial, 38 mm",Audemars Piguet Code 11.59,Audemars Piguet,NULL,NULL,26665OR.OO.D349CR.01,0,175000.0,3,3,/api/uploads/aviandco/products/audemars-piguet-code-11-59-g026665or-001-1-32176fce73cde3af.jpg,https://www.aviandco.com/audemars-piguet-code-11-59-26665or-oo-d349cr-01-blue-dial-g026665or-001
avi-audemars-piguet-code-26423bc-zz-2100bc-01-white-diamond-g0,mismatch,name;price;reference,"Audemars Piguet Royal Oak Offshore 26423BC, Chronograph, 18K White Gold, WG-diamonds dial, 43 mm",Audemars Piguet Royal Oak Offshore,Audemars Piguet,NULL,NULL,26423BC.ZZ.2100BC.01,0,253900.0,3,3,/api/uploads/aviandco/products/26423bc-zz-2100bc-01-001-37afddf9f35eac5e.jpg,https://www.aviandco.com/audemars-piguet-code-26423bc-zz-2100bc-01-white-diamond-g026423bc-zz-2100bc-01-001
avi-audemars-piguet-concept-26221ft-oo-d002ca-01-skeleton-dial,mismatch,name;price;reference,"Audemars Piguet Royal Oak Concept 26221FT, Schumacher Laptimer, Carbon, Skeleton Dial, 44 mm",Audemars Piguet Royal Oak Concept,Audemars Piguet,NULL,NULL,26221FT.OO.D002CA.01,0,149900.0,3,3,/api/uploads/aviandco/products/audemars-piguet-concept-26221ft-001-1-3e58df257c4780d9.jpg,https://www.aviandco.com/audemars-piguet-concept-26221ft-oo-d002ca-01-skeleton-dial-26221ft-001
avi-audemars-piguet-concept-26227bc-yy-d326cr-01-a-openworked-,mismatch,name;price;reference,"Audemars Piguet Royal Oak Concept 26227BC, Tourbillon, Multicoloured Diamond, 18K White Gold, Skeleton Dial, 39 mm",Audemars Piguet Royal Oak Concept,Audemars Piguet,NULL,NULL,26227BC.YY.D326CR.01-A,0,509998.98,3,3,/api/uploads/aviandco/products/ap-concept-26227bc-yy-d326cr-01-a-78c9d1bde3987dfe.jpg,https://www.aviandco.com/audemars-piguet-concept-26227bc-yy-d326cr-01-a-openworked-dial-g026227bc-yy-d326cr-01-a-001
avi-audemars-piguet-concept-26227bc-zz-d011cr-01-openworked-di,mismatch,name;price;reference,"Audemars Piguet Royal Oak Concept 26227BC, Flying Tourbillon, Diamond Bezel, 18K White Gold, Skeleton Dial, 39 mm",Audemars Piguet Royal Oak Concept,Audemars Piguet,NULL,NULL,26227BC.ZZ.D011CR.01,0,500000.0,3,3,/api/uploads/aviandco/products/ap-concept-26227bc-zz-d011cr-01-aaaa0642e915e40d.jpg,https://www.aviandco.com/audemars-piguet-concept-26227bc-zz-d011cr-01-openworked-dial-g026227bc-zz-d011cr-01-001
avi-audemars-piguet-concept-26228bc-ss-d314cr-01-openworked-di,mismatch,name,"Audemars Piguet Royal Oak Concept 26228BC, Tourbillon, Baguette Blue Sapphire, 18K White Gold, Skeleton Dial, 39 mm",This site can’t be reached,Audemars Piguet,NULL,NULL,,0,0,3,0,/api/uploads/aviandco/products/ap-concept-26228bc-ss-d314cr-01-246f5b4fd21d8cf6.jpg,https://www.aviandco.com/audemars-piguet-concept-26228bc-ss-d314cr-01-openworked-dial-g026228bc-ss-d314cr-01-001
avi-audemars-piguet-concept-26228bc-zz-d011cr-01-openworked-di,mismatch,name,"Audemars Piguet Royal Oak Concept 26228BC, Tourbillon, Diamond Baguette, 18K White Gold, Skeleton Dial, 39 mm",This site can’t be reached,Audemars Piguet,NULL,NULL,,0,0,3,0,/api/uploads/aviandco/products/ap-concept-26228bc-zz-d011cr-01-b2bf0fae176e46ef.jpg,https://www.aviandco.com/audemars-piguet-concept-26228bc-zz-d011cr-01-openworked-dial-g026228bc-zz-d011cr-01-001
avi-audemars-piguet-concept-26560io-oo-d002ca-01-a-black-openw,mismatch,name,"Audemars Piguet Concept 26589IO, Flying Tourbillon, Titanium, Black Openworked Dial, 44 mm",This site can’t be reached,Audemars Piguet,NULL,NULL,,127600,0,3,0,/api/uploads/aviandco/products/audemars-piguet-concept-apcp07022-1-1-16e81a89876ebfc7.jpg,https://www.aviandco.com/audemars-piguet-concept-26560io-oo-d002ca-01-a-black-openworked-dial-26560io-001
avi-audemars-piguet-concept-26560io-oo-d002ca-01-black-dial-ap,mismatch,name,"Audemars Piguet Royal Oak Concept 26589IO, Flying Tourbillon, Skeleton Dial, 44 mm",This site can’t be reached,Audemars Piguet,NULL,NULL,,122500,0,3,0,/api/uploads/aviandco/products/audemars-piguet-concept-apcp07022-1-4f23c5f9d5d93a42.jpg,https://www.aviandco.com/audemars-piguet-concept-26560io-oo-d002ca-01-black-dial-apcp07022
avi-audemars-piguet-concept-26589io-oo-d030ca-01-skeleton-dial,mismatch,name;reference,"Audemars Piguet Concept 26589IO, Flying Tourbillon GMT, Titanium, Skeleton Dial, 44 mm",Audemars Piguet Concept,Audemars Piguet,NULL,NULL,26589IO.OO.D030CA.01,132700,132700.0,12,3,/api/uploads/aviandco/products/26589io-3-1-1-1-31b1a93959b68d0a.jpg,https://www.aviandco.com/audemars-piguet-concept-26589io-oo-d030ca-01-skeleton-dial-26589io-004
avi-audemars-piguet-concept-26589io-oo-d056ca-01-green-dial-g0,mismatch,name;reference,"Audemars Piguet Royal Oak Concept 26589IO, Flying Tourbillon GMT, Titanium, Green Dial, 44 mm",Audemars Piguet Royal Oak Concept,Audemars Piguet,NULL,NULL,26589IO.OO.D056CA.01,189900,189900.0,3,3,/api/uploads/aviandco/products/ap-concept-26589io-oo-d056ca-01-d57386526a327426.png,https://www.aviandco.com/audemars-piguet-concept-26589io-oo-d056ca-01-green-dial-g026589io-oo-d056ca-01-001
avi-audemars-piguet-concept-26650ti-oo-do13ca-01-skeleton-dial,mismatch,name;reference,"Audemars Piguet Royal Oak Concept 26650TI, Chronograph, GMT, Skeleton Dial, 43 mm",Audemars Piguet Royal Oak Concept,Audemars Piguet,NULL,NULL,26650TI.OO.DO13CA.01,179900,179900.0,11,3,/api/uploads/aviandco/products/26650ti-oo-do13ca-01-001-1-a93fd2437cc58bc6.jpg,https://www.aviandco.com/audemars-piguet-concept-26650ti-oo-do13ca-01-skeleton-dial-26650ti-oo-do13ca-01-001
avi-audemars-piguet-jules-26000pt-oo-d28cr-01-blue-sunburst-di,mismatch,name;reference,"Audemars Piguet Jules 26000PT, ""30th Anniversary"", Limited to 90 pcs, Platinum, Blue Sunburst Dial, 41 mm",Audemars Piguet Jules,Audemars Piguet,NULL,NULL,26000PT.OO.D028CR.01,56200,56200.0,3,3,/api/uploads/aviandco/products/audemars-piguet-jules-26000pt-001-1-d74d004fb5ed1937.jpg,https://www.aviandco.com/audemars-piguet-jules-26000pt-oo-d28cr-01-blue-sunburst-dial-26000pt-001
avi-audemars-piguet-jules-77250or-oo-1270or-01-silver-dial-772,mismatch,name;price;reference,"Audemars Piguet Jules 77250OR, 18K Rose Gold, Silver Dial, 33 mm",Audemars Piguet Jules,Audemars Piguet,NULL,NULL,77250OR.OO.1270OR.01,0,18099.0,3,3,/api/uploads/aviandco/products/ap-jules-audemars-772500r-silver-1-4fb7b1f0a2b0c085.jpg,https://www.aviandco.com/audemars-piguet-jules-77250or-oo-1270or-01-silver-dial-77250or-oo-1270or-01-001
avi-audemars-piguet-millenary-77266or-gg-a823cr-01-brown-dial-,mismatch,name;reference,"Audemars Piguet Millenary 77266OR, 18K Rose Gold, Brown Dial, 40 mm",Audemars Piguet Millenary,Audemars Piguet,NULL,NULL,77266OR.GG.A823CR-01,22500,22500.0,3,3,/api/uploads/aviandco/products/audemars-piguet-millenary-77266or-001-1-ba4606ddbfef90c5.jpg,https://www.aviandco.com/audemars-piguet-millenary-77266or-gg-a823cr-01-brown-dial-77266or-001
avi-audemars-piguet-millenary-maserati-dual-time-26150pt-oo-d0,mismatch,name;price;reference,"Audemars Piguet Millenary 26150PT, Platinum, ""Maserati"", Silver Dial, 47 mm",Audemars Piguet Millenary,Audemars Piguet,NULL,NULL,26150PT.OO.D028CR.01,0,44900.0,3,3,/api/uploads/aviandco/products/audemars-piguet-millinary-maserati-26150pt-001-1-3b6381c7eb9a5fb0.jpg,https://www.aviandco.com/audemars-piguet-millenary-maserati-dual-time-26150pt-oo-d028cr-01-silver-dial-26150pt-001
avi-audemars-piguet-offshore-15710st-oo-a002ca-02-silver-dial-,mismatch,name;reference,"Audemars Piguet Royal Oak Offshore 15710ST, Diver, Steel, Silver Index Dial, 42 mm",Audemars Piguet Royal Oak Offshore,Audemars Piguet,NULL,NULL,15710ST.OO.A002CA.02,22900,22900.0,3,3,/api/uploads/aviandco/products/15710st-oo-a002ca-02-001-1-f38a0e151f89378c.jpg,https://www.aviandco.com/audemars-piguet-offshore-15710st-oo-a002ca-02-silver-dial-15710st-oo-a002ca-02-001
avi-audemars-piguet-offshore-15710st-oo-a010ca-01-white-dial-1,mismatch,name;reference,"Audemars Piguet Royal Oak Offshore 15710ST, ""Diver"", Steel, White Dial, 42 mm",Audemars Piguet Royal Oak Offshore,Audemars Piguet,NULL,NULL,15710ST.OO.A010CA.01,22900,22900.0,3,3,/api/uploads/aviandco/products/audemars-piguet-royal-oak-offshore-15710st-002-1-9f1dc534eb7b5ac6.jpg,https://www.aviandco.com/audemars-piguet-offshore-15710st-oo-a010ca-01-white-dial-15710st-002
avi-audemars-piguet-offshore-15710st-oo-a027ca-01-blue-dial-g0,mismatch,name;reference,"Audemars Piguet Royal Oak Offshore 15710ST, Diver, Stainless Steel, Blue Dial, 42 mm",Audemars Piguet Royal Oak Offshore,Audemars Piguet,NULL,NULL,15710ST.OO.A027CA.01,23900,23900.0,3,3,/api/uploads/aviandco/products/ap-offshore-15710st-blue-dial-1-aaa40acdafb4d398.jpg,https://www.aviandco.com/audemars-piguet-offshore-15710st-oo-a027ca-01-blue-dial-g015710st
avi-audemars-piguet-offshore-15720cn-oo-a002ca-01-black-dial-1,mismatch,name;price;reference,"Audemars Piguet Royal Oak Offshore 15720CN, 18K White Gold, Limited Edition Diver, Black Dial, 42 mm",Audemars Piguet Royal Oak Offshore,Audemars Piguet,NULL,NULL,15720CN.OO.A002CA.01,61300,56200.0,3,3,/api/uploads/aviandco/products/audemars-piguet-offshore-15720cn-001-1-2c8b9f8dab0970e9.jpg,https://www.aviandco.com/audemars-piguet-offshore-15720cn-oo-a002ca-01-black-dial-15720cn-001
avi-audemars-piguet-offshore-15720st-oo-a009ca-01-grey-dial-15,mismatch,name;reference,"Audemars Piguet Royal Oak Offshore 15720ST, ""Diver"", Stainless Steel, Grey Mega Tapisserie Dial, 42 mm",Audemars Piguet Royal Oak Offshore,Audemars Piguet,NULL,NULL,15720ST.OO.A009CA.01,27600,27600.0,3,3,/api/uploads/aviandco/products/audemars-piguet-royal-oak-offshore-15720st-003-1-ea589d2c46b6f414.jpg,https://www.aviandco.com/audemars-piguet-offshore-15720st-oo-a009ca-01-grey-dial-15720st-003
avi-audemars-piguet-offshore-25770st-oo-d001in-02-blue-petite-,mismatch,name;price;reference,"Audemars Piguet Royal Oak Offshore 25770ST, ""Beast"", Stainless Steel, Blue Petite Tapisserie Dial, 42 mm",Audemars Piguet Royal Oak Offshore,Audemars Piguet,NULL,NULL,25770ST.OO.D001IN.02,0,16400.0,3,3,/api/uploads/aviandco/products/audemars-piguet-royal-oak-offshore-25770st-001-1-a8cfc750d5e822e7.jpg,https://www.aviandco.com/audemars-piguet-offshore-25770st-oo-d001in-02-blue-petite-tapisserie-dial-25770st-001
avi-audemars-piguet-offshore-25940ok-oo-d002ca-01-a-grey-dial-,mismatch,name;price;reference,"Audemars Piguet Royal Oak Offshore 25940OK, Chronograph, 18K Rose Gold, Grey Dial, 42 mm",Audemars Piguet Royal Oak Offshore,Audemars Piguet,NULL,NULL,25940OK.OO.D002CA.01.A,0,28600.0,3,3,/api/uploads/aviandco/products/apoo07278-1-37-1-a8ee2206a4ce4340.jpg,https://www.aviandco.com/audemars-piguet-offshore-25940ok-oo-d002ca-01-a-grey-dial-25940ok-002
avi-audemars-piguet-offshore-25940sk-oo-d002ca-01-black-dial-2,mismatch,name;reference,"Audemars Piguet Royal Oak Offshore 25940SK, Stainless Steel, Black Grande Tapisserie Dial, 42 mm",Audemars Piguet Royal Oak Offshore,Audemars Piguet,NULL,NULL,25940SK.OO.D002CA.01,16900,16900.0,3,3,/api/uploads/aviandco/products/apoo07069--1-94-1-1-1-f5e57e0eb8d710a6.jpg,https://www.aviandco.com/audemars-piguet-offshore-25940sk-oo-d002ca-01-black-dial-25940sk-005
avi-audemars-piguet-offshore-25995ip-oo-1000ti-01-back-dial-25,mismatch,name;price;reference,"Audemars Piguet Royal Oak Offshore 25995IP, Titanium, Black Dial, 42 mm",Audemars Piguet Royal Oak Offshore,Audemars Piguet,NULL,NULL,25995IP.OO.1000TI.01,0,28100.0,3,3,/api/uploads/aviandco/products/audemars-piguet-royal-oak-offshore-25995ip-001-1-c9ca41c2dc171b52.jpg,https://www.aviandco.com/audemars-piguet-offshore-25995ip-oo-1000ti-01-back-dial-25995ip-001
avi-audemars-piguet-offshore-26030io-oo-d001in-01-silver-dial-,mismatch,name;reference,"Audemars Piguet Royal Oak Offshore 26030IO, ""Juan Pablo Montoya"", Leather, Silver Dial, 45 mm",Audemars Piguet Royal Oak Offshore,Audemars Piguet,NULL,NULL,26030IO.OO.D001IN.01,26600,26600.0,3,3,/api/uploads/aviandco/products/audemars-piguet-offshore-apoo07023-1-1-be795b9cb5e10d1b.jpg,https://www.aviandco.com/audemars-piguet-offshore-26030io-oo-d001in-01-silver-dial-apoo07023
avi-audemars-piguet-offshore-26040st-oo-d002ca-01-black-dial-2,mismatch,name;price;reference,"Audemars Piguet Royal Oak Offshore 26040ST, Stainless Steel, Black Dial, 44 mm",Audemars Piguet Royal Oak Offshore,Audemars Piguet,NULL,NULL,26040ST.OO.D002CA.01,0,28100.0,3,3,/api/uploads/aviandco/products/audemars-piguet-royak-royal-oak-offshore-26040st-001-1-7cf9c1b0d66c63a8.jpg,https://www.aviandco.com/audemars-piguet-offshore-26040st-oo-d002ca-01-black-dial-26040st-001
avi-audemars-piguet-offshore-26048sk-zz-d066ca-01-purple-dial-,mismatch,name;price;reference,"Audemars Piguet Royal Oak Offshore 26048SK, Chronograph, Steel, Purple Dial, 37 mm",Audemars Piguet Royal Oak Offshore,Audemars Piguet,NULL,NULL,26048SK.ZZ.D066CA.01,0,31900.0,12,3,/api/uploads/aviandco/products/ap-offshore-26048sk-plum-1-1-428a90dabc073927.jpg,https://www.aviandco.com/audemars-piguet-offshore-26048sk-zz-d066ca-01-purple-dial-26048sk-001
avi-audemars-piguet-offshore-26048sk-zz-d066ca-01-white-dial-2,mismatch,name;price;reference,"Audemars Piguet Royal Oak Offshore 26048SK, Chronograph, Steel, White Dial, 37 mm",Audemars Piguet Royal Oak Offshore,Audemars Piguet,NULL,NULL,26048SK.ZZ.D066CA.01,0,33900.0,3,3,/api/uploads/aviandco/products/audemars-piguet-offshore-26048sk-002-1-1-7567388da40dcce8.jpg,https://www.aviandco.com/audemars-piguet-offshore-26048sk-zz-d066ca-01-white-dial-26048sk-002
avi-audemars-piguet-offshore-26170st-oo-d101cr-01-black-dial-2,mismatch,name;reference,"Audemars Piguet Royal Oak Offshore 26170ST, Chronograph, Black Arabic Dial, 42 mm",Audemars Piguet Royal Oak Offshore,Audemars Piguet,NULL,NULL,26170ST.OO.D101CR.01,23900,23900.0,3,3,/api/uploads/aviandco/products/ap-offshore-26170st-black-dial-1-ab2ded1adfe9a3b4.jpg,https://www.aviandco.com/audemars-piguet-offshore-26170st-oo-d101cr-01-black-dial-26170st-oo-d101cr-01-001
avi-audemars-piguet-offshore-26231st-zz-a178ca-01-salmon-dial-,mismatch,name;reference,"Audemars Piguet Royal Oak Offshore 26231ST, Chronograph, Steel, Diamond Bezel, Salmon Index Dial, 37 mm",Audemars Piguet Royal Oak Offshore,Audemars Piguet,NULL,NULL,26231ST.ZZ.A178CA.01,46900,46900.0,3,3,/api/uploads/aviandco/products/audemars-piguet-royal-oak-offshore-26231st-005-1-8ca58bc54c4f86f9.jpg,https://www.aviandco.com/audemars-piguet-offshore-26231st-zz-a178ca-01-salmon-dial-26231st-005
avi-audemars-piguet-offshore-26231st-zz-d069ca-01-pink-dial-26,mismatch,name;reference,"Audemars Piguet Royal Oak Offshore 26231ST, Stainless Steel, Diamond Bezel, Pink Index Dial, 37 mm",Audemars Piguet Royal Oak Offshore,Audemars Piguet,NULL,NULL,26231ST.ZZ.D069CA.01,44900,44900.0,3,3,/api/uploads/aviandco/products/26231st-002-1-1-b98b97cb28409021.jpg,https://www.aviandco.com/audemars-piguet-offshore-26231st-zz-d069ca-01-pink-dial-26231st-003
avi-audemars-piguet-offshore-26237st-oo-1000st-01-blue-dial-26,mismatch,name;reference,"Audemars Piguet Royal Oak Offshore 26237ST, Steel, Blue Dial, 42 mm",Audemars Piguet Royal Oak Offshore,Audemars Piguet,NULL,NULL,26237ST.OO.1000ST.01,35900,35900.0,3,3,/api/uploads/aviandco/products/audemars-piguet-royal-oak-offshore-26237st-001-1-6e8a09af5ebce54d.jpg,https://www.aviandco.com/audemars-piguet-offshore-26237st-oo-1000st-01-blue-dial-26237st-001
avi-audemars-piguet-offshore-26238ce-oo-1300ce-01-black-dial-2,mismatch,name;price;reference,"Audemars Piguet Royal Oak Offshore 26238CE, Black Ceramic, Black Dial, 42 mm",Audemars Piguet Royal Oak Offshore,Audemars Piguet,NULL,NULL,26238CE.OO.1300CE.01,88800,85700.0,3,3,/api/uploads/aviandco/products/audemars-piguet-offshore-26238ce-001-1-21a2ed1fe9d44224.jpg,https://www.aviandco.com/audemars-piguet-offshore-26238ce-oo-1300ce-01-black-dial-26238ce-001
avi-audemars-piguet-offshore-26238st-oo-2000st-01-blue-dial-g0,mismatch,name;reference,"Audemars Piguet Royal Oak Offshore 26238ST, Chronograph, Steel, Blue Index Dial, 42 mm",Audemars Piguet Royal Oak Offshore,Audemars Piguet,NULL,NULL,26238ST.OO.2000ST.01,43900,43900.0,3,3,/api/uploads/aviandco/products/ap-offshore-26238st-oo-2000st-17fc7ab6d8bdd901.png,https://www.aviandco.com/audemars-piguet-offshore-26238st-oo-2000st-01-blue-dial-g026238st-oo-2000st-01-001
avi-audemars-piguet-offshore-26238st-oo-a340ca-01-blue-dial-26,mismatch,name;price;reference,"Audemars Piguet Royal Oak Offshore 26238ST, Stainless Steel, Blue Dial, 42 mm",Audemars Piguet Royal Oak Offshore,Audemars Piguet,NULL,NULL,26238ST.OO.A340CA.01,47500,47000.0,12,3,/api/uploads/aviandco/products/audemars-piguet-royal-oak-offshore-26238st-001-1-76dd9a252c183ba8.jpg,https://www.aviandco.com/audemars-piguet-offshore-26238st-oo-a340ca-01-blue-dial-26238st-001
avi-audemars-piguet-offshore-26238ti-oo-2000ti-01-grey-dial-g0,mismatch,name;reference,"Audemars Piguet Royal Oak Offshore 26238TI, Titanium, Grey Index Dial, 42 mm",Audemars Piguet Royal Oak Offshore,Audemars Piguet,NULL,NULL,26238TI.OO.2000TI.01,39900,39900.0,3,3,/api/uploads/aviandco/products/ap-26238ti-oo-2000ti-01-9b4ce5d5e297cfaa.jpg,https://www.aviandco.com/audemars-piguet-offshore-26238ti-oo-2000ti-01-grey-dial-g026238ti-oo-2000ti-01-001
avi-audemars-piguet-offshore-26278ik-gg-d002ca-01-black-dial-2,mismatch,name;price;reference,"Audemars Piguet Royal Oak Offshore 26278IK, Titanium, Tour Auto Chronograph, Black Dial, 44 mm",Audemars Piguet Royal Oak Offshore,Audemars Piguet,NULL,NULL,26278IK.GG.D002CA.01,0,31500.0,8,3,/api/uploads/aviandco/products/apoo07020--1-200-1-d94e122d10729500.jpg,https://www.aviandco.com/audemars-piguet-offshore-26278ik-gg-d002ca-01-black-dial-26278ik-001
avi-audemars-piguet-offshore-26283st-oo-d010ca-01-white-dial-2,mismatch,name;reference,"Audemars Piguet Royal Oak Offshore 26283ST, Stainless Steel, White Dial, 37 mm",Audemars Piguet Royal Oak Offshore,Audemars Piguet,NULL,NULL,26283ST.OO.D010CA.01,24500,24500.0,3,3,/api/uploads/aviandco/products/audemars-piguet-royal-oak-offshore-26283st-001-1-db9db173e1759c9a.jpg,https://www.aviandco.com/audemars-piguet-offshore-26283st-oo-d010ca-01-white-dial-26283st-001
avi-audemars-piguet-offshore-26387io-oo-b002-ca-01-skeleton-di,mismatch,name;price;reference,"Audemars Piguet Royal Oak Offshore 26387IO, Tourbillon, Stainless Steel, Skeleton Dial, 44 mm",Audemars Piguet Royal Oak Offshore,Audemars Piguet,NULL,NULL,26387IO.OO.B002.CA.01,0,97000.0,3,3,/api/uploads/aviandco/products/ap-26396bc-5a75d17f3f9610b8.jpg,https://www.aviandco.com/audemars-piguet-offshore-26387io-oo-b002-ca-01-skeleton-dial-26387io-001
avi-audemars-piguet-offshore-26400au-oo-a002ca-01-black-dial-2,mismatch,name;reference,"Audemars Piguet Royal Oak Offshore 26400AU, Chronograph, Carbon, Black Index Dial, 44 mm",Audemars Piguet Royal Oak Offshore,Audemars Piguet,NULL,NULL,26400AU.OO.A002CA.01,23900,23900.0,3,3,/api/uploads/aviandco/products/ap-offshore-26400au-black-carbon-1-1-cd2005bcee6703ac.jpg,https://www.aviandco.com/audemars-piguet-offshore-26400au-oo-a002ca-01-black-dial-26400au-001
avi-audemars-piguet-offshore-26400so-oo-a002ca-01-silver-dial-,mismatch,name;reference,"Audemars Piguet Royal Oak Offshore 26400SO, Stainless Steel, Silver Dial, 44 mm",Audemars Piguet Royal Oak Offshore,Audemars Piguet,NULL,NULL,26400SO.OO.A002CA.01,25000,25000.0,3,3,/api/uploads/aviandco/products/aviandco-404-oswaldo-local.jpg,https://www.aviandco.com/audemars-piguet-offshore-26400so-oo-a002ca-01-silver-dial-g026400so-oo-a002ca-01-001
avi-audemars-piguet-offshore-26401ro-oo-a002ca-01-black-dial-g,mismatch,name;reference,"Audemars Piguet Royal Oak Offshore 26401RO, 18K Rose Gold, Black Dial, 44 mm",Audemars Piguet Royal Oak Offshore,Audemars Piguet,NULL,NULL,26401RO.OO.A002CA.01,35900,35900.0,4,3,/api/uploads/aviandco/products/apoo04242--1-255-1-1-0ceacecf10a54163.jpg,https://www.aviandco.com/audemars-piguet-offshore-26401ro-oo-a002ca-01-black-dial-g026401ro-003
avi-audemars-piguet-offshore-26401ro-oo-a002ca-02-black-dial-2,mismatch,name,"Audemars Piguet Royal Oak Offshore 26401RO, Chronograph, 18K Rose Gold, Black Index Dial, 44 mm",This site can’t be reached,Audemars Piguet,NULL,NULL,,37900,0,12,0,/api/uploads/aviandco/products/26401ro-oo-a002ca-02-002-1-1-b9223d6e17a285c6.jpg,https://www.aviandco.com/audemars-piguet-offshore-26401ro-oo-a002ca-02-black-dial-26401ro-002
avi-audemars-piguet-offshore-26401ro-oo-a087ca-01-brown-dial-2,mismatch,name;reference,"Audemars Piguet Royal Oak Offshore 26401RO, 18K Rose Gold, Brown Dial, 44 mm",Audemars Piguet Royal Oak Offshore,Audemars Piguet,NULL,NULL,26401RO.OO.A087CA.01,45900,45900.0,3,3,/api/uploads/aviandco/products/audemars-piguet-royal-oak-offshore-26401ro-004-1-4c2809f36f122f1e.jpg,https://www.aviandco.com/audemars-piguet-offshore-26401ro-oo-a087ca-01-brown-dial-26401ro-003
avi-audemars-piguet-offshore-26405ce-oo-a002ca-02-black-dial-2,mismatch,name;reference,"Audemars Piguet Royal Oak Offshore 26405CE, Chronograph, Ceramic Bezel, Black Dial, 44 mm",Audemars Piguet Royal Oak Offshore,Audemars Piguet,NULL,NULL,26405CE.OO.A002CA.02,31900,31900.0,3,3,/api/uploads/aviandco/products/audemars-piguet-offshore-26405ce-002-1-1-4f63c747a79bf202.jpg,https://www.aviandco.com/audemars-piguet-offshore-26405ce-oo-a002ca-02-black-dial-26405ce-003
avi-audemars-piguet-offshore-26408or-oo-a-010ca-01-white-dial-,mismatch,name;reference,"Audemars Piguet Royal Oak Offshore 26408OR, 18K Rose Gold, White Dial, 44 mm",Audemars Piguet Royal Oak Offshore,Audemars Piguet,NULL,NULL,26408OR.OO.A010CA.01,61900,61900.0,9,3,/api/uploads/aviandco/products/apoo07092--1-334-1-baa2f4b0c2d2c7d3.jpg,https://www.aviandco.com/audemars-piguet-offshore-26408or-oo-a-010ca-01-white-dial-26408or-001
avi-audemars-piguet-offshore-26420ce-oo-a127cr-01-black-dial-g,mismatch,name;reference,"Audemars Piguet Royal Oak Offshore 26420CE, Black Ceramic, Black Index Dial, 43 mm",Audemars Piguet Royal Oak Offshore,Audemars Piguet,NULL,NULL,26420CE.OO.A127CR.01,71900,71900.0,3,3,/api/uploads/aviandco/products/26420ce-oo-a127cr-01-f13eb5d905292530.png,https://www.aviandco.com/audemars-piguet-offshore-26420ce-oo-a127cr-01-black-dial-g026420ce-oo-a127cr-01-001
avi-audemars-piguet-offshore-26420ro-oo-a002ca-01-black-dial-2,mismatch,name,"Audemars Piguet Royal Oak Offshore 26420RO, 18K Rose Gold, Black Dial, 43 mm",This site can’t be reached,Audemars Piguet,NULL,NULL,,50000,0,3,0,/api/uploads/aviandco/products/audemars-piguet-offshore-26420ro-001-1-0cb5d6fab2995c7d.jpg,https://www.aviandco.com/audemars-piguet-offshore-26420ro-oo-a002ca-01-black-dial-26420ro-001
avi-audemars-piguet-offshore-26420so-oo-a600ca-01-smoked-taupe,mismatch,name;price;reference,"Audemars Piguet Royal Oak Offshore 26420SO, Stainless Steel & Ceramic, Smoked Taupe Mega Tapisserie Dial, 43 mm",Audemars Piguet Royal Oak Offshore,Audemars Piguet,NULL,NULL,26420SO.OO.A600CA.01,0,37800.0,3,3,/api/uploads/aviandco/products/ap-offshore-26420so-green-1-003eb2094433d1d9.jpg,https://www.aviandco.com/audemars-piguet-offshore-26420so-oo-a600ca-01-smoked-taupe-mega-tapisserie-dial-26420so-003
avi-audemars-piguet-offshore-26420ti-oo-a027ca-01-blue-dial-26,mismatch,name;price;reference,"Audemars Piguet Royal Oak Offshore 26420TI, Chronograph, Titanium, Blue Index Dial",Audemars Piguet Royal Oak Offshore,Audemars Piguet,NULL,NULL,26420TI.OO.A027CA.01,0,34900.0,11,3,/api/uploads/aviandco/products/ap-offshore-26420ti-blue-1-92e4d95cc4a24fed.jpg,https://www.aviandco.com/audemars-piguet-offshore-26420ti-oo-a027ca-01-blue-dial-26420ti-oo-a027ca-01-001
avi-audemars-piguet-offshore-26421or-oo-a002ca-01-openworked-d,mismatch,name;reference,"Audemars Piguet Royal Oak Offshore 26421OR, Tourbillon Chronograph, Limited Edition of 50 pcs, 18K Rose Gold, Openworked Dial, 45 mm",Audemars Piguet Royal Oak Offshore,Audemars Piguet,NULL,NULL,26421OR.OO.A002CA.01,290800,290800.0,12,3,/api/uploads/aviandco/products/26421or-ap-offshore-1-e27860bdd1f65bdf.jpg,https://www.aviandco.com/audemars-piguet-offshore-26421or-oo-a002ca-01-openworked-dial-26421or-001
avi-audemars-piguet-offshore-26421st-oo-a002ca-01-skeleton-dia,mismatch,name,"Audemars Piguet Royal Oak Offshore 26421ST, Tourbillon Chronograph, Skeleton Dial, 45 mm",There has been an error processing your request,Audemars Piguet,NULL,NULL,,0,0,3,0,/api/uploads/aviandco/products/audemars-piguet-royal-oak-offshore-concept-apoo07233-1-91f79534cdee0963.jpg,https://www.aviandco.com/audemars-piguet-offshore-26421st-oo-a002ca-01-skeleton-dial-apoo07233
avi-audemars-piguet-offshore-26423bc-zz-d002ca-01-white-dial-g,mismatch,name;price;reference,"Audemars Piguet Royal Oak Offshore 26423BC, Chronograph, 18K White Gold, WG-diamonds dial, 43 mm",Audemars Piguet Royal Oak Offshore,Audemars Piguet,NULL,NULL,26423BC.ZZ.D002CA.01,0,149999.0,3,3,/api/uploads/aviandco/products/26423bc-zz-d002ca-01-0ff9558c38732f9f.jpg,https://www.aviandco.com/audemars-piguet-offshore-26423bc-zz-d002ca-01-white-dial-g026423bc-zz-d002ca-01-001
avi-audemars-piguet-offshore-26470st-oo-a027ca-01-blue-arabic-,mismatch,name;price;reference,"Audemars Piguet Royal Oak Offshore 26470ST, Stainless Steel, Blue Mega Tapisserie Arabic Dial, 42 mm",Audemars Piguet Royal Oak Offshore,Audemars Piguet,NULL,NULL,26470ST.OO.A027CA.01,0,21500.0,10,3,/api/uploads/aviandco/products/apoo07116--1-1-e817ae124b48d5eb.jpg,https://www.aviandco.com/audemars-piguet-offshore-26470st-oo-a027ca-01-blue-arabic-dial-26470st-004
avi-audemars-piguet-offshore-26703st-oo-a070ca-01-yellow-dial-,mismatch,name,"Audemars Piguet Royal Oak Offshore 26703ST, Diver Chronograph, Stainless Steel, Yellow Dial, 42 mm",Audemars Piguet Royal Oak Offshore,Audemars Piguet,NULL,NULL,,29900,29900.0,3,3,/api/uploads/aviandco/products/audemars-piguet-royal-oak-offshore-116243-001-1-1f0cdb0130fa2a06.jpg,https://www.aviandco.com/audemars-piguet-offshore-26703st-oo-a070ca-01-yellow-dial-26703st-001
avi-audemars-piguet-offshore-diver-15707cb-oo-a010ca-01-white-,mismatch,name;reference,"Audemars Piguet Royal Oak Offshore 15707CB, ""Diver"", Ceramic, White Dial, 42 mm",Audemars Piguet Royal Oak Offshore,Audemars Piguet,NULL,NULL,15707CB.OO.A010CA.01,59900,59900.0,5,3,/api/uploads/aviandco/products/audemars-piguet-royal-oak-offshore-15707cb-001-1-2952db3412eae253.jpg,https://www.aviandco.com/audemars-piguet-offshore-diver-15707cb-oo-a010ca-01-white-dial-15707cb-001
avi-audemars-piguet-offshore-diver-15710st-oo-a002ca-01-black-,mismatch,name;reference,"Audemars Piguet Royal Oak Offshore 15710ST, ""Diver"", Steel, Black Dial, 42 mm",Audemars Piguet Royal Oak Offshore,Audemars Piguet,NULL,NULL,15710ST.OO.A002CA.01,22900,22900.0,3,3,/api/uploads/aviandco/products/15710st-001-1-8eebee57b45defbf.jpg,https://www.aviandco.com/audemars-piguet-offshore-diver-15710st-oo-a002ca-01-black-dial-15710st-001
avi-audemars-piguet-offshore-lady-26231or-zz-a085ca-01-blue-di,mismatch,name;reference,"Audemars Piguet Royal Oak Offshore 26231OR, 18K Rose Gold, Diamond Bezel, Blue Lady Tapisserie Dial, 37 mm",Audemars Piguet Royal Oak Offshore,Audemars Piguet,NULL,NULL,26231OR.ZZ.A085CA.01,83900,83900.0,3,3,/api/uploads/aviandco/products/ap-offshore-26231or-zz-a085ca-01-a019541e11f828e3.png,https://www.aviandco.com/audemars-piguet-offshore-lady-26231or-zz-a085ca-01-blue-dial-26231or-002
avi-audemars-piguet-roya-oak-25654ba-gold-dial-25654ba-001,mismatch,name;price;reference,"Audemars Piguet Royal Oak 25654BA, 18K Yellow Gold, Gold Dial, 39 mm",Audemars Piguet Royal Oak,Audemars Piguet,NULL,NULL,25654BA,0,101500.0,3,3,/api/uploads/aviandco/products/25654ba-001-1-1-ee211040eb0aa202.jpg,https://www.aviandco.com/audemars-piguet-roya-oak-25654ba-gold-dial-25654ba-001
avi-audemars-piguet-royal-oak-15054bc-zz-0789bc-01-pave-dial-1,mismatch,name;price;reference,"Audemars Piguet Royal Oak 15054BC, 18K White Gold, Diamond Pave Dial, 34 mm",Audemars Piguet Royal Oak,Audemars Piguet,NULL,NULL,15054BC.ZZ.0789BC.01,0,66400.0,3,3,/api/uploads/aviandco/products/15054bc-001-1-50550d06228ab8e8.jpg,https://www.aviandco.com/audemars-piguet-royal-oak-15054bc-zz-0789bc-01-pave-dial-15054bc-001
avi-audemars-piguet-royal-oak-15202ba-oo-1240ba-02-blue-dial-1,mismatch,name;reference,"Audemars Piguet Royal Oak 15202BA, ""Jumbo"" Extra Thin, 18K Yellow Gold, Blue Petite Tapisserie Dial, 39 mm",Audemars Piguet Royal Oak,Audemars Piguet,NULL,NULL,15202BA.OO.1240BA.01,134900,134900.0,3,3,/api/uploads/aviandco/products/audemars-piguet-royal-oak-15202ba-002-1-eb2e7fbcf7a929d6.jpg,https://www.aviandco.com/audemars-piguet-royal-oak-15202ba-oo-1240ba-02-blue-dial-15202ba-002
avi-audemars-piguet-royal-oak-15202ba-oo-1240ba-02-gold-dial-1,mismatch,name;reference,"Audemars Piguet Royal Oak 15202BA, 18K Yellow Gold, Gold Dial, 39 mm",Audemars Piguet Royal Oak,Audemars Piguet,NULL,NULL,15202BA.OO.1240BA.02,114900,114900.0,3,3,/api/uploads/aviandco/products/ap-royal-oak-15202ba-gold-1-1-13810e34892f147a.jpg,https://www.aviandco.com/audemars-piguet-royal-oak-15202ba-oo-1240ba-02-gold-dial-15202ba-001
avi-audemars-piguet-royal-oak-15202bc-oo-1240cbc-01-salmon-dia,mismatch,name;reference,"Audemars Piguet Royal Oak 15202BC, 14K White Gold, Salmon Dial, 39 mm",Audemars Piguet Royal Oak,Audemars Piguet,NULL,NULL,15202BC.OO.1240BC.01,145900,145900.0,3,3,/api/uploads/aviandco/products/apro07426--1-32-2-d43aea111a7e721e.jpg,https://www.aviandco.com/audemars-piguet-royal-oak-15202bc-oo-1240cbc-01-salmon-dial-15202bc-001
avi-audemars-piguet-royal-oak-15202pt-oo-1240pt-01-green-dial-,mismatch,name;reference,"Audemars Piguet Royal Oak 15202PT, 950 Platinum, Smoked Green Dial, 39 mm",Audemars Piguet Royal Oak,Audemars Piguet,NULL,NULL,15202PT.OO.1240PT.01,194900,194900.0,3,3,/api/uploads/aviandco/products/audemars-piguet-royal-oak-15202pt-001-1-7c7da7e292d4ff79.jpg,https://www.aviandco.com/audemars-piguet-royal-oak-15202pt-oo-1240pt-01-green-dial-g015202pt-001
avi-audemars-piguet-royal-oak-15300st-oo-1220st-03-black-dial-,mismatch,name,"Audemars Piguet Royal Oak 15300ST, Stainless Steel, Black Index Dial, 39 mm",There has been an error processing your request,Audemars Piguet,NULL,NULL,,41900,0,3,0,/api/uploads/aviandco/products/15300st-1-1--2-832f6d0807b7855e.jpg,https://www.aviandco.com/audemars-piguet-royal-oak-15300st-oo-1220st-03-black-dial-g015300st-002
avi-audemars-piguet-royal-oak-15305st-oo-1220st-01-skeleton-di,mismatch,name;reference,"Audemars Piguet Royal Oak 15305ST, Stainless Steel, Skeleton Dial, 39 mm",Audemars Piguet Royal Oak,Audemars Piguet,NULL,NULL,15305ST.OO.1220ST.01,113900,113900.0,3,3,/api/uploads/aviandco/products/audemars-piguet-royal-oak-15305st-001-1-1-808d7f6f76f1b4c8.jpg,https://www.aviandco.com/audemars-piguet-royal-oak-15305st-oo-1220st-01-skeleton-dial-15305st-001
avi-audemars-piguet-royal-oak-15310pt-oo-d008cr-01-grey-dial-1,mismatch,name;price;reference,"Audemars Piguet Royal Oak 15310PT, Platinum, AP Italia Limited to 75 pcs, Grey Grande Tapisserie Dial, 39 mm",Audemars Piguet Royal Oak,Audemars Piguet,NULL,NULL,15310PT.OO.D008CR.01,0,112300.0,3,3,/api/uploads/aviandco/products/audemars-piguet-royal-oak-15310pt-001-1-3ef54b9b787a7595.jpg,https://www.aviandco.com/audemars-piguet-royal-oak-15310pt-oo-d008cr-01-grey-dial-15310pt-001
avi-audemars-piguet-royal-oak-15400or-00-1220or-02-silver-dial,mismatch,name;reference,"Audemars Piguet Royal Oak 15400OR, 18K Rose Gold, Silver Index Dial, 41 mm",Audemars Piguet Royal Oak,Audemars Piguet,NULL,NULL,15400OR.OO.1220OR.02,74900,74900.0,3,3,/api/uploads/aviandco/products/audemars-piguet-royal-oak-15400or-001-1-19d52d7794d49c72.jpg,https://www.aviandco.com/audemars-piguet-royal-oak-15400or-00-1220or-02-silver-dial-15400or-001
avi-audemars-piguet-royal-oak-15400or-oo-d002cr-01-black-index,mismatch,name;reference,"Audemars Piguet Royal Oak 15400OR, 18K Rose Gold, Black Grande Tapisserie Index Dial, 41 mm",Audemars Piguet Royal Oak,Audemars Piguet,NULL,NULL,15400OR.OO.D002CR.01,39800,39800.0,3,3,/api/uploads/aviandco/products/audemars-piguet-royal-oak-15400or-002-1-167c90183247fd88.jpg,https://www.aviandco.com/audemars-piguet-royal-oak-15400or-oo-d002cr-01-black-index-dial-15400or-002
avi-audemars-piguet-royal-oak-15400sr-oo-1220sr-01-silver-dial,mismatch,name;reference,"Audemars Piguet Royal Oak 15400SR, Stainless Steel & 18K Rose Gold, Silver Grande Tapisserie Dial, 41 mm",Audemars Piguet Royal Oak,Audemars Piguet,NULL,NULL,15400SR.OO.1220SR.01,38300,38300.0,3,3,/api/uploads/aviandco/products/audemars-piguet-royal-oak-15400sr-001-1-8233ebef08d45ee3.jpg,https://www.aviandco.com/audemars-piguet-royal-oak-15400sr-oo-1220sr-01-silver-dial-15400sr-002
avi-audemars-piguet-royal-oak-15400st-oo-1220st-01-black-index,mismatch,name;price;reference,"Audemars Piguet Royal Oak 15400ST, Stainless Steel, Black Index Grande Tapisserie Dial, 41 mm",Audemars Piguet Royal Oak,Audemars Piguet,NULL,NULL,15400ST.OO.1220ST.01,41900,39800.0,12,3,/api/uploads/aviandco/products/audemars-piguet-royal-oak-15400st-007-1-c5d35db2b5298799.jpg,https://www.aviandco.com/audemars-piguet-royal-oak-15400st-oo-1220st-01-black-index-dial-15400st-007
avi-audemars-piguet-royal-oak-15400st-oo-1220st-02-silver-inde,mismatch,name,"Audemars Piguet Royal Oak 15400ST, Stainless Steel, Silver Grande Tapisserie Index Dial, 41 mm",This site can’t be reached,Audemars Piguet,NULL,NULL,,38300,0,3,0,/api/uploads/aviandco/products/audemars-piguet-royal-oak-15400st-003-1-1-a73986a8d9064e4e.jpg,https://www.aviandco.com/audemars-piguet-royal-oak-15400st-oo-1220st-02-silver-index-dial-15400st-010
avi-audemars-piguet-royal-oak-15400st-oo-1220st-03-blue-dial-1,mismatch,name,"Audemars Piguet Royal Oak 15400ST, Stainless Steel, Blue Dial, 41 mm",This site can’t be reached,Audemars Piguet,NULL,NULL,,49900,0,3,0,/api/uploads/aviandco/products/ap-royal-oak-15400st-blue-dial-1-1-cd48039606a3ab5b.jpg,https://www.aviandco.com/audemars-piguet-royal-oak-15400st-oo-1220st-03-blue-dial-15400st-004
avi-audemars-piguet-royal-oak-15400st-oo-1220st-04-grey-dial-g,mismatch,name,"Audemars Piguet Royal Oak 15400ST, Stainless Steel, Grey Index Dial, 41 mm",This site can’t be reached,Audemars Piguet,NULL,NULL,,43900,0,3,0,/api/uploads/aviandco/products/aviandco-404-oswaldo-local.jpg,https://www.aviandco.com/audemars-piguet-royal-oak-15400st-oo-1220st-04-grey-dial-g015400st-oo-1220st-04-001
avi-audemars-piguet-royal-oak-15402or-zz-d003cr-01-pave-dial-1,mismatch,name,"Audemars Piguet Royal Oak 15402OR, 18K Rose Gold, Pave Diamond Dial, 41 mm",This site can’t be reached,Audemars Piguet,NULL,NULL,,74900,0,12,0,/api/uploads/aviandco/products/audemars-piguet-royal-oak-15402or-002-1-60926dee78631968.jpg,https://www.aviandco.com/audemars-piguet-royal-oak-15402or-zz-d003cr-01-pave-dial-15402or-002
avi-audemars-piguet-royal-oak-15407ba-oo-1220ba-01-skeleton-di,mismatch,name;reference,"Audemars Piguet Royal Oak 15407BA.OO.1220BA.01, 18K Yellow Gold, Skeleton Dial, 41mm",Audemars Piguet Royal Oak,Audemars Piguet,NULL,NULL,15407BA.OO.1220BA.01,218900,218900.0,3,3,/api/uploads/aviandco/products/audemars-piguet-royal-oak-15407ba-001-c8616081116f346b.jpg,https://www.aviandco.com/audemars-piguet-royal-oak-15407ba-oo-1220ba-01-skeleton-dial-g015407ba-001
avi-audemars-piguet-royal-oak-15407or-oo-1220or-01-skeleton-di,mismatch,name;reference,"Audemars Piguet Royal Oak 15407OR, Double Balance Wheel, 18K Rose Gold, Skeleton Dial, 41 mm",Audemars Piguet Royal Oak,Audemars Piguet,NULL,NULL,15407OR.OO.1220OR.01,219400,219400.0,3,3,/api/uploads/aviandco/products/15407or-oo-9c77278b30cd61e6.jpg,https://www.aviandco.com/audemars-piguet-royal-oak-15407or-oo-1220or-01-skeleton-dial-15407or-009
avi-audemars-piguet-royal-oak-15407st-oo-1220st-01-openworked-,mismatch,name;reference,"Audemars Piguet Royal Oak 15407ST, Double Balance Wheel, Stainless Steel, Openworked Dial, 41 mm",Audemars Piguet Royal Oak,Audemars Piguet,NULL,NULL,15407ST.OO.1220ST.01,178900,178900.0,3,3,/api/uploads/aviandco/products/ap-royal-oak-15407st-1-3cab6492713c2ba1.jpg,https://www.aviandco.com/audemars-piguet-royal-oak-15407st-oo-1220st-01-openworked-dial-15407st-007
avi-audemars-piguet-royal-oak-15407st-oo-1220st-02-openworked-,mismatch,name,"Audemars Piguet Royal Oak 15407ST, Double Balance Wheel, Stainless Steel, Openworked Dial, 41 mm",There has been an error processing your request,Audemars Piguet,NULL,NULL,,209900,0,4,0,/api/uploads/aviandco/products/audemars-piguet-royal-oak-15407st-006-1-1beb640545f8055a.jpg,https://www.aviandco.com/audemars-piguet-royal-oak-15407st-oo-1220st-02-openworked-dial-15407st-006
avi-audemars-piguet-royal-oak-15412ba-yg-1224ba-01-b-transpare,mismatch,name;reference,"Audemars Piguet Royal Oak 15412BA, Double Balance Wheel, Frosted 18K Yellow Gold, Rainbow Bezel, Openworked Dial, 41 mm",Audemars Piguet Royal Oak,Audemars Piguet,NULL,NULL,15412BA.YG.1224BA.01-B,419900,419900.0,12,3,/api/uploads/aviandco/products/audemars-piguet-royal-oak-15412ba-002-1-48effc40275170c3.jpg,https://www.aviandco.com/audemars-piguet-royal-oak-15412ba-yg-1224ba-01-b-transparent-dial-15412ba-001
avi-audemars-piguet-royal-oak-15412bc-ss-1220bc-02-skeleton-di,mismatch,name;reference,"Audemars Piguet Royal Oak 15412BC, 18K White Gold, Openworked Dial, 41 mm",Audemars Piguet Royal Oak,Audemars Piguet,NULL,NULL,15412BC.SS.1220BC.02,577900,577900.0,3,3,/api/uploads/aviandco/products/15412bc--18k-white-gold--openworked-dial-2b52f456cd01dd3f.jpg,https://www.aviandco.com/audemars-piguet-royal-oak-15412bc-ss-1220bc-02-skeleton-dial-15412bc-001
avi-audemars-piguet-royal-oak-15412bc-yg-1224bc-03-b-openworke,mismatch,name,"Audemars Piguet Royal Oak 15412BC, 18K Frosted White Gold, Rainbow, Openworked, 41 mm",This site can’t be reached,Audemars Piguet,NULL,NULL,,439900,0,3,0,/api/uploads/aviandco/products/15412bc-yg-1224bc-52315fad3b76a1d7.jpg,https://www.aviandco.com/audemars-piguet-royal-oak-15412bc-yg-1224bc-03-b-openworked-g015412bc-001
avi-audemars-piguet-royal-oak-15412or-yg-1224or-01-b-openworke,mismatch,name;reference,"Audemars Piguet Royal Oak 15412OR, Frosted 18K Rose Gold, Rainbow, Openworked, 41 mm",Audemars Piguet Royal Oak,Audemars Piguet,NULL,NULL,15412OR.YG.1224OR.01-B,529900,529900.0,3,3,/api/uploads/aviandco/products/15412or-yg-1224or-682daa8d202c5341.jpg,https://www.aviandco.com/audemars-piguet-royal-oak-15412or-yg-1224or-01-b-openworked-g015412or-001
avi-audemars-piguet-royal-oak-15412or-zz-1220or-01-skeleton-di,mismatch,name;price;reference,"Audemars Piguet Royal Oak 15412OR, Double Balance Wheel, 18K Rose Gold, Skeleton Dial, Baguette Diamond Bezel, 41 mm",Audemars Piguet Royal Oak,Audemars Piguet,NULL,NULL,15412OR.ZZ.1220OR.01,0,299900.0,9,3,/api/uploads/aviandco/products/15412or-zz-1220or-01-001-1-1-49b0f81613a142ab.jpg,https://www.aviandco.com/audemars-piguet-royal-oak-15412or-zz-1220or-01-skeleton-dial-15412or-003
avi-audemars-piguet-royal-oak-15413bc-yy-1220bc-01-diamond-pav,mismatch,name;reference,"Audemars Piguet Royal Oak 15413BC, ""Rainbow"", Limited to 10 pcs, 18K White Gold, Diamond Pave Dial, 41 mm",Audemars Piguet Royal Oak,Audemars Piguet,NULL,NULL,15413BC.YY.1220BC.01,255100,255100.0,3,3,/api/uploads/aviandco/products/audemars-piguet-royal-oak-15413bc-001-1-1-68b4a20e34613185.jpg,https://www.aviandco.com/audemars-piguet-royal-oak-15413bc-yy-1220bc-01-diamond-pave-baguette-index-dial-15413bc-001
avi-audemars-piguet-royal-oak-15416cd-oo-1225cd-01-openworked-,mismatch,name;reference,"Audemars Piguet Royal Oak 15416CD, Double Balance Wheel, Ceramic, Openworked Dial, 41 mm",Audemars Piguet Royal Oak,Audemars Piguet,NULL,NULL,15416CD.OO.1225CD.01,548900,548900.0,12,3,/api/uploads/aviandco/products/audemars-piguet-royal-oak-15416cd-003-1-eea880314da68997.jpg,https://www.aviandco.com/audemars-piguet-royal-oak-15416cd-oo-1225cd-01-openworked-dial-15416ce-003
avi-audemars-piguet-royal-oak-15416ce-00-1225ce-02-openworked-,mismatch,name;price;reference,"Audemars Piguet Royal Oak 15416CE, Ceramic, Openworked Dial, 41 mm",Audemars Piguet Royal Oak,Audemars Piguet,NULL,NULL,15416CE.OO.1225CE.02,0,469900.0,3,3,/api/uploads/aviandco/products/audemars-piguet-royal-oak-g015416ce-001-1-55b55a5014079f83.jpg,https://www.aviandco.com/audemars-piguet-royal-oak-15416ce-00-1225ce-02-openworked-dial-g015416ce-001
avi-audemars-piguet-royal-oak-15417bc-zz-1267bc-01-openworked-,mismatch,name;price;reference,"Audemars Piguet Royal Oak 15417BC, Double Balance Wheel, 18K White Gold, Openworked Dial, 41 mm",Audemars Piguet Royal Oak,Audemars Piguet,NULL,NULL,15417BC.ZZ.1267BC.01,0,1530100.0,9,3,/api/uploads/aviandco/products/audemars-piguet-royal-oak-15413bc-001-1-1-68b4a20e34613185.jpg,https://www.aviandco.com/audemars-piguet-royal-oak-15417bc-zz-1267bc-01-openworked-dial-g015417bc-zz-1267bc-01-001
avi-audemars-piguet-royal-oak-15450or-oo-1256or-01-nickel-grey,mismatch,name;reference,"Audemars Piguet Royal Oak 15450OR, 18K Rose Gold, Nickel Grey Grande Tapisserie Dial, 37 mm",Audemars Piguet Royal Oak,Audemars Piguet,NULL,NULL,15450OR.OO.1256OR.01,77900,77900.0,12,3,/api/uploads/aviandco/products/audemars-piguet-royal-oak-15450or-002-1-e9cc85333da96378.jpg,https://www.aviandco.com/audemars-piguet-royal-oak-15450or-oo-1256or-01-nickel-grey-dial-15450-002
avi-audemars-piguet-royal-oak-15450or-oo-1256or-01-silver-dial,mismatch,name;reference,"Audemars Piguet Royal Oak 15450OR, 18K Rose Gold, Silver Grande Tapisserie Dial, 37 mm",Audemars Piguet Royal Oak,Audemars Piguet,NULL,NULL,15450OR.OO.1256OR.01,70900,70900.0,12,3,/api/uploads/aviandco/products/audemars-piguet-royal-oak-15450or-001-1-bfde4ff0c66802f7.jpg,https://www.aviandco.com/audemars-piguet-royal-oak-15450or-oo-1256or-01-silver-dial-15450-001
avi-audemars-piguet-royal-oak-15450sr-oo-1256sr-01-silver-dial,mismatch,name,"Audemars Piguet Royal Oak 15450SR, Steel & 18K Rose Gold, Silver Index Dial, 37 mm",This site can’t be reached,Audemars Piguet,NULL,NULL,,44900,0,3,0,/api/uploads/aviandco/products/15450sr-001-1-420798f1040f4265.jpg,https://www.aviandco.com/audemars-piguet-royal-oak-15450sr-oo-1256sr-01-silver-dial-15450sr-001
avi-audemars-piguet-royal-oak-15451or-zz-1256or-03-rose-gold-i,mismatch,name,"Audemars Piguet Royal Oak 15451OR, 18K Rose Gold, Rainbow Sapphire Bezel, Rose Gold Grande Tapisserie Index Dial, 37 mm",This site can’t be reached,Audemars Piguet,NULL,NULL,,114300,0,3,0,/api/uploads/aviandco/products/audemars-piguet-royal-oak-15451or-006-1-1-81278009b585f9e4.jpg,https://www.aviandco.com/audemars-piguet-royal-oak-15451or-zz-1256or-03-rose-gold-index-dial-15451or-006
avi-audemars-piguet-royal-oak-15451or-zz-1256or-03-silver-dial,mismatch,name;price;reference,"Audemars Piguet Royal Oak 15451OR, 18K Rose Gold, Silver Grande Tapisserie Dial, Diamond Bezel, 37 mm",Audemars Piguet Royal Oak,Audemars Piguet,NULL,NULL,15451OR.ZZ.1256OR.01,0,84900.0,3,3,/api/uploads/aviandco/products/15451or-004-1-de09b72599bb485b.jpg,https://www.aviandco.com/audemars-piguet-royal-oak-15451or-zz-1256or-03-silver-dial-15451or-004
avi-audemars-piguet-royal-oak-15451st-zz-1256st-01-black-dial-,mismatch,name;reference,"Audemars Piguet Royal Oak 15451ST, Stainless Steel, Diamond Bezel, Black Grande Tapisserie Dial, 37 mm",Audemars Piguet Royal Oak,Audemars Piguet,NULL,NULL,15451ST.ZZ.1256ST.01,47900,47900.0,3,3,/api/uploads/aviandco/products/audemars-piguet-royal-oak-15451st-003-1-794f75b2e29680a8.jpg,https://www.aviandco.com/audemars-piguet-royal-oak-15451st-zz-1256st-01-black-dial-15451st-003
avi-audemars-piguet-royal-oak-15451st-zz-1256st-02-grey-dial-1,mismatch,name;reference,"Audemars Piguet Royal Oak 15451ST, Steel, Diamond Bezel, Grey Index Dial, 37 mm",Audemars Piguet Royal Oak,Audemars Piguet,NULL,NULL,15451ST.ZZ.1256ST.02,46000,46000.0,11,3,/api/uploads/aviandco/products/apro07070-320--1-304-1-4febc7691f549ef6.jpg,https://www.aviandco.com/audemars-piguet-royal-oak-15451st-zz-1256st-02-grey-dial-15451st-zz-1256st-02-004
avi-audemars-piguet-royal-oak-15452or-zz-d003cr-01-grey-index-,mismatch,name;reference,"Audemars Piguet Royal Oak 15452OR, 18K Rose Gold, Diamond Bezel, Grey Grande Tapisserie Dial, 37 mm",Audemars Piguet Royal Oak,Audemars Piguet,NULL,NULL,15452OR.ZZ.D003CR.01,58200,58200.0,3,3,/api/uploads/aviandco/products/audemars-piguet-royal-oak-15452or-001-1-2dc04ed927dfa2e9.jpg,https://www.aviandco.com/audemars-piguet-royal-oak-15452or-zz-d003cr-01-grey-index-dial-15452or-001
avi-audemars-piguet-royal-oak-15466bc-gg-1259bc-01-openworked-,mismatch,name;reference,"Audemars Piguet Royal Oak 15466BC, 18K Frosted White Gold, Openworked Dial, 37 mm",Audemars Piguet Royal Oak,Audemars Piguet,NULL,NULL,15466BC.GG.1259BC.01,159900,159900.0,3,3,/api/uploads/aviandco/products/15466bc-002-1-39302efa81ec0813.jpg,https://www.aviandco.com/audemars-piguet-royal-oak-15466bc-gg-1259bc-01-openworked-dial-15466bc-002
avi-audemars-piguet-royal-oak-15467or-oo-1256or-01-openworked-,mismatch,name;reference,"Audemars Piguet Royal Oak 15467OR, Double Balance Wheel, 18K Rose Gold, Openworked Dial, 37 mm",Audemars Piguet Royal Oak,Audemars Piguet,NULL,NULL,15467OR.OO.1256OR.01,153100,153100.0,3,3,/api/uploads/aviandco/products/audemars-piguet-royal-oak-15467or-002-1-1-b0ac1b82eccd4962.jpg,https://www.aviandco.com/audemars-piguet-royal-oak-15467or-oo-1256or-01-openworked-dial-15467or-002
avi-audemars-piguet-royal-oak-15468ba-yg-1259ba-01-b-openworke,mismatch,name;reference,"Audemars Piguet Royal Oak 15468BA, Frosted 18K Yellow Gold, Rainbow, Openworked, 37 mm",Audemars Piguet Royal Oak,Audemars Piguet,NULL,NULL,15468BA.YG.1259BA.01-B,274900,274900.0,3,3,/api/uploads/aviandco/products/15468ba-yg-1259ba-a3d808f07f3241e6.jpg,https://www.aviandco.com/audemars-piguet-royal-oak-15468ba-yg-1259ba-01-b-openworked-g015468ba-yg-1259ba-01-b-001
avi-audemars-piguet-royal-oak-15468bc-yg-1259bc-01-openworked-,mismatch,name;reference,"Audemars Piguet Royal Oak 15468BC, Frosted 18K White Gold, Rainbow, Openworked, 37 mm",Audemars Piguet Royal Oak,Audemars Piguet,NULL,NULL,15468BC.YG.1259BC.01-B,255900,255900.0,3,3,/api/uploads/aviandco/products/15468bc-yg-1259bc-d5849859f56ed4c9.jpg,https://www.aviandco.com/audemars-piguet-royal-oak-15468bc-yg-1259bc-01-openworked-g015468bc-001
avi-audemars-piguet-royal-oak-15468or-yg-1259or-01-b-skeletoni,mismatch,name;reference,"Audemars Piguet Royal Oak 15468OR, Double Balance Wheel, Frosted 18K Rose Gold, Rainbow Bezel, Openworked Dial, 37 mm",Audemars Piguet Royal Oak,Audemars Piguet,NULL,NULL,15468OR.YG.1259OR.01-B,336700,336700.0,3,3,/api/uploads/aviandco/products/audemars-piguet-royal-oak-15468or-001-1-f5a1d8b934aff4fa.jpg,https://www.aviandco.com/audemars-piguet-royal-oak-15468or-yg-1259or-01-b-skeletonized-openworked-dial-15468or-001
avi-audemars-piguet-royal-oak-15500or-oo-1220or-01-black-dial-,mismatch,name;reference,"Audemars Piguet Royal Oak 15500OR, 18K Rose Gold, Black Index Dial, 41 mm",Audemars Piguet Royal Oak,Audemars Piguet,NULL,NULL,15500OR.OO.1220OR.01,87900,87900.0,3,3,/api/uploads/aviandco/products/ap-royal-oak-15500or-black-1-f771f1544f384f48.jpg,https://www.aviandco.com/audemars-piguet-royal-oak-15500or-oo-1220or-01-black-dial-g015500or-oo-1220or-01-001
avi-audemars-piguet-royal-oak-15500or-oo-d002cr-01-black-dial-,mismatch,name,"Audemars Piguet Royal Oak 15500OR, 18K Rose Gold, Black Leather, Black Index Dial, 41 mm",This site can’t be reached,Audemars Piguet,NULL,NULL,,55900,0,9,0,/api/uploads/aviandco/products/apro07153--1-61-1-e8e6969e280dec6e.jpg,https://www.aviandco.com/audemars-piguet-royal-oak-15500or-oo-d002cr-01-black-dial-g015500or-oo-d002cr-01-001
avi-audemars-piguet-royal-oak-15500st-oo-1220st-01-blue-dial-g,mismatch,name;reference,"Audemars Piguet Royal Oak 15500ST, Stainless Steel, Blue Dial, Open Case Back, 41 mm",Audemars Piguet Royal Oak,Audemars Piguet,NULL,NULL,15500ST.OO.1220ST.01,56900,56900.0,3,3,/api/uploads/aviandco/products/apro07146--1-204-1-1-438198b833be74b9.jpg,https://www.aviandco.com/audemars-piguet-royal-oak-15500st-oo-1220st-01-blue-dial-g015500st-007
avi-audemars-piguet-royal-oak-15500st-oo-1220st-02-grey-dial-1,mismatch,name;reference,"Audemars Piguet Royal Oak 15500ST, Stainless Steel, Grey Dial, Open Case Back, 41 mm",Audemars Piguet Royal Oak,Audemars Piguet,NULL,NULL,15500ST.OO.1220ST.02,47900,47900.0,12,3,/api/uploads/aviandco/products/15500st-003-1-1-08633c247b9e26e1.jpg,https://www.aviandco.com/audemars-piguet-royal-oak-15500st-oo-1220st-02-grey-dial-15500st-008
avi-audemars-piguet-royal-oak-15500st-oo-1220st-03-black-dial-,mismatch,name;reference,"Audemars Piguet Royal Oak 15500ST, Stainless Steel, Silver Dial, 41 mm",Audemars Piguet Royal Oak,Audemars Piguet,NULL,NULL,15500ST.OO.1220ST.04,44900,44900.0,4,3,/api/uploads/aviandco/products/ap-royal-oak-15500st-white-dial-1-b0bb1927cecb235b.jpg,https://www.aviandco.com/audemars-piguet-royal-oak-15500st-oo-1220st-03-black-dial-15500st-010
avi-audemars-piguet-royal-oak-15503bc-oo-1220bc-01-blue-dial-g,mismatch,name;reference,"Audemars Piguet Royal Oak 15503BC, Limited Edition, 18K White Gold, Blue Index Dial, 41 mm",Audemars Piguet Royal Oak,Audemars Piguet,NULL,NULL,15503BC.OO.1220BC.01,88900,88900.0,3,3,/api/uploads/aviandco/products/audemars-piguet-royal-oak-15503bc-001-1-2-06c21ac244948889.jpg,https://www.aviandco.com/audemars-piguet-royal-oak-15503bc-oo-1220bc-01-blue-dial-g015503bc-oo-1220bc-01-001
avi-audemars-piguet-royal-oak-15510bc-oo-1320bc-01-blue-dial-1,mismatch,name,"Audemars Piguet Royal Oak 15510BC, Limited to 100 pcs, 18K White Gold, Ice Blue Baguette Dial, 41 mm",This site can’t be reached,Audemars Piguet,NULL,NULL,,149900,0,3,0,/api/uploads/aviandco/products/15510bc-001-1-6cbb21b0fc50af51.jpg,https://www.aviandco.com/audemars-piguet-royal-oak-15510bc-oo-1320bc-01-blue-dial-15510bc-003
avi-audemars-piguet-royal-oak-15510bc-oo-1320bc-02-smoke-blue-,mismatch,name;reference,"Audemars Piguet Royal Oak 15510BC, 18K White Gold, Smoke Blue Index Dial, 41 mm",Audemars Piguet Royal Oak,Audemars Piguet,NULL,NULL,15510BC.OO.1320BC.02,117900,117900.0,3,3,/api/uploads/aviandco/products/audemars-piguet-royal-oak-15510bc-004-1-1ccb87085be7b17c.jpg,https://www.aviandco.com/audemars-piguet-royal-oak-15510bc-oo-1320bc-02-smoke-blue-dial-15510bc-004
avi-audemars-piguet-royal-oak-15510or-oo-d002cr-01-black-dial-,mismatch,name;price;reference,"Audemars Piguet Royal Oak 15510OR, 50th Anniversary, 18K Rose Gold, Black Index Dial, 41 mm",Audemars Piguet Royal Oak,Audemars Piguet,NULL,NULL,15510OR.OO.D002CR.01,0,67000.0,3,3,/api/uploads/aviandco/products/ap-royal-oak-15510or-oo-d002cr-1-5e43ae2093d49ff2.jpg,https://www.aviandco.com/audemars-piguet-royal-oak-15510or-oo-d002cr-01-black-dial-g015510or-oo-d002cr-01-001
avi-audemars-piguet-royal-oak-15510or-oo-d315cr-01-blue-dial-1,mismatch,name;price;reference,"Audemars Piguet Royal Oak 15510OR, 18K Rose Gold, ""50th Anniversary"", Blue Dial, 41 mm",Audemars Piguet Royal Oak,Audemars Piguet,NULL,NULL,15510OR.OO.D315CR.01,0,119900.0,12,3,/api/uploads/aviandco/products/audemars-piguet-royal-oak-15510or-005-1-1-2-4e79b2d237caf1f9.jpg,https://www.aviandco.com/audemars-piguet-royal-oak-15510or-oo-d315cr-01-blue-dial-15510or-004
avi-audemars-piguet-royal-oak-15510st-oo-1320st-01-blue-index-,mismatch,name,"Audemars Piguet Royal Oak 15510ST, Stainless Steel, Blue Grande Tapisserie Index Dial, 41 mm",There has been an error processing your request,Audemars Piguet,NULL,NULL,,70400,0,3,0,/api/uploads/aviandco/products/audemars-piguet-royal-oak-15510st-017-1-ea7f85364f867770.jpg,https://www.aviandco.com/audemars-piguet-royal-oak-15510st-oo-1320st-01-blue-index-dial-15510st-027
avi-audemars-piguet-royal-oak-15510st-oo-1320st-02-black-dial-,mismatch,name;price;reference,"Audemars Piguet Royal Oak 15510ST, Stainless Steel, ""50th Anniversary"", Black Index Dial, 41 mm",Audemars Piguet Royal Oak,Audemars Piguet,NULL,NULL,15510ST.OO.1320ST.07,0,45400.0,12,3,/api/uploads/aviandco/products/ap-royal-oak-15510st-oo-1320st-07-1-1-27142320a05a752e.jpg,https://www.aviandco.com/audemars-piguet-royal-oak-15510st-oo-1320st-02-black-dial-15510st-012
avi-audemars-piguet-royal-oak-15510st-oo-1320st-02-geen-dial-1,mismatch,name;price;reference,"Audemars Piguet Royal Oak 15510ST, Stainless Steel, ""50th Anniversary"", Green Index Dial, 41 mm",Audemars Piguet Royal Oak,Audemars Piguet,NULL,NULL,15510ST.OO.1320ST.02,0,51100.0,12,3,/api/uploads/aviandco/products/1-1-1-1-1-28cee955459f36fa.jpg,https://www.aviandco.com/audemars-piguet-royal-oak-15510st-oo-1320st-02-geen-dial-15510st-014
avi-audemars-piguet-royal-oak-15510st-oo-1320st-03-white-dial-,mismatch,name;price;reference,"Audemars Piguet Royal Oak 15510ST, 50th Anniversary, Steel, Silver Index Dial, 41 mm",Audemars Piguet Royal Oak,Audemars Piguet,NULL,NULL,15510ST.OO.1320ST.03,0,91798.98,3,3,/api/uploads/aviandco/products/ap-15510st-white-1--1-4cbbce47118c4e6d.jpg,https://www.aviandco.com/audemars-piguet-royal-oak-15510st-oo-1320st-03-white-dial-g015510st-oo-1320st-03-001
avi-audemars-piguet-royal-oak-15510st-oo-1320st-08-silver-dial,mismatch,name;reference,"Audemars Piguet Royal Oak 15510ST, Stainless Steel, Silver Index Dial, 41 mm",Audemars Piguet Royal Oak,Audemars Piguet,NULL,NULL,15510ST.OO.1320ST.08,57900,57900.0,12,3,/api/uploads/aviandco/products/ap-royal-oak-15510st-silver-index-1-bd3955c6321b6164.jpg,https://www.aviandco.com/audemars-piguet-royal-oak-15510st-oo-1320st-08-silver-dial-15510st-oo-1320st-08-001
avi-audemars-piguet-royal-oak-15510st-oo-1320st-09-g015510st-o,mismatch,name;reference,"Audemars Piguet Royal Oak 15510ST, Steel, Green Index Dial, 41 mm",Audemars Piguet Royal Oak,Audemars Piguet,NULL,NULL,15510ST.OO.1320ST.09,59900,59900.0,3,3,/api/uploads/aviandco/products/ap-15510st-green-a3edc841dcc38554.jpg,https://www.aviandco.com/audemars-piguet-royal-oak-15510st-oo-1320st-09-g015510st-oo-1320st-09-001
avi-audemars-piguet-royal-oak-15510st-oo-1320st-10-grey-dial-1,mismatch,name;reference,"Audemars Piguet Royal Oak 15510ST, Stainless Steel, Grey Grande Tapisserie Dial, 41 mm",Audemars Piguet Royal Oak,Audemars Piguet,NULL,NULL,15510ST.OO.1320ST.10,52100,52100.0,12,3,/api/uploads/aviandco/products/audemars-piguet-royal-oak-15510st-004-1-934b24ade0298294.jpg,https://www.aviandco.com/audemars-piguet-royal-oak-15510st-oo-1320st-10-grey-dial-15510st-021
avi-audemars-piguet-royal-oak-15513ba-oo-1320ba-01-green-dial-,mismatch,name;price,"Audemars Piguet Royal Oak 15513BA, 18K Yellow Gold, Green Dial, 41 mm",Audemars Piguet Royal Oak,Audemars Piguet,NULL,NULL,,0,90000.0,3,3,/api/uploads/aviandco/products/audemars-piguet-royal-oak-g015513ba-spy001-ca2dc53727b556d0.jpg,https://www.aviandco.com/audemars-piguet-royal-oak-15513ba-oo-1320ba-01-green-dial-g015513ba-spy001
avi-audemars-piguet-royal-oak-15550ba-oo-1356ba-01-turquoise-d,mismatch,name;price;reference,"Audemars Piguet Royal Oak 15550BA, 18K Yellow Gold, Turquoise Index Dial, 37 mm",Audemars Piguet Royal Oak,Audemars Piguet,NULL,NULL,15550BA.OO.1356BA.01,0,179900.0,3,3,/api/uploads/aviandco/products/ap-royal-oak-15550ba-oo-1356ba-8ab22309d160694e.jpg,https://www.aviandco.com/audemars-piguet-royal-oak-15550ba-oo-1356ba-01-turquoise-dial-g015550ba-oo-1356ba-01-001
avi-audemars-piguet-royal-oak-15550sr-oo-1356sr-02-silver-dial,mismatch,name,"Audemars Piguet Royal Oak 15550SR, Steel & 18K Rose Gold, Silver Index Dial, 37 mm",There has been an error processing your request,Audemars Piguet,NULL,NULL,,49900,0,3,0,/api/uploads/aviandco/products/g015550sr-oo-1356sr-02-001-9d7f521b9afb2ea2.png,https://www.aviandco.com/audemars-piguet-royal-oak-15550sr-oo-1356sr-02-silver-dial-g015550sr-oo-1356sr-02-001
avi-audemars-piguet-royal-oak-15550st-oo-1356st-01-silver-dial,mismatch,name;price;reference,"Audemars Piguet Royal Oak 15550ST, ""50th Anniversary"", Steel, Silver Index Dial, 37 mm",Audemars Piguet Royal Oak,Audemars Piguet,NULL,NULL,15550ST.OO.1356ST.01,0,44899.0,12,3,/api/uploads/aviandco/products/audemars-piguet-royal-oak-15550st-004-1-5376f27ccbc5a5b2.jpg,https://www.aviandco.com/audemars-piguet-royal-oak-15550st-oo-1356st-01-silver-dial-15550st-004
avi-audemars-piguet-royal-oak-15550st-oo-1356st-01-white-dial-,mismatch,name;price;reference,"Audemars Piguet Royal Oak 15550ST, ""50th Anniversary"", Steel, Silver Index Dial, 37 mm",Audemars Piguet Royal Oak,Audemars Piguet,NULL,NULL,15550ST.OO.1356ST.01,0,101998.98,3,3,/api/uploads/aviandco/products/ap-15550s-white-441030f85ef7daea.png,https://www.aviandco.com/audemars-piguet-royal-oak-15550st-oo-1356st-01-white-dial-g015550st-oo-1356st-01-001
avi-audemars-piguet-royal-oak-15550st-oo-1356st-02-blue-dial-g,mismatch,name;price;reference,"Audemars Piguet Royal Oak 15550ST, ""50th Anniversary"", Steel, Blue Index Dial, 37 mm",Audemars Piguet Royal Oak,Audemars Piguet,NULL,NULL,15550ST.OO.1356ST.02,0,101998.98,3,3,/api/uploads/aviandco/products/ap-15500st-blue-2a169867aa04f46e.jpg,https://www.aviandco.com/audemars-piguet-royal-oak-15550st-oo-1356st-02-blue-dial-g015550st-oo-1356st-02-001
avi-audemars-piguet-royal-oak-15550st-oo-1356st-03-grey-dial-g,mismatch,name;price;reference,"Audemars Piguet Royal Oak 15550ST, ""50th Anniversary"", Steel, Grey Index Dial, 37 mm",Audemars Piguet Royal Oak,Audemars Piguet,NULL,NULL,15550ST.OO.1356ST.03,0,101998.98,3,3,/api/uploads/aviandco/products/ap-15500st-grey-dc7c5f38bbc019cd.jpg,https://www.aviandco.com/audemars-piguet-royal-oak-15550st-oo-1356st-03-grey-dial-g015550st-oo-1356st-03-001
avi-audemars-piguet-royal-oak-15550st-oo-1356st-04-blue-dial-g,mismatch,name;price;reference,"Audemars Piguet Royal Oak 15550ST, ""50th Anniversary"", Steel, Light Blue Index Dial, 37 mm",Audemars Piguet Royal Oak,Audemars Piguet,NULL,NULL,15550ST.OO.1356ST.04,0,101998.98,3,3,/api/uploads/aviandco/products/ap-15550st-ice-blue-1-2a62f04ee265cbd2.png,https://www.aviandco.com/audemars-piguet-royal-oak-15550st-oo-1356st-04-blue-dial-g015550st-oo-1356st-04-001
avi-audemars-piguet-royal-oak-15550st-oo-1356st-07-grey-dial-1,mismatch,name,"Audemars Piguet Royal Oak 15550ST, Steel, Grey Index Dial, 37 mm",Audemars Piguet Royal Oak,Audemars Piguet,NULL,NULL,,52900,52900.0,12,3,/api/uploads/aviandco/products/15550st-003-1-9b7101d6986ebb3e.jpg,https://www.aviandco.com/audemars-piguet-royal-oak-15550st-oo-1356st-07-grey-dial-15550st-003
avi-audemars-piguet-royal-oak-15550st-oo-1356st-08-blue-dial-1,mismatch,name;reference,"Audemars Piguet Royal Oak 15550ST, Stainless Steel, Blue Dial, 37 mm",Audemars Piguet Royal Oak,Audemars Piguet,NULL,NULL,15550ST.OO.1356ST.08,59900,59900.0,12,3,/api/uploads/aviandco/products/15550st-002-1-1d59e1c26663a7f2.jpg,https://www.aviandco.com/audemars-piguet-royal-oak-15550st-oo-1356st-08-blue-dial-15550st-002
avi-audemars-piguet-royal-oak-15551bc-zz-1356bc-01-smoked-blue,mismatch,name;reference,"Audemars Piguet Royal Oak 15551BC, Selfwinding, 18K White Gold, Smoked Blue dial, 37 mm",Audemars Piguet Royal Oak,Audemars Piguet,NULL,NULL,15551BC.ZZ.1356BC.01,129900,129900.0,3,3,/api/uploads/aviandco/products/15551bc-zz-2ed4df72d7fafd83.jpg,https://www.aviandco.com/audemars-piguet-royal-oak-15551bc-zz-1356bc-01-smoked-blue-dial-g015551bc-001
avi-audemars-piguet-royal-oak-15551bc-zz-1356bc-02-purple-dial,mismatch,name;price;reference,"Audemars Piguet Royal Oak 15551BC, Selfwinding, 18K White Gold, Purple dial, 37 mm",Audemars Piguet Royal Oak,Audemars Piguet,NULL,NULL,15551BC.ZZ.1356BC.02,0,101998.98,3,3,/api/uploads/aviandco/products/15551bc-zz-1356bc-f64e48bf61c35344.jpg,https://www.aviandco.com/audemars-piguet-royal-oak-15551bc-zz-1356bc-02-purple-dial-g015551bc-001
avi-audemars-piguet-royal-oak-15551bc-zz-d405cr-01-green-index,mismatch,name;reference,"Audemars Piguet Royal Oak 15551BC, 18K White Gold, Diamond Bezel, Green Index Dial, 37 mm",Audemars Piguet Royal Oak,Audemars Piguet,NULL,NULL,15551BC.ZZ.D405CR.01,92900,92900.0,3,3,/api/uploads/aviandco/products/audemars-piguet-royal-oak-15551bc-002-1-884e51fa9431ab56.jpg,https://www.aviandco.com/audemars-piguet-royal-oak-15551bc-zz-d405cr-01-green-index-dial-15551bc-003
avi-audemars-piguet-royal-oak-15551or-zz-1356or-05-blue-dial-1,mismatch,name;price;reference,"Audemars Piguet Royal Oak 15551OR, 18K Rose Gold, Diamond Bezel, Blue Index Dial, 37 mm",Audemars Piguet Royal Oak,Audemars Piguet,NULL,NULL,15551OR.ZZ.1356OR.05,107200,102100.0,12,3,/api/uploads/aviandco/products/audemars-piguet-royal-oak-15551or-003-1-54b5e9400aebe18c.jpg,https://www.aviandco.com/audemars-piguet-royal-oak-15551or-zz-1356or-05-blue-dial-15551or-003
avi-audemars-piguet-royal-oak-15551or-zz-1356or-05-blue-dial-g,mismatch,name;reference,"Audemars Piguet Royal Oak 15551OR, 18K Rose Gold, Diamond Bezel, Grande Tapisserie Index Dial, 37 mm",Audemars Piguet Royal Oak,Audemars Piguet,NULL,NULL,15551OR.ZZ.1356OR.04,113900,113900.0,3,3,/api/uploads/aviandco/products/15551or-zz-1356or-04-1-48e285cfd8877922.jpg,https://www.aviandco.com/audemars-piguet-royal-oak-15551or-zz-1356or-05-blue-dial-g015551or-zz-1356or-04-1
avi-audemars-piguet-royal-oak-15551or-zz-1356or-06-green-dial-,mismatch,name;reference,"Audemars Piguet Royal Oak 15551OR, 18K Rose Gold, Diamond Bezel, Khaki Green Grande Tapisserie Dial, 37 mm",Audemars Piguet Royal Oak,Audemars Piguet,NULL,NULL,15551OR.ZZ.1356OR.06,107200,107200.0,12,3,/api/uploads/aviandco/products/audemars-piguet-royal-oak-15551or-005-1-5cf2cad908d59b2c.jpg,https://www.aviandco.com/audemars-piguet-royal-oak-15551or-zz-1356or-06-green-dial-15551or-005
avi-audemars-piguet-royal-oak-15551st-zz-1356st-01-light-blue-,mismatch,name;price;reference,"Audemars Piguet Royal Oak 15551ST, Stainless Steel, Ice Blue Dial, 37 mm",Audemars Piguet Royal Oak,Audemars Piguet,NULL,NULL,15551ST.ZZ.1356ST.01,0,62300.0,12,3,/api/uploads/aviandco/products/audemars-piguet-royal-oak-15551st-006-1-1-bece31b23de8bfd6.jpg,https://www.aviandco.com/audemars-piguet-royal-oak-15551st-zz-1356st-01-light-blue-dial-g015551st-zz-1356st-01-002
avi-audemars-piguet-royal-oak-15551st-zz-1356st-02-blue-dial-g,mismatch,name;price;reference,"Audemars Piguet Royal Oak 15551ST, ""50th Anniversary"", Steel, Diamond Bezel, Blue Index Dial, 37 mm",Audemars Piguet Royal Oak,Audemars Piguet,NULL,NULL,15551ST.ZZ.1356ST.02,0,100000.0,3,3,/api/uploads/aviandco/products/15551st-blue-diamond-3ad258d1f5bf2a5d.jpg,https://www.aviandco.com/audemars-piguet-royal-oak-15551st-zz-1356st-02-blue-dial-g015551st-zz-1356st-02-001
avi-audemars-piguet-royal-oak-15551st-zz-1356st-03-grey-dial-g,mismatch,name;price;reference,"Audemars Piguet Royal Oak 15551ST, ""50th Anniversary"", Steel, Diamond Bezel, Grey Index Dial, 37 mm",Audemars Piguet Royal Oak,Audemars Piguet,NULL,NULL,15551ST.ZZ.1356ST.06,0,101998.98,3,3,/api/uploads/aviandco/products/15551st-grey-diamond-9285225026eae450.png,https://www.aviandco.com/audemars-piguet-royal-oak-15551st-zz-1356st-03-grey-dial-g015551st-zz-1356st-03-001
avi-audemars-piguet-royal-oak-15551st-zz-1356st-05-blue-dial-1,mismatch,name;price;reference,"Audemars Piguet Royal Oak 15551ST, Stainless Steel, Diamond Bezel, Blue Index Dial, 37 mm",Audemars Piguet Royal Oak,Audemars Piguet,NULL,NULL,15551ST.ZZ.1356ST.05,0,67900.0,12,3,/api/uploads/aviandco/products/15551st-004-1-5009aa0f12b7e473.jpg,https://www.aviandco.com/audemars-piguet-royal-oak-15551st-zz-1356st-05-blue-dial-15551st-zz-1356st-001
avi-audemars-piguet-royal-oak-15551st-zz-1356st-06-grey-index-,mismatch,name;price;reference,"Audemars Piguet Royal Oak 15551ST, Steel, Diamond Bezel, Grey Index Dial, 37 mm",Audemars Piguet Royal Oak,Audemars Piguet,NULL,NULL,15551ST.ZZ.1356ST.06,65300,63300.0,12,3,/api/uploads/aviandco/products/audemars-piguet-royal-oak-15551st-002-1-1aeddd87dfbd3c8f.jpg,https://www.aviandco.com/audemars-piguet-royal-oak-15551st-zz-1356st-06-grey-index-dial-15551st-002
avi-audemars-piguet-royal-oak-16202ba-hh-1241ba-01-18k-yellow-,mismatch,name;price;reference,"Audemars Piguet Royal Oak 16202BA, ""Jumbo"" Extra-Thin, 18K Yellow Gold & Yellow Sapphires Dial, 39 mm",Audemars Piguet Royal Oak,Audemars Piguet,NULL,NULL,16202BA.HH.1241BA.01,0,500000.0,3,3,/api/uploads/aviandco/products/audemars-piguet-royal-oak-g016202ba-spy-001-1-0cfb35b4e0efedc7.jpg,https://www.aviandco.com/audemars-piguet-royal-oak-16202ba-hh-1241ba-01-18k-yellow-gold-yellow-sapphires-dial-g016202ba-spy-001
avi-audemars-piguet-royal-oak-16202ba-oo-1240ba-02-yellow-gold,mismatch,name;reference,"Audemars Piguet Royal Oak 16202BA, 18K Yellow Gold, Yellow Gold Index Dial, 39 mm",Audemars Piguet Royal Oak,Audemars Piguet,NULL,NULL,16202BA.OO.1240BA.02,149900,149900.0,3,3,/api/uploads/aviandco/products/ap-royal-oak-16202ba-oo-1240ba-02-58708a72761b78a8.png,https://www.aviandco.com/audemars-piguet-royal-oak-16202ba-oo-1240ba-02-yellow-gold-dial-g016202ba-oo-1240ba-02-001
avi-audemars-piguet-royal-oak-16202bc-oo-1240bc-02-blue-dial-1,mismatch,name;price;reference,"Audemars Piguet Royal Oak 16202OBC, ""Jumbo"", 18K White Gold, Grainy Blue Dial, 39 mm",Audemars Piguet Royal Oak,Audemars Piguet,NULL,NULL,16202BC.OO.1240BC.02,0,139900.0,3,3,/api/uploads/aviandco/products/audemars-piguet-royal-oak-16202bc-003-1-d05ace0158ca69ac.jpg,https://www.aviandco.com/audemars-piguet-royal-oak-16202bc-oo-1240bc-02-blue-dial-16202bc-003
avi-audemars-piguet-royal-oak-16202bc-zz-1241bc-01-diamond-dia,mismatch,name;reference,"Audemars Piguet Royal Oak 16202BC, ""Jumbo"" Extra Thin, 18K White Gold, Diamond dial, 39 mm",Audemars Piguet Royal Oak,Audemars Piguet,NULL,NULL,16202BC.ZZ.1241BC.01,239900,239900.0,3,3,/api/uploads/aviandco/products/16202bc-zz-1241bc-01-abcc366bbf4dfab9.jpg,https://www.aviandco.com/audemars-piguet-royal-oak-16202bc-zz-1241bc-01-diamond-dial-g016202bc-001
avi-audemars-piguet-royal-oak-16202bc-zz-1241bc-02-blue-tapiss,mismatch,name;reference,"Audemars Piguet Royal Oak 16202BC, ""Jumbo"" Extra Thin, 18K White Gold, Blue Tapisserie dial, 39 mm",Audemars Piguet Royal Oak,Audemars Piguet,NULL,NULL,16202BC.ZZ.1241BC.02,200000,200000.0,3,3,/api/uploads/aviandco/products/16202bc-zz-1241bc-323172453229232e.jpg,https://www.aviandco.com/audemars-piguet-royal-oak-16202bc-zz-1241bc-02-blue-tapisserie-dial-g016202bc-001
avi-audemars-piguet-royal-oak-16202or-oo-1240or-01-grey-dial-g,mismatch,name;price;reference,"Audemars Piguet Royal Oak 16202OR, 50th Anniversary, 18K Rose Gold, Grey Index Dial, 39 mm",Audemars Piguet Royal Oak,Audemars Piguet,NULL,NULL,16202OR.OO.1240OR.01,0,173500.0,3,3,/api/uploads/aviandco/products/ap-royal-oak-16202or-grey-1-04a50931afd7c876.jpg,https://www.aviandco.com/audemars-piguet-royal-oak-16202or-oo-1240or-01-grey-dial-g016202or-oo-1240or-01-001
avi-audemars-piguet-royal-oak-16202or-oo-1240or-02-grey-dial-g,mismatch,name;reference,"Audemars Piguet Royal Oak 16202OR, 18K Rose Gold, Grey Index Dial, 39 mm",Audemars Piguet Royal Oak,Audemars Piguet,NULL,NULL,16202OR.OO.1240OR.02,149900,149900.0,3,3,/api/uploads/aviandco/products/ap-royal-oak-16202or-oo-1240or-02-1-ab49ef031b78c518.jpg,https://www.aviandco.com/audemars-piguet-royal-oak-16202or-oo-1240or-02-grey-dial-g016202or-oo-1240or-02-001
avi-audemars-piguet-royal-oak-16202st-oo-1240st-02-blue-dial-g,mismatch,name;reference,"Audemars Piguet Royal Oak 16202ST, Steel, Blue Index Dial, 39 mm",Audemars Piguet Royal Oak,Audemars Piguet,NULL,NULL,16202ST.OO.1240ST.02,108900,108900.0,3,3,/api/uploads/aviandco/products/ap-royal-oak-16202st-oo-1240st-02-b630ab16a183b2ee.jpg,https://www.aviandco.com/audemars-piguet-royal-oak-16202st-oo-1240st-02-blue-dial-g016202st-oo-1240st-02-001
avi-audemars-piguet-royal-oak-16202xt-oo-1240xt-01-burgundy-di,mismatch,name;price;reference,"Audemars Piguet Royal Oak 16202XT, ""Jumbo"" Extra Thin, Titanium, Burgundy dial, 39 mm",Audemars Piguet Royal Oak,Audemars Piguet,NULL,NULL,16202XT.OO.1240XT.01,0,203900.0,3,3,/api/uploads/aviandco/products/16202xt-oo-1240xt-f353e671c57fbc3d.jpg,https://www.aviandco.com/audemars-piguet-royal-oak-16202xt-oo-1240xt-01-burgundy-dial-g016202xt-001
avi-audemars-piguet-royal-oak-16204ba-oo-1240ba-01-openworked-,mismatch,name,"Audemars Piguet Royal Oak 16204OR, ""Jumbo"" Extra Thin, 18K Rose Gold, Openworked dial, 39 mm",This site can’t be reached,Audemars Piguet,NULL,NULL,,229900,0,3,0,/api/uploads/aviandco/products/16204or-oo-1240or-5bc490404021496d.jpg,https://www.aviandco.com/audemars-piguet-royal-oak-16204ba-oo-1240ba-01-openworked-dial-g016204ba-001
avi-audemars-piguet-royal-oak-16204ba-oo-1240ba-01-yellow-gold,mismatch,name,"Audemars Piguet Royal Oak 16204BA, ""Jumbo"" Extra Thin, 18K Yellow Gold, Openworked dial, 39 mm",This site can’t be reached,Audemars Piguet,NULL,NULL,,209900,0,3,0,/api/uploads/aviandco/products/16204ba-oo-1240ba-01cc4d966992e507.jpg,https://www.aviandco.com/audemars-piguet-royal-oak-16204ba-oo-1240ba-01-yellow-gold-openworked-dial-g016204ba-001
avi-audemars-piguet-royal-oak-25829st-skeleton-dal-25829st,mismatch,name;price,"Audemars Piguet Royal Oak 25829ST, Stainless Steel, Skeleton Dial, 39 mm",Audemars Piguet Royal Oak,Audemars Piguet,NULL,NULL,,0,163300.0,3,3,/api/uploads/aviandco/products/25829st-001-1-393baea987734d98.jpg,https://www.aviandco.com/audemars-piguet-royal-oak-25829st-skeleton-dal-25829st
avi-audemars-piguet-royal-oak-25860st-00-1110st-black-dial-258,mismatch,name;price;reference,"Audemars Piguet Royal Oak 25860ST, Stainless Steel, Black Dial, 39 mm",Audemars Piguet Royal Oak,Audemars Piguet,NULL,NULL,25860ST.00.1110ST,0,35800.0,3,3,/api/uploads/aviandco/products/25860st-001-1-1-4e29eb94a75cd2c5.jpg,https://www.aviandco.com/audemars-piguet-royal-oak-25860st-00-1110st-black-dial-25860st-002
avi-audemars-piguet-royal-oak-25977ba-oo-1205ba-02-silver-dial,mismatch,name;price;reference,"Audemars Piguet Royal Oak 25977BA, 18K Yellow Gold, Tourbillon Silver Dial, 44 mm",Audemars Piguet Royal Oak,Audemars Piguet,NULL,NULL,25977BA.OO.1205BA.02,0,145899.0,3,3,/api/uploads/aviandco/products/25977ba-1-1eea2c9ada25fddc.jpg,https://www.aviandco.com/audemars-piguet-royal-oak-25977ba-oo-1205ba-02-silver-dial-25977ba-001
avi-audemars-piguet-royal-oak-25978bc-zz-1190bc-01-pave-dial-2,mismatch,name;price;reference,"Audemars Piguet Royal Oak 25978BC, 18K White Gold, Pave Diamond Dial, 39 mm",Audemars Piguet Royal Oak,Audemars Piguet,NULL,NULL,25978BC.ZZ.1190BC.01,142900,137800.0,12,3,/api/uploads/aviandco/products/ap-royal-oak-25978bc-pave-1-192904c142e2c5fc.jpg,https://www.aviandco.com/audemars-piguet-royal-oak-25978bc-zz-1190bc-01-pave-dial-25978bc-zz-1190bc-01-001
avi-audemars-piguet-royal-oak-25979st-0-0002ca-01-city-of-sail,mismatch,name;price;reference,"Audemars Piguet Royal Oak 25979ST, ""30th Anniversary"", City of Sails, Steel, Grey Dial, 39 mm",Audemars Piguet Royal Oak,Audemars Piguet,NULL,NULL,25979ST.0.0002CA.01,0,28600.0,12,3,/api/uploads/aviandco/products/25979st-0-0002ca-01-001-1-11c4d22bb0494fd6.jpg,https://www.aviandco.com/audemars-piguet-royal-oak-25979st-0-0002ca-01-city-of-sails-grey-dial-25979st-0-0002ca-01-001
avi-audemars-piguet-royal-oak-25979st-o-0002ca-01-grey-dial-g0,mismatch,name,"Audemars Piguet Royal Oak 25979ST, 30th Anniversary City Of Sails, Steel, Grey Dial, 39 mm",This site can’t be reached,Audemars Piguet,NULL,NULL,,0,0,12,0,/api/uploads/aviandco/products/audemars-piguet-royak-royal-oak-offshore-26040st-001-1-1-1-bed79af4b78f58a6.jpg,https://www.aviandco.com/audemars-piguet-royal-oak-25979st-o-0002ca-01-grey-dial-g025979st-001
avi-audemars-piguet-royal-oak-26239bc-gg-1224bc-01-grey-dial-g,mismatch,name,"Audemars Piguet Royal Oak 26239BC, Chronograph, 18K White Gold Frosted, Grey Index Dial, 41 mm",This site can’t be reached,Audemars Piguet,NULL,NULL,,129900,0,9,0,/api/uploads/aviandco/products/ap-royal-oak-26239bc-white-gold-frosted-1-1-76c4c106c3e4723f.jpg,https://www.aviandco.com/audemars-piguet-royal-oak-26239bc-gg-1224bc-01-grey-dial-g0apro07552
avi-audemars-piguet-royal-oak-26239bc-oo-1220bc-01-blue-dial-2,mismatch,name,"Audemars Piguet Royal Oak 26239BC, Japan Edition, Limited to 222 pcs, 18K White Gold, Blue Chronograph Dial, 41 mm",This site can’t be reached,Audemars Piguet,NULL,NULL,,114900,0,1,0,/api/uploads/aviandco/products/audemars-piguet-royal-oak-26239bc-001-1-48d357de8f58f840.jpg,https://www.aviandco.com/audemars-piguet-royal-oak-26239bc-oo-1220bc-01-blue-dial-26239bc-001
avi-audemars-piguet-royal-oak-26239or-oo-1220or-01-blue-dial-2,mismatch,name;reference;image_count,"Audemars Piguet Royal Oak 26239OR, Chronograph, 18K Rose Gold, Blue Grande Tapisserie Dial, 41 mm",Audemars Piguet Royal Oak,Audemars Piguet,NULL,NULL,26239OR.OO.1220OR.01,119900,119900.0,1,3,/api/uploads/aviandco/products/audemars-piguet-royal-oak-2239or-001-1-ac5288f7e98ddeec.jpg,https://www.aviandco.com/audemars-piguet-royal-oak-26239or-oo-1220or-01-blue-dial-26239or-001
avi-audemars-piguet-royal-oak-26239or-oo-d315cr-01-blue-dial-g,mismatch,name;reference,"Audemars Piguet Royal Oak 26239OR, Chronograph, 18K Rose Gold, Blue Dial, 41 mm",Audemars Piguet Royal Oak,Audemars Piguet,NULL,NULL,26239OR.OO.D315CR.01,82900,82900.0,3,3,/api/uploads/aviandco/products/screenshot-2022-09-30-091236-3a669f05b25282f1.jpg,https://www.aviandco.com/audemars-piguet-royal-oak-26239or-oo-d315cr-01-blue-dial-g026239or-oo-d315cr-01-001
avi-audemars-piguet-royal-oak-26239or-oo-d821cr-01-brown-dial-,mismatch,name;reference,"Audemars Piguet Royal Oak 26239OR, Chronograph, 18K Rose Gold, Brown Index Dial, 41 mm",Audemars Piguet Royal Oak,Audemars Piguet,NULL,NULL,26239OR.OO.D821CR.01,77900,77900.0,3,3,/api/uploads/aviandco/products/screenshot-2022-09-30-102446-e7b5bcf620751985.jpg,https://www.aviandco.com/audemars-piguet-royal-oak-26239or-oo-d821cr-01-brown-dial-g026239or-oo-d821cr-01-001
avi-audemars-piguet-royal-oak-26240ba-gg-1324ba-01-yellow-gold,mismatch,name;price;reference,"Audemars Piguet Royal Oak 26240BA, 18K Frosted Yellow Gold, Yellow Gold-Toned Index Dial, 41 mm",Audemars Piguet Royal Oak,Audemars Piguet,NULL,NULL,26240BA.GG.1324BA.01,0,184900.0,3,3,/api/uploads/aviandco/products/ap-royal-oak-26240ba-gg-1324ba-01-7158f600d7b15d03.png,https://www.aviandco.com/audemars-piguet-royal-oak-26240ba-gg-1324ba-01-yellow-gold-dial-g026240ba-gg-1324ba-01-001
avi-audemars-piguet-royal-oak-26240ba-oo-1320ba-01-gold-dial-2,mismatch,name;reference,"Audemars Piguet Royal Oak 26240BA.OO.1320BA.01, ALYX Limited Edition, 18K Yellow Gold, Gold Dial, 41 mm",Audemars Piguet Royal Oak,Audemars Piguet,NULL,NULL,26240BA.OO.1320BA.01,149900,149900.0,3,3,/api/uploads/aviandco/products/audemars-piguet-royal-oak-26240ba-001-1-1-74db92d10a2e5aa5.jpg,https://www.aviandco.com/audemars-piguet-royal-oak-26240ba-oo-1320ba-01-gold-dial-26240ba-003
avi-audemars-piguet-royal-oak-26240bc-gg-1324bc-01-grey-index-,mismatch,name;reference,"Audemars Piguet Royal Oak 26240BC, Frosted 18K White Gold, Limited to 200 pcs, Grey Grande Tapisserie Dial, 41 mm",Audemars Piguet Royal Oak,Audemars Piguet,NULL,NULL,26240BC.GG.1324BC.01,137800,137800.0,12,3,/api/uploads/aviandco/products/audemars-piguet-royal-oak-26240bc-001-1-334e943cb185d11f.jpg,https://www.aviandco.com/audemars-piguet-royal-oak-26240bc-gg-1324bc-01-grey-index-dial-26240bc-001
avi-audemars-piguet-royal-oak-26240bc-gg-1324bc-02-blue-dial-g,mismatch,name;reference,"Audemars Piguet Royal Oak 26240BC, Chronograph, 18K Frosted White Gold, Blue dial, 41 mm",Audemars Piguet Royal Oak,Audemars Piguet,NULL,NULL,26240BC.GG.1324BC.02,189900,189900.0,3,3,/api/uploads/aviandco/products/26240bc-gg-1324bc-02-033ab8d87685a8bc.jpg,https://www.aviandco.com/audemars-piguet-royal-oak-26240bc-gg-1324bc-02-blue-dial-g026240bc-001
avi-audemars-piguet-royal-oak-26240bc-oo-1320bc-01-deep-purple,mismatch,name;price;reference,"Audemars Piguet Royal Oak 26240BC, Chronograph, 18K White Gold, Deep purple dial, 41 mm",Audemars Piguet Royal Oak,Audemars Piguet,NULL,NULL,26240BC.OO.1320BC.01,0,173900.0,3,3,/api/uploads/aviandco/products/26240bc-oo-1320bc-74e8d59b57eaaac1.jpg,https://www.aviandco.com/audemars-piguet-royal-oak-26240bc-oo-1320bc-01-deep-purple-dial-g026240bc-001
avi-audemars-piguet-royal-oak-26240or-oo-1320or-04-green-dial-,mismatch,name;price;reference,"Audemars Piguet Royal Oak 26240OR, ""50th Anniversary"",18K Rose Gold, Green Dial, 41 mm",Audemars Piguet Royal Oak,Audemars Piguet,NULL,NULL,26240OR.OO.1320OR.04,0,125900.0,12,3,/api/uploads/aviandco/products/audemars-piguet-royal-oak-26240or-006-1-97b0f6d955c5d16b.jpg,https://www.aviandco.com/audemars-piguet-royal-oak-26240or-oo-1320or-04-green-dial-26240or-006
avi-audemars-piguet-royal-oak-26240or-oo-1320or-05-blue-dial-2,mismatch,name;price;reference,"Audemars Piguet Royal Oak 26240OR, 50th Anniversary, 18K Rose Gold, Blue Index Dial, 41 mm",Audemars Piguet Royal Oak,Audemars Piguet,NULL,NULL,26240OR.OO.1320OR.05,0,132598.98,3,3,/api/uploads/aviandco/products/ap-royal-oak-26240or-blue-chronograph-1-1-d7435c9000c3ac95.jpg,https://www.aviandco.com/audemars-piguet-royal-oak-26240or-oo-1320or-05-blue-dial-26240or-oo-1320or-05-2
avi-audemars-piguet-royal-oak-26240or-oo-1320or-06-black-dial-,mismatch,name;reference,"Audemars Piguet Royal Oak 26240OR, Chronograph, 18K Rose Gold, Black Index Dial, 41 mm",Audemars Piguet Royal Oak,Audemars Piguet,NULL,NULL,26240OR.OO.1320OR.06,129900,129900.0,3,3,/api/uploads/aviandco/products/ap-royal-oak-2640or-oo-1320or-06-8b02ee04ef5a7d0e.jpg,https://www.aviandco.com/audemars-piguet-royal-oak-26240or-oo-1320or-06-black-dial-g026240or-oo-1320or-06-001
avi-audemars-piguet-royal-oak-26240or-oo-1320or-08-green-dial-,mismatch,name;reference,"Audemars Piguet Royal Oak 26240OR, Flyback Chronograph, 18K Rose Gold, Green Index Dial, 41 mm",Audemars Piguet Royal Oak,Audemars Piguet,NULL,NULL,26240OR.OO.1320OR.08,132700,132700.0,3,3,/api/uploads/aviandco/products/audemars-piguet-royal-oak-26240or-006-1-1-4ad9404e21d1aa5b.jpg,https://www.aviandco.com/audemars-piguet-royal-oak-26240or-oo-1320or-08-green-dial-26240or-007
avi-audemars-piguet-royal-oak-26240or-oo-d002cr-02-black-dial-,mismatch,name;price;reference,"Audemars Piguet Royal Oak 26240OR, 18K Rose Gold, Black Leather, Black Index Dial, 41 mm",Audemars Piguet Royal Oak,Audemars Piguet,NULL,NULL,26240OR.OO.D002CR.02,0,89900.0,3,3,/api/uploads/aviandco/products/ap-royal-oak-26240or-oo-d002cr-02-1bb73db175ea5621.png,https://www.aviandco.com/audemars-piguet-royal-oak-26240or-oo-d002cr-02-black-dial-g026240or-oo-d002cr-02-001
avi-audemars-piguet-royal-oak-26240st-oo-1320st-01-blue-dial-g,mismatch,name;price;reference,"Audemars Piguet Royal Oak 26240ST, 50th Anniversary, Stainless Steel, Blue Index Dial",Audemars Piguet Royal Oak,Audemars Piguet,NULL,NULL,26240ST.OO.1320ST.01,0,76600.0,9,3,/api/uploads/aviandco/products/onysko-production--9-656cc08b444c980d.jpg,https://www.aviandco.com/audemars-piguet-royal-oak-26240st-oo-1320st-01-blue-dial-g026240st-oo-1320st-01-001
avi-audemars-piguet-royal-oak-26240st-oo-1320st-02-black-dial-,mismatch,name;price;reference,"Audemars Piguet Royal Oak 26240ST, 50th Anniversary, Steel, Chronograph, Black Index Dial, 41 mm",Audemars Piguet Royal Oak,Audemars Piguet,NULL,NULL,26240ST.OO.1320ST.02,0,101998.98,4,3,/api/uploads/aviandco/products/ap-royal-oak-26240st-black-1-278dae680a1428aa.jpg,https://www.aviandco.com/audemars-piguet-royal-oak-26240st-oo-1320st-02-black-dial-g026240st-oo-1320st-02-001
avi-audemars-piguet-royal-oak-26240st-oo-1320st-05-blue-dial-2,mismatch,name;reference,"Audemars Piguet Royal Oak 26240ST, Stainless Steel, Blue Grande Tapisserie Dial, 41 mm",Audemars Piguet Royal Oak,Audemars Piguet,NULL,NULL,26240ST.OO.1320ST.05,84900,84900.0,3,3,/api/uploads/aviandco/products/ap-royal-oak-26240st-oo-1320st-05-1-c3964d591fd71cb7.jpg,https://www.aviandco.com/audemars-piguet-royal-oak-26240st-oo-1320st-05-blue-dial-26240st-008
avi-audemars-piguet-royal-oak-26240st-oo-1320st-06-g026240st-o,mismatch,name;reference,"Audemars Piguet Royal Oak 26240ST, Steel, Black Index Dial, 41 mm",Audemars Piguet Royal Oak,Audemars Piguet,NULL,NULL,26240ST.OO.1320ST.06,61900,61900.0,3,3,/api/uploads/aviandco/products/ap-royal-oak-26240st-oo-1320st-91fb5c45c0811ae0.jpg,https://www.aviandco.com/audemars-piguet-royal-oak-26240st-oo-1320st-06-g026240st-oo-1320st-06-001
avi-audemars-piguet-royal-oak-26240st-oo-1320st-07-silver-dial,mismatch,name;reference,"Audemars Piguet Royal Oak 26240ST, Stainless Steel, Silver Grande Tapisserie Dial, 41 mm",Audemars Piguet Royal Oak,Audemars Piguet,NULL,NULL,26240ST.OO.1320ST.07,57900,57900.0,3,3,/api/uploads/aviandco/products/audemars-piguet-royal-oak-26240st-010-1-9b12a64634b5b01e.jpg,https://www.aviandco.com/audemars-piguet-royal-oak-26240st-oo-1320st-07-silver-dial-26240st-010
avi-audemars-piguet-royal-oak-26240st-oo-1320st-08-green-dial-,mismatch,name;reference,"Audemars Piguet Royal Oak 26240ST, Chronograph, Steel, Green Index Dial, 41 mm",Audemars Piguet Royal Oak,Audemars Piguet,NULL,NULL,26240ST.OO.1320ST.08,74900,74900.0,3,3,/api/uploads/aviandco/products/1g-a9030256a870e25b.jpg,https://www.aviandco.com/audemars-piguet-royal-oak-26240st-oo-1320st-08-green-dial-g026240st-oo-1320st-08-001
avi-audemars-piguet-royal-oak-26300st-oo-1110st-07-blue-dial-g,mismatch,name;price;reference,"Audemars Piguet Royal Oak 26300ST, Chronograph, Stainless Steel, Blue Index Dial",Audemars Piguet Royal Oak,Audemars Piguet,NULL,NULL,26300ST.OO.1110ST.07,0,39999.0,3,3,/api/uploads/aviandco/products/26300st-oo-1110st-07-001-1-19cf752cec9cd237.jpg,https://www.aviandco.com/audemars-piguet-royal-oak-26300st-oo-1110st-07-blue-dial-g026300st-oo-1110st-07-001
avi-audemars-piguet-royal-oak-26319or-ay-1256or-01-purple-dial,mismatch,name;reference,"Audemars Piguet Royal Oak 26319OR, 18K Rose Gold, Baguette Diamond Bezel, Purple Index Dial, 38 mm",Audemars Piguet Royal Oak,Audemars Piguet,NULL,NULL,26319OR.AY.1256OR.01,239900,239900.0,3,3,/api/uploads/aviandco/products/ap-royal-oak-26319or-ay-1256or-01-e3e7c4172d402a44.jpg,https://www.aviandco.com/audemars-piguet-royal-oak-26319or-ay-1256or-01-purple-dial-g026319or-ay-1256or-01-001
avi-audemars-piguet-royal-oak-26320ba-oo-1220ba-02-blue-dial-2,mismatch,name;reference,"Audemars Piguet Royal Oak 26320BA, 18K Yellow Gold, Blue Dial, 41 mm",Audemars Piguet Royal Oak,Audemars Piguet,NULL,NULL,26320BA.OO.1220BA.02,98900,98900.0,3,3,/api/uploads/aviandco/products/audemars-piguet-royal-oak-26320ba-001-10-a1c15e701e7a926e.jpg,https://www.aviandco.com/audemars-piguet-royal-oak-26320ba-oo-1220ba-02-blue-dial-26320ba-001
avi-audemars-piguet-royal-oak-26320or-oo-1220or-01-black-dial-,mismatch,name;reference,"Audemars Piguet Royal Oak 26320OR, Chronograph, 18K Rose Gold, Black Dial, 41 mm",Audemars Piguet Royal Oak,Audemars Piguet,NULL,NULL,26320OR.OO.1220OR.02,89900,89900.0,3,3,/api/uploads/aviandco/products/audemars-piguet-royal-oak-26320or-004-1-921fa2a8b24c97f7.jpg,https://www.aviandco.com/audemars-piguet-royal-oak-26320or-oo-1220or-01-black-dial-26320or-004
avi-audemars-piguet-royal-oak-26320or-oo-1220or-02-silver-dial,mismatch,name;reference,"Audemars Piguet Royal Oak 26320OR, Chronograph, 18K Rose Gold, Silver Grande Tapisserie Dial, 41 mm",Audemars Piguet Royal Oak,Audemars Piguet,NULL,NULL,26320OR.OO.1220OR.02,85700,85700.0,12,3,/api/uploads/aviandco/products/audemars-piguet-royal-oak-26320or-005-1-4efd51af503a706e.jpg,https://www.aviandco.com/audemars-piguet-royal-oak-26320or-oo-1220or-02-silver-dial-26320or-005
avi-audemars-piguet-royal-oak-26320st-oo-1220st-01-black-dial-,mismatch,name;reference,"Audemars Piguet Royal Oak 26320ST, Chronograph, Stainless Steel, Black Index Dial, 41 mm",Audemars Piguet Royal Oak,Audemars Piguet,NULL,NULL,26320ST.OO.1220ST.01,38800,38800.0,10,3,/api/uploads/aviandco/products/26320st-oo-1220st-01-002-1-dde47ead75cdb65f.jpg,https://www.aviandco.com/audemars-piguet-royal-oak-26320st-oo-1220st-01-black-dial-26320st-004
avi-audemars-piguet-royal-oak-26320st-oo-1220st-02-silver-dial,mismatch,name;reference,"Audemars Piguet Royal Oak 26320ST, Chronograph, Stainless Steel, Silver Index Dial, 41 mm",Audemars Piguet Royal Oak,Audemars Piguet,NULL,NULL,26320ST.OO.1220ST.02,42900,42900.0,4,3,/api/uploads/aviandco/products/26320st-oo-1220st-02-001-1-1-23f5e536f425cf63.jpg,https://www.aviandco.com/audemars-piguet-royal-oak-26320st-oo-1220st-02-silver-dial-26320st-002
avi-audemars-piguet-royal-oak-26320st-oo-1220st-03-blue-dial-2,mismatch,name;reference,"Audemars Piguet Royal Oak 26320ST, Stainless Steel, Blue Dial, 41 mm",Audemars Piguet Royal Oak,Audemars Piguet,NULL,NULL,26320ST.OO.1220ST.03,49900,49900.0,12,3,/api/uploads/aviandco/products/audemars-piguet-26320st-001-1-60288f1dffe49383.jpg,https://www.aviandco.com/audemars-piguet-royal-oak-26320st-oo-1220st-03-blue-dial-26320st-001
avi-audemars-piguet-royal-oak-26331bc-gg-1224bc-01-plum-dial-2,mismatch,name;price;reference,"Audemars Piguet Royal Oak 26331BC, Chronograph, 18K White Gold, Plum Grande Tapisserie Dial, 41 mm",Audemars Piguet Royal Oak,Audemars Piguet,NULL,NULL,26331BC.GG.1224BC.01,0,194900.0,12,3,/api/uploads/aviandco/products/audemars-piguet-royal-oak-26331bc-001-1-f58c0d1e22e800d5.jpg,https://www.aviandco.com/audemars-piguet-royal-oak-26331bc-gg-1224bc-01-plum-dial-26331bc-001
avi-audemars-piguet-royal-oak-26331ip-oo-1220ip-01-grey-dial-2,mismatch,name;reference,"Audemars Piguet Royal Oak 26331IP, Titanium, Slate Grey Dial, 41 mm",Audemars Piguet Royal Oak,Audemars Piguet,NULL,NULL,26331IP.OO.1220IP.01,73900,73900.0,10,3,/api/uploads/aviandco/products/26331ip-001-1-8dfffd02c07c44c2.jpg,https://www.aviandco.com/audemars-piguet-royal-oak-26331ip-oo-1220ip-01-grey-dial-26331ip-001
avi-audemars-piguet-royal-oak-26331or-oo-1220or-01-blue-dial-2,mismatch,name;reference,"Audemars Piguet Royal Oak 26331OR, 18K Rose Gold, Blue Grande Tapisserie Dial, 41 mm",Audemars Piguet Royal Oak,Audemars Piguet,NULL,NULL,26331OR.OO.1220OR.01,98900,98900.0,3,3,/api/uploads/aviandco/products/ap-royal-oak-26331or-blue-1-2-d2ec6f9e7ad0df99.jpg,https://www.aviandco.com/audemars-piguet-royal-oak-26331or-oo-1220or-01-blue-dial-26331or-017
avi-audemars-piguet-royal-oak-26331or-oo-1220or-02-brown-dial-,mismatch,name;reference,"Audemars Piguet Royal Oak 26331OR, 18K Rose Gold, Brown Dial, 41 mm",Audemars Piguet Royal Oak,Audemars Piguet,NULL,NULL,26331OR.OO.1220OR.02,96900,96900.0,3,3,/api/uploads/aviandco/products/ap-royal-oak-26331or-brown-index-1-1-82b2d804889c1b85.jpg,https://www.aviandco.com/audemars-piguet-royal-oak-26331or-oo-1220or-02-brown-dial-26331or-004
avi-audemars-piguet-royal-oak-26331or-oo-1220or-02-chocolate-d,mismatch,name;reference,"Audemars Piguet Royal Oak 26331OR, 18K Rose Gold, Chocolate Dial, 41 mm",Audemars Piguet Royal Oak,Audemars Piguet,NULL,NULL,26331OR.OO.1220OR.02,57200,57200.0,3,3,/api/uploads/aviandco/products/audemars-piguet-royal-oak-26331or-013-1-5ec0495f0d3cbe3b.jpg,https://www.aviandco.com/audemars-piguet-royal-oak-26331or-oo-1220or-02-chocolate-dial-26331or-013
avi-audemars-piguet-royal-oak-26331or-oo-d315cr-01-blue-dial-2,mismatch,name;reference,"Audemars Piguet Royal Oak 26331OR, 18K Rose Gold, Blue Dial, 41 mm",Audemars Piguet Royal Oak,Audemars Piguet,NULL,NULL,26331OR.OO.D315CR.01,59900,59900.0,3,3,/api/uploads/aviandco/products/audemars-piguet-royal-oak-26331or-003-1-ad0d9a2655e93378.jpg,https://www.aviandco.com/audemars-piguet-royal-oak-26331or-oo-d315cr-01-blue-dial-26331or-003
avi-audemars-piguet-royal-oak-26331or-oo-d821cr-01-brown-dial-,mismatch,name;reference,"Audemars Piguet Royal Oak 26331OR, Chronograph, 18K Rose Gold, Brown Leather, Brown Index Dial, 41 mm",Audemars Piguet Royal Oak,Audemars Piguet,NULL,NULL,26331OR.OO.D821CR.01,57900,57900.0,3,3,/api/uploads/aviandco/products/ap-royal-oak-3e50af3a06f7ac1c.jpg,https://www.aviandco.com/audemars-piguet-royal-oak-26331or-oo-d821cr-01-brown-dial-g026331or-oo-d821cr-01-001
avi-audemars-piguet-royal-oak-26331st-oo-1220st-01-blue-dial-g,mismatch,name;reference,"Audemars Piguet Royal Oak 26331ST, Chronograph, Steel, Blue Index Dial, 41 mm",Audemars Piguet Royal Oak,Audemars Piguet,NULL,NULL,26331ST.OO.1220ST.01,52900,52900.0,3,3,/api/uploads/aviandco/products/ap-royal-oak-26331st-blue-dial-1-1-a1a9961e678a2b86.jpg,https://www.aviandco.com/audemars-piguet-royal-oak-26331st-oo-1220st-01-blue-dial-g026331st-oo-1220st-01-001
avi-audemars-piguet-royal-oak-26331st-oo-1220st-02-black-dial-,mismatch,name;reference,"Audemars Piguet Royal Oak 26331ST, Chronograph, Stainless Steel, Black Grande Tapisserie Dial, 41 mm",Audemars Piguet Royal Oak,Audemars Piguet,NULL,NULL,26331ST.OO.1220ST.02,44900,44900.0,12,3,/api/uploads/aviandco/products/audemars-piguet-royal-oak-26331st-001-1-1-1-1-8c18ab1f1006203b.jpg,https://www.aviandco.com/audemars-piguet-royal-oak-26331st-oo-1220st-02-black-dial-26331st-007
avi-audemars-piguet-royal-oak-26331st-oo-1220st-03-white-dial-,mismatch,name;reference,"Audemars Piguet Royal Oak 26331ST, Steel, Panda Dial, 41 mm",Audemars Piguet Royal Oak,Audemars Piguet,NULL,NULL,26331ST.OO.1220ST.03,51900,51900.0,3,3,/api/uploads/aviandco/products/aviandco-404-oswaldo-local.jpg,https://www.aviandco.com/audemars-piguet-royal-oak-26331st-oo-1220st-03-white-dial-26331st-oo-1220st-03-002
avi-audemars-piguet-royal-oak-26343ce-oo-1247ce-01-transparent,mismatch,name;price;reference,"Audemars Piguet Royal Oak 26343CE, Ceramic, Tourbillon Chronograph, Skeleton Dial, 44 mm",Audemars Piguet Royal Oak,Audemars Piguet,NULL,NULL,26343CE.OO.1247CE.01,0,280599.0,9,3,/api/uploads/aviandco/products/audemars-piguet-royak-oak-26343ce-001-1-0a6e3bae8a9ba680.jpg,https://www.aviandco.com/audemars-piguet-royal-oak-26343ce-oo-1247ce-01-transparent-dial-26343ce-001
avi-audemars-piguet-royal-oak-26347ti-gg-d004ca-02-skeleton-di,mismatch,name;price;reference,"Audemars Piguet Royal Oak 26347TI, Titanium, Tourbillon Chronograph, Skeleton Dial, 44 mm",Audemars Piguet Royal Oak,Audemars Piguet,NULL,NULL,26347TI.GG.D004CA.02,0,204999.0,12,3,/api/uploads/aviandco/products/audemars-piguet-royal-oak-26347ti-001-1-1-8116dd7c4bc5d9ba.jpg,https://www.aviandco.com/audemars-piguet-royal-oak-26347ti-gg-d004ca-02-skeleton-dial-g026347ti-001
avi-audemars-piguet-royal-oak-26516pt-zz-1220pt-01-smoke-grey-,mismatch,name;price;reference,"Audemars Piguet Royal Oak 26516PT, Tourbillon, Platinum, Smoke Grey Dial, 41 mm",Audemars Piguet Royal Oak,Audemars Piguet,NULL,NULL,26516PT.ZZ.1220PT.01,239800,234700.0,12,3,/api/uploads/aviandco/products/ap-royal-oak-26516pt-smoke-grey-1-8d4a8ace89b6f51a.jpg,https://www.aviandco.com/audemars-piguet-royal-oak-26516pt-zz-1220pt-01-smoke-grey-dial-26516pt-zz-1220pt-01-001
avi-audemars-piguet-royal-oak-26518or-oo-1220or-01-transparent,mismatch,name;price;reference,"Audemars Piguet Royal Oak 26518OR Tourbillon, Dubai Edition, Transparent Dial 41 mm",Audemars Piguet Royal Oak,Audemars Piguet,NULL,NULL,26518OR.OO.1220OR.01,362200,352000.0,3,3,/api/uploads/aviandco/products/audemars-piguet-royal-oak-26518or-001-1-3cedd1c60a863629.jpg,https://www.aviandco.com/audemars-piguet-royal-oak-26518or-oo-1220or-01-transparent-dial-26518or-001
avi-audemars-piguet-royal-oak-26530or-oo-1220or-01-grey-dial-a,mismatch,name;price;reference,"Audemars Piguet Royal Oak 26730OR, Tourbillon, 18K Rose Gold, Brown Index Dial, 41 mm",Audemars Piguet Royal Oak,Audemars Piguet,NULL,NULL,26730OR.GG.1320OR.01,0,305998.98,3,3,/api/uploads/aviandco/products/26730or-gg-1320or-41eeefea7107948c.jpg,https://www.aviandco.com/audemars-piguet-royal-oak-26530or-oo-1220or-01-grey-dial-apro07550-1
avi-audemars-piguet-royal-oak-26530st-oo-1220st-01-blue-dial-a,mismatch,name,"Audemars Piguet Royal Oak 26530ST, Stainless Steel, Tourbillon, Blue Dial, 41 mm",This site can’t be reached,Audemars Piguet,NULL,NULL,,173500,0,3,0,/api/uploads/aviandco/products/audemars-piguet-royal-oak-turbilion-apro07507-1-e84b8289951e4d67.jpg,https://www.aviandco.com/audemars-piguet-royal-oak-26530st-oo-1220st-01-blue-dial-apro07507
avi-audemars-piguet-royal-oak-26534ti-oo-1220ti-01-green-dial-,mismatch,name,"Audemars Piguet Royal Oak 26534TI, Tourbillon, Titanium, Green Index Dial, 41 mm",This site can’t be reached,Audemars Piguet,NULL,NULL,,0,0,10,0,/api/uploads/aviandco/products/ap-royal-oak-26534-titanium-green-index-1-f13f0c9ab0c59fa0.jpg,https://www.aviandco.com/audemars-piguet-royal-oak-26534ti-oo-1220ti-01-green-dial-26534ti-oo-1220ti-01-001
avi-audemars-piguet-royal-oak-26574bc-gg-1224bc-01-blue-dial-g,mismatch,name;reference,"Audemars Piguet Royal Oak 26574BC, Perpetual Calendar, 18K Frosted White Gold, Blue Dial, 41 mm",Audemars Piguet Royal Oak,Audemars Piguet,NULL,NULL,26574BC.GG.1224BC.01,268900,268900.0,3,3,/api/uploads/aviandco/products/26574bc-gg-1224bc-c7651830200d0519.jpg,https://www.aviandco.com/audemars-piguet-royal-oak-26574bc-gg-1224bc-01-blue-dial-g026574bc-001
avi-audemars-piguet-royal-oak-26574bc-oo-1220bc-01-burgundy-di,mismatch,name;reference,"Audemars Piguet Royal Oak 26574BC, Perpetual Calendar, 18K White Gold, Burgundy Dial, 41 mm",Audemars Piguet Royal Oak,Audemars Piguet,NULL,NULL,26574BC.OO.1220BC.01,249900,249900.0,3,3,/api/uploads/aviandco/products/26574bc-oo-1220bc-4f8aeef8c7034cde.jpg,https://www.aviandco.com/audemars-piguet-royal-oak-26574bc-oo-1220bc-01-burgundy-dial-g026574bc-001
avi-audemars-piguet-royal-oak-26574bc-oo-1220bc-02-blue-crysta,mismatch,name;reference,"Audemars Piguet Royal Oak 26574BC, 18K White Gold, ""John Mayer"" Limited Edition of 200 pieces, Blue Crystal Sky Dial, 41 mm",Audemars Piguet Royal Oak,Audemars Piguet,NULL,NULL,26574BC.OO.1220BC.02,339900,339900.0,3,3,/api/uploads/aviandco/products/audemars-piguet-royal-oak-26574bc-002-1-1-7d22d940f2ce7a3d.jpg,https://www.aviandco.com/audemars-piguet-royal-oak-26574bc-oo-1220bc-02-blue-crystal-sky-dial-26574bc-003
avi-audemars-piguet-royal-oak-26574st-00-1220st-03-grande-tapi,mismatch,name;reference,"Audemars Piguet Royal Oak 26574ST, Perpetual Calendar, Stainless Steel, Grande Tapisserie Blue Index Dial, 41 mm",Audemars Piguet Royal Oak,Audemars Piguet,NULL,NULL,26574ST.OO.1220ST.03,117400,117400.0,3,3,/api/uploads/aviandco/products/audemars-piguet-royal-oak-26574st-001-1-6a46abfbfa58a250.jpg,https://www.aviandco.com/audemars-piguet-royal-oak-26574st-00-1220st-03-grande-tapisserie-blue-dial-26574st-002
avi-audemars-piguet-royal-oak-26579cb-oo-1225cb-01-blue-dial-g,mismatch,name;reference,"Audemars Piguet Royal Oak 26574OR, Perpetual Calendar, 18K Rose Gold, Blue Dial, 41 mm",Audemars Piguet Royal Oak,Audemars Piguet,NULL,NULL,26574OR.OO.1220OR.03,164900,164900.0,12,3,/api/uploads/aviandco/products/audemars-piguet-royal-oak-26574or-1-1-3-ac98ba466d37567d.jpg,https://www.aviandco.com/audemars-piguet-royal-oak-26579cb-oo-1225cb-01-blue-dial-g026574or-oo-1220or-03
avi-audemars-piguet-royal-oak-26579cb-oo-1225cb-01-white-dial-,mismatch,name;reference,"Audemars Piguet Royal Oak 26579CB, Perpetual Calendar, White Ceramic, Blue Dial, 41 mm",Audemars Piguet Royal Oak,Audemars Piguet,NULL,NULL,26579CB.OO.1225CB.01,308900,308900.0,3,3,/api/uploads/aviandco/products/26579cb-001-1-1-36369ddabc384a06.jpg,https://www.aviandco.com/audemars-piguet-royal-oak-26579cb-oo-1225cb-01-white-dial-g026579cb-002
avi-audemars-piguet-royal-oak-26579ce-oo-1225ce-01-grey-dial-2,mismatch,name;reference,"Audemars Piguet Royal Oak 26579CE, Perpetual Calendar, Black Ceramic, Grey Grande Tapisserie Dial, 41 mm",Audemars Piguet Royal Oak,Audemars Piguet,NULL,NULL,26579CE.OO.1225CE.01,249900,249900.0,12,3,/api/uploads/aviandco/products/audemars-piguet-royal-oak-26579ce-002-1-1-99b024efa6bedda0.jpg,https://www.aviandco.com/audemars-piguet-royal-oak-26579ce-oo-1225ce-01-grey-dial-26579ce-004
avi-audemars-piguet-royal-oak-26579cs-oo-1225cs-01-blue-dial-2,mismatch,name;reference,"Audemars Piguet Royal Oak 26579CS, Perpetual Calendar, Blue Ceramic, Blue Grande Tapisserie Dial, 41 mm",Audemars Piguet Royal Oak,Audemars Piguet,NULL,NULL,26579CS.OO.1225CS.01,498900,498900.0,11,3,/api/uploads/aviandco/products/audemars-piguet-royal-oak-26579cs-001-1-2-cb0df50e99da17c0.jpg,https://www.aviandco.com/audemars-piguet-royal-oak-26579cs-oo-1225cs-01-blue-dial-26579cs-005
avi-audemars-piguet-royal-oak-26584or-oo-1220or-01-pink-dial-2,mismatch,name;reference,"Audemars Piguet Royal Oak 26584OR, ""Latin America"", Limited to 100 pcs, 18K Rose Gold, Pink Dial, 41 mm",Audemars Piguet Royal Oak,Audemars Piguet,NULL,NULL,26584OR.OO.1220OR.01,219400,219400.0,3,3,/api/uploads/aviandco/products/26584or-001-1-1-35990848385e3cc1.jpg,https://www.aviandco.com/audemars-piguet-royal-oak-26584or-oo-1220or-01-pink-dial-26584or-002
avi-audemars-piguet-royal-oak-26585ce-oo-1225ce-01-skeleton-di,mismatch,name;reference,"Audemars Piguet Royal Oak 26585CE, Perpetual Calendar, Ceramic, Skeleton Dial, 41 mm",Audemars Piguet Royal Oak,Audemars Piguet,NULL,NULL,26585CE.OO.1225CE.01,439900,439900.0,3,3,/api/uploads/aviandco/products/26585ce-001-1-1-1-11e7c16f54ec536a.jpg,https://www.aviandco.com/audemars-piguet-royal-oak-26585ce-oo-1225ce-01-skeleton-dial-26585ce-2
avi-audemars-piguet-royal-oak-26585cm-oo-d301ve-01-skeleton-di,mismatch,name;reference,"Audemars Piguet Royal Oak 26585CM, Perpetual Calendar, ""Cactus Jack"", Ceramic, Skeleton dial, 41 mm",Audemars Piguet Royal Oak,Audemars Piguet,NULL,NULL,26585CM.OO.D301VE.01,598900,598900.0,3,3,/api/uploads/aviandco/products/26585cm-oo-d301ve-f6c8eff1e47a0b28.jpg,https://www.aviandco.com/audemars-piguet-royal-oak-26585cm-oo-d301ve-01-skeleton-dial-g026585cm-001
avi-audemars-piguet-royal-oak-26586ip-oo-1240ip-01-blue-dial-g,mismatch,name;reference,"Audemars Piguet Royal Oak 26586IP, Perpetual Calendar, Ultra-Thin, Titanium, Blue Index Dial, 41 mm",Audemars Piguet Royal Oak,Audemars Piguet,NULL,NULL,26586IP.OO.1240IP.01,209900,209900.0,3,3,/api/uploads/aviandco/products/ap-royal-oak-26586ip-blue-1-1aa48e5fe151e73b.jpg,https://www.aviandco.com/audemars-piguet-royal-oak-26586ip-oo-1240ip-01-blue-dial-g026586ip-oo-1240ip-01-001
avi-audemars-piguet-royal-oak-26591ce-oo-d002ca-02-black-dial-,mismatch,name;reference,"Audemars Piguet Royal Oak 26591CE, Ceramic, Black Dial, 42 mm",Audemars Piguet Royal Oak,Audemars Piguet,NULL,NULL,26591CE.OO.D002CA.02,409900,409900.0,3,3,/api/uploads/aviandco/products/audemars-piguet-royal-oak-26591ce-001-1-c74471f773d38614.jpg,https://www.aviandco.com/audemars-piguet-royal-oak-26591ce-oo-d002ca-02-black-dial-g026591ce-001
avi-audemars-piguet-royal-oak-26607ba-oo-1220ba-01-champagne-d,mismatch,name;reference,"Audemars Piguet Royal Oak 26607BA, Perpetual Calendar, 18K Yellow Gold, Champagne Dial, 41 mm",Audemars Piguet Royal Oak,Audemars Piguet,NULL,NULL,26607BA.OO.1220BA.01,284900,284900.0,3,3,/api/uploads/aviandco/products/ap-royal-oak-26607ba-champagne-1-1-d3a5c7ede8686579.jpg,https://www.aviandco.com/audemars-piguet-royal-oak-26607ba-oo-1220ba-01-champagne-dial-g026607ba-oo-1220ba-01-001
avi-audemars-piguet-royal-oak-266140or-black-dial-g0266140or-0,mismatch,name;price;reference,"Audemars Piguet Royal Oak 266140OR, Perpetual Calendar, 18K Rose Gold, Rainbow Bezel, Black Dial, 41 mm",Audemars Piguet Royal Oak,Audemars Piguet,NULL,NULL,266140OR,0,499999.0,12,3,/api/uploads/aviandco/products/266140or-001-1-f4dfaa8d38c57b62.jpg,https://www.aviandco.com/audemars-piguet-royal-oak-266140or-black-dial-g0266140or-001
avi-audemars-piguet-royal-oak-26614or-zz-12200r-01-black-dial-,mismatch,name;price;reference,"Audemars Piguet Royal Oak 26614OR, Perpetual Calendar, 18K Rose Gold, Black Grande Tapisserie Dial, 41 mm",Audemars Piguet Royal Oak,Audemars Piguet,NULL,NULL,26614OR.ZZ.12200R.01,0,346900.0,3,3,/api/uploads/aviandco/products/audemars-piguet-royal-oak-26614or-002-1-09d965dfab097005.jpg,https://www.aviandco.com/audemars-piguet-royal-oak-26614or-zz-12200r-01-black-dial-26614or-002
avi-audemars-piguet-royal-oak-26615ti-perpetual-calendar-titan,mismatch,name;reference,"Audemars Piguet Royal Oak 26615TI, Perpetual Calendar, Titanium, Salmon Dial, 41 mm",Audemars Piguet Royal Oak,Audemars Piguet,NULL,NULL,26615TI.OO.1220TI.01,179900,179900.0,6,3,/api/uploads/aviandco/products/ap-royal-oak-26615ti-salmon-1-ed18055ecd5a5371.jpg,https://www.aviandco.com/audemars-piguet-royal-oak-26615ti-perpetual-calendar-titanium-salmo
avi-audemars-piguet-royal-oak-26625bc-zz-1223bc-02-skeleton-di,mismatch,name;price;reference,"Audemars Piguet Royal Oak 26625BC, Perpetual Calendar, 18K WG, Diamond, Skeleton Dial, 41 mm",Audemars Piguet Royal Oak,Audemars Piguet,NULL,NULL,26625BC.ZZ.1223BC.02,0,576399.0,12,3,/api/uploads/aviandco/products/26625bc-001-1-090f64a936cdc628.jpg,https://www.aviandco.com/audemars-piguet-royal-oak-26625bc-zz-1223bc-02-skeleton-dial-26625bc-001
avi-audemars-piguet-royal-oak-26660st-oo-1356st-02-extra-thin-,mismatch,name;reference,"Audemars Piguet Royal Oak 26660ST, ""Extra Thin"" Tourbillon, Stainless Steel, Purple dial, 37 mm",Audemars Piguet Royal Oak,Audemars Piguet,NULL,NULL,26660ST.OO.1356ST.02,204900,204900.0,3,3,/api/uploads/aviandco/products/26660st-oo-1356st-236a5935d08eecc3.jpg,https://www.aviandco.com/audemars-piguet-royal-oak-26660st-oo-1356st-02-extra-thin-plum-dial-g026660st-001
avi-audemars-piguet-royal-oak-26670st-oo-1240st-02-blue-dial-g,mismatch,name;reference,"Audemars Piguet Royal Oak 26670ST, ""Jumbo"" Tourbillon, Stainless Steel, Blue Dial, 39 mm",Audemars Piguet Royal Oak,Audemars Piguet,NULL,NULL,26670ST.OO.1240ST.02,199900,199900.0,3,3,/api/uploads/aviandco/products/26670st-oo-1240st-ebda76d1d73d4c2c.jpg,https://www.aviandco.com/audemars-piguet-royal-oak-26670st-oo-1240st-02-blue-dial-g026670st-001
avi-audemars-piguet-royal-oak-26674sg-oo-1320sg-01-sand-gold-t,mismatch,name;reference,"Audemars Piguet Royal Oak 26674SG, Perpetual Calendar, Sand Gold, Sand Gold-Toned Dial, 41 mm",Audemars Piguet Royal Oak,Audemars Piguet,NULL,NULL,26674SG.OO.1320SG.01,339900,339900.0,3,3,/api/uploads/aviandco/products/audemars-piguet-royal-oak-26674sg-001-1-8e97071c465c7657.jpg,https://www.aviandco.com/audemars-piguet-royal-oak-26674sg-oo-1320sg-01-sand-gold-toned-grande-tapisserie-dial-26674sg-001
avi-audemars-piguet-royal-oak-26674st-oo-1320st-01-blue-grande,mismatch,name;reference,"Audemars Piguet Royal Oak 26674ST, Perpetual Calendar, Stainless Steel, Blue Grande Tapisserie Dial, 41 mm",Audemars Piguet Royal Oak,Audemars Piguet,NULL,NULL,26674ST.OO.1320ST.01,199000,199000.0,12,3,/api/uploads/aviandco/products/audemars-piguet-royal-oak-26674st-001-01-9c3df26c30f6153a.jpg,https://www.aviandco.com/audemars-piguet-royal-oak-26674st-oo-1320st-01-blue-grande-tapisserie-dial-26674st-001
avi-audemars-piguet-royal-oak-26685xt-oo-1320xt-01-openworked-,mismatch,name;price;reference,"Audemars Piguet Royal Oak Perpetual Calendar 26685XT, Titanium, Openworked Dial, 41 mm",Audemars Piguet Royal Oak Perpetual Calendar,Audemars Piguet,NULL,NULL,26685XT.OO.1320XT.01,0,500000.0,3,3,/api/uploads/aviandco/products/audemars-piguet-royal-oak-g026685xt-spy-001-1-3e1b07c3ba479cf2.jpg,https://www.aviandco.com/audemars-piguet-royal-oak-26685xt-oo-1320xt-01-openworked-dial-g026685xt-spy-001
avi-audemars-piguet-royal-oak-26715bc-zz-1356bc-02-onyx-dial-g,mismatch,name;price;reference,"Audemars Piguet Royal Oak 26715BC, Chronograph, 18K White Gold, Onyx dial, 38 mm",Audemars Piguet Royal Oak,Audemars Piguet,NULL,NULL,26715BC.ZZ.1356BC.02,0,101998.98,3,3,/api/uploads/aviandco/products/26715bc-zz-1356bc-02-b2fa98665d2b5638.jpg,https://www.aviandco.com/audemars-piguet-royal-oak-26715bc-zz-1356bc-02-onyx-dial-g026715bc-001
avi-audemars-piguet-royal-oak-26715bc-zz1356c01-blue-diamond-d,mismatch,name,"Audemars Piguet Royal Oak 26715BC, 18K White Gold, Diamond Bezel, Blue Diamond Dial, 38 mm",This site can’t be reached,Audemars Piguet,NULL,NULL,,0,0,3,0,/api/uploads/aviandco/products/audemars-piguet-26715bc-001-1-b025480df64bb001.jpg,https://www.aviandco.com/audemars-piguet-royal-oak-26715bc-zz1356c01-blue-diamond-dial-26715bc-001
avi-audemars-piguet-royal-oak-26715or-oo-1356or-01-blue-dial-g,mismatch,name;reference,"Audemars Piguet Royal Oak 26715OR, 18K Rose Gold, Bleu Nuit Nuage 50 Dial, 38 mm",Audemars Piguet Royal Oak,Audemars Piguet,NULL,NULL,26715OR.OO.1356OR.01,107900,107900.0,3,3,/api/uploads/aviandco/products/ap-royal-oak-26715or-oo-1356or-01-38654448a262c283.png,https://www.aviandco.com/audemars-piguet-royal-oak-26715or-oo-1356or-01-blue-dial-g026715or-oo-1356or-01-001
avi-audemars-piguet-royal-oak-26715or-zz-1356or-01-silver-dial,mismatch,name;reference,"Audemars Piguet Royal Oak 26715OR, Diamond Bezel, 18K Rose Gold, Silver Index Dial, 38 mm",Audemars Piguet Royal Oak,Audemars Piguet,NULL,NULL,26715OR.ZZ.1356OR.01,114900,114900.0,3,3,/api/uploads/aviandco/products/ap-royal-oak-26715or-zz-1356or-01-8f7a9d70f501e0ea.jpg,https://www.aviandco.com/audemars-piguet-royal-oak-26715or-zz-1356or-01-silver-dial-g026715or-zz-1356or-01-001
avi-audemars-piguet-royal-oak-26715or-zz-1356or-02-onyx-dial-g,mismatch,name;price;reference,"Audemars Piguet Royal Oak 26715OR, Chronograph, 18K Rose Gold, Onyx dial, 38 mm",Audemars Piguet Royal Oak,Audemars Piguet,NULL,NULL,26715OR.ZZ.1356OR.02,0,87999.0,3,3,/api/uploads/aviandco/products/26715or-zz-1356or-cd2c1d5da2e3cb34.jpg,https://www.aviandco.com/audemars-piguet-royal-oak-26715or-zz-1356or-02-onyx-dial-g026715or-001
avi-audemars-piguet-royal-oak-26715st-oo-1356st-01-blue-dial-2,mismatch,name;reference,"Audemars Piguet Royal Oak 26715ST, Chronograph, Steel, Blue Index Dial, 38 mm",Audemars Piguet Royal Oak,Audemars Piguet,NULL,NULL,26715ST.OO.1356ST.01,61900,61900.0,3,3,/api/uploads/aviandco/products/ap-royal-oak-26715st-blue-1-1-254d4646faf9551c.jpg,https://www.aviandco.com/audemars-piguet-royal-oak-26715st-oo-1356st-01-blue-dial-26715st-oo-1356st-01-1
avi-audemars-piguet-royal-oak-26715st-oo-1356st-01-diamond-blu,mismatch,name;reference,"Audemars Piguet Royal Oak 26715ST, Chronograph, Steel, Diamond Bezel, Blue Index Dial, 38 mm",Audemars Piguet Royal Oak,Audemars Piguet,NULL,NULL,26715ST.ZZ.1356ST.01,83900,83900.0,3,3,/api/uploads/aviandco/products/26715st-zz-1356st-2a8faa26bdf2d549.jpg,https://www.aviandco.com/audemars-piguet-royal-oak-26715st-oo-1356st-01-diamond-blue-dial-26715st-oo-1356st-01-002
avi-audemars-piguet-royal-oak-26715st-oo-1356st-02-grey-dial-g,mismatch,name;reference,"Audemars Piguet Royal Oak 26715ST, Chronograph, Steel, Grey Index Dial, 38 mm",Audemars Piguet Royal Oak,Audemars Piguet,NULL,NULL,26715ST.OO.1356ST.02,53900,53900.0,3,3,/api/uploads/aviandco/products/ap-royal-oak-26715st-oo-1356st-02-f75a4441ebe75734.png,https://www.aviandco.com/audemars-piguet-royal-oak-26715st-oo-1356st-02-grey-dial-g026715st-oo-1356st-02-001
avi-audemars-piguet-royal-oak-26730bc-zz-1320bc-02-blue-dial-g,mismatch,name;price;reference,"Audemars Piguet Royal Oak 26730BC, Flying Tourbillon, 18K White Gold, Blue Dial, 41 mm",Audemars Piguet Royal Oak,Audemars Piguet,NULL,NULL,26730BC.ZZ.1320BC.02,0,319900.0,3,3,/api/uploads/aviandco/products/26730bc-zz-1320bc-1938c70ce9e5c1c0.jpg,https://www.aviandco.com/audemars-piguet-royal-oak-26730bc-zz-1320bc-02-blue-dial-g026730bc-001
avi-audemars-piguet-royal-oak-26730or-tourbillon-18k-rose-gold,mismatch,name;reference,"Audemars Piguet Royal Oak 26730OR, Tourbillon, 18K Rose Gold, Blue Dial, 41 mm",Audemars Piguet Royal Oak,Audemars Piguet,NULL,NULL,26730OR.OO.1320OR.02,244900,244900.0,12,3,/api/uploads/aviandco/products/g026730or-oo-1320or-02-001-cc68e6a75bec4de0.jpg,https://www.aviandco.com/audemars-piguet-royal-oak-26730or-tourbillon-18k-rose-gold-blue-dial-41-mm
avi-audemars-piguet-royal-oak-26730st-oo-1320st-06-grey-dial-g,mismatch,name;price;reference,"Audemars Piguet Royal Oak 26730ST, Tourbillon, Steel, Grey Index Dial, 41 mm",Audemars Piguet Royal Oak,Audemars Piguet,NULL,NULL,26730ST.OO.1320ST.06,0,169900.0,3,3,/api/uploads/aviandco/products/ap-royal-oak-26730st-oo-1320st-06-cc54ec6d4accd5a2.jpg,https://www.aviandco.com/audemars-piguet-royal-oak-26730st-oo-1320st-06-grey-dial-g026730st-oo-1320st-06-001
avi-audemars-piguet-royal-oak-26730ti-oo-1320ti-02-blue-dial-g,mismatch,name;reference,"Audemars Piguet Royal Oak 26730TI, Flying Tourbillon, Titanium, Sandblasted Blue Dial, 41 mm",Audemars Piguet Royal Oak,Audemars Piguet,NULL,NULL,26730TI.OO.1320TI.02,174900,174900.0,3,3,/api/uploads/aviandco/products/26730ti-oo-1320ti-38a63fe331e059df.jpg,https://www.aviandco.com/audemars-piguet-royal-oak-26730ti-oo-1320ti-02-blue-dial-g026730ti-001
avi-audemars-piguet-royal-oak-26730ti-oo-1320ti-04-smoked-blue,mismatch,name;reference,"Audemars Piguet Royal Oak 26730TI, Flying Tourbillon, Titanium, Smoked Blue-green Dial, 41 mm",Audemars Piguet Royal Oak,Audemars Piguet,NULL,NULL,26730TI.OO.1320TI.04,279900,279900.0,3,3,/api/uploads/aviandco/products/26730ti-oo-1320ti-04-df50c382fbce3d21.jpg,https://www.aviandco.com/audemars-piguet-royal-oak-26730ti-oo-1320ti-04-smoked-blue-green-dial-g026730ti-001
avi-audemars-piguet-royal-oak-26735st-oo-1320st-02-openworked-,mismatch,name;reference,"Audemars Piguet Royal Oak 26735ST, Flying Tourbillon, Steel, Openworked dial, 41 mm",Audemars Piguet Royal Oak,Audemars Piguet,NULL,NULL,26735ST.OO.1320ST.02,299900,299900.0,3,3,/api/uploads/aviandco/products/26735st-oo-1320st-db0d8ea422122afd.jpg,https://www.aviandco.com/audemars-piguet-royal-oak-26735st-oo-1320st-02-openworked-dial-g026735st-001
avi-audemars-piguet-royal-oak-37mm-grey-stainless-steel-watch-,mismatch,name,"Audemars Piguet Royal Oak 15450ST, Stainless Steel, Grey Dial, 37 mm",This site can’t be reached,Audemars Piguet,NULL,NULL,,43900,0,11,0,/api/uploads/aviandco/products/apro07111--1-352-1-3d1736e45f4c7c54.jpg,https://www.aviandco.com/audemars-piguet-royal-oak-37mm-grey-stainless-steel-watch-g015450st-oo-1256st-02-07276
avi-audemars-piguet-royal-oak-5402ba-grey-dial-5402ba-001,mismatch,name;price;reference,"Audemars Piguet Royal Oak 5402BA, 18K Yellow Gold, Grey Index Dial, 39 mm",Audemars Piguet Royal Oak,Audemars Piguet,NULL,NULL,5402BA,0,102100.0,3,3,/api/uploads/aviandco/products/5402ba-001-1-6b2d47c9403b85da.jpg,https://www.aviandco.com/audemars-piguet-royal-oak-5402ba-grey-dial-5402ba-001
avi-audemars-piguet-royal-oak-56343ba-pave-dial-56343ba-001,mismatch,name;price;reference,"Audemars Piguet Royal Oak 56343BA, 18K Yellow Gold, Diamond Bezel, Pave Dial, 33 mm",Audemars Piguet Royal Oak,Audemars Piguet,NULL,NULL,56343BA,0,86800.0,3,3,/api/uploads/aviandco/products/56343ba-001-1-1-eafcddb011a1569c.jpg,https://www.aviandco.com/audemars-piguet-royal-oak-56343ba-pave-dial-56343ba-001
avi-audemars-piguet-royal-oak-67601ba-zz-1210ba-02-white-wave-,mismatch,name;price;reference,"Audemars Piguet Royal Oak 67601BA, 18K Yellow Gold, White Wave Dial, 33 mm",Audemars Piguet Royal Oak,Audemars Piguet,NULL,NULL,67601BA.ZZ.1210BA.02,0,25600.0,12,3,/api/uploads/aviandco/products/audemars-piguet-royal-oak-67601ba-001-1-d34fdf659d48a125.jpg,https://www.aviandco.com/audemars-piguet-royal-oak-67601ba-zz-1210ba-02-white-wave-dial-67601-ba-001
avi-audemars-piguet-royal-oak-67605bc-zz-d004su-01-diamond-dia,mismatch,name;price;reference,"Audemars Piguet Royal Oak 67605BC, 18K White Gold, Diamond Dial, 33 mm",Audemars Piguet Royal Oak,Audemars Piguet,NULL,NULL,67605BC.ZZ.D004SU.01,0,56200.0,9,3,/api/uploads/aviandco/products/ap-royal-oak-67605bc-1-c5aadff5a4b72b50.jpg,https://www.aviandco.com/audemars-piguet-royal-oak-67605bc-zz-d004su-01-diamond-dial-g0apro07523
avi-audemars-piguet-royal-oak-67621st-zz-d012cr-02-white-index,mismatch,name;price;reference,"Audemars Piguet Royal Oak 67621ST, Stainless Steel, White Index Dial, 33 mm",Audemars Piguet Royal Oak,Audemars Piguet,NULL,NULL,67621st.zz.d012cr.02,0,17900.0,12,3,/api/uploads/aviandco/products/audemars-piguet-royal-oak-67621st-001-1-eed8c73c06f945b9.jpg,https://www.aviandco.com/audemars-piguet-royal-oak-67621st-zz-d012cr-02-white-index-dial-67621st-001
avi-audemars-piguet-royal-oak-67630ba-gg-1312ba-01-gold-dial-6,mismatch,name;reference,"Audemars Piguet Royal Oak 67630BA, ""Mini"", Frosted 18K Yellow Gold, Petite Tapisserie Gold Dial, 23 mm",Audemars Piguet Royal Oak,Audemars Piguet,NULL,NULL,67630BA.GG.1312BA.01,96900,96900.0,12,3,/api/uploads/aviandco/products/audemars-piguet-royal-oak-67630ba-001-1-d52ec96a71614f35.jpg,https://www.aviandco.com/audemars-piguet-royal-oak-67630ba-gg-1312ba-01-gold-dial-67630ba-001
avi-audemars-piguet-royal-oak-67630ba-oo-1312ba-03-b-mother-of,mismatch,name;price;reference,"Audemars Piguet Royal Oak 67630BA, ""Mini"", 18K Yellow Gold, Mother of Pearl Dial, 23 mm",Audemars Piguet Royal Oak,Audemars Piguet,NULL,NULL,67630BA.OO.1312BA.03-B,0,38400.0,3,3,/api/uploads/aviandco/products/audemars-piguet-royal-g067630ba-spy-001-1-56ff0e607a56a84f.jpg,https://www.aviandco.com/audemars-piguet-royal-oak-67630ba-oo-1312ba-03-b-mother-of-pearl-dial-g067630ba-001
avi-audemars-piguet-royal-oak-67630or-oo-1312or-01-b-black-ony,mismatch,name;price;reference,"Audemars Piguet Royal Oak 67630OR, ""Mini"", 18K Rose Gold, Black Onyx Dial, 23 mm",Audemars Piguet Royal Oak,Audemars Piguet,NULL,NULL,67630OR.OO.1312OR.01-B,0,44000.0,3,3,/api/uploads/aviandco/products/audemars-piguet-royal-oak-g067630or-spy-001-1-8b6e2b1e56e3235b.jpg,https://www.aviandco.com/audemars-piguet-royal-oak-67630or-oo-1312or-01-b-black-onyx-dial-g067630or-spy-001
avi-audemars-piguet-royal-oak-67650sr-oo-1261sr-01-rose-gold-d,mismatch,name;reference,"Audemars Piguet Royal Oak 67650SR, Stainless Steel & 18K Rose Gold, Rose Gold Grande Tapisserie Dial, 35 mm",Audemars Piguet Royal Oak,Audemars Piguet,NULL,NULL,67650SR.OO.1261SR.01,37800,37800.0,3,3,/api/uploads/aviandco/products/audemars-piguet-royal-oak-67650sr-004-1-f2a51e5e0f614968.jpg,https://www.aviandco.com/audemars-piguet-royal-oak-67650sr-oo-1261sr-01-rose-gold-dial-67650sr-004
avi-audemars-piguet-royal-oak-67651bc-zz-1261bc-01-purple-dial,mismatch,name;price;reference,"Audemars Piguet Royal Oak 67651BC, Diamond Bezel, 18K White Gold, Purple Arabic Numerals Dial, 33 mm",Audemars Piguet Royal Oak,Audemars Piguet,NULL,NULL,67651BC.ZZ.1261BC.01,0,84999.0,3,3,/api/uploads/aviandco/products/ap-royal-oak-ref--67651bc-zz-1261bc-01-4220d3539552864b.jpg,https://www.aviandco.com/audemars-piguet-royal-oak-67651bc-zz-1261bc-01-purple-dial-g067651bc-zz-1261bc-01-001
avi-audemars-piguet-royal-oak-67651or-zz-1261or-01-white-dial-,mismatch,name;reference,"Audemars Piguet Royal Oak 67651OR, 18K Rose Gold, Diamond Bezel, White Dial, 33 mm",Audemars Piguet Royal Oak,Audemars Piguet,NULL,NULL,67651OR.ZZ.1261OR.01,68900,68900.0,3,3,/api/uploads/aviandco/products/67651or-6ef7dc08c2258fd4.png,https://www.aviandco.com/audemars-piguet-royal-oak-67651or-zz-1261or-01-white-dial-67651or-001
avi-audemars-piguet-royal-oak-67651or-zz-1261or-02-g067651or-z,mismatch,name;reference,"Audemars Piguet Royal Oak 67651OR, 18K Rose Gold, Diamond Bezel, Blue Index Dial, 33 mm",Audemars Piguet Royal Oak,Audemars Piguet,NULL,NULL,67651OR.ZZ.1261OR.02,86900,86900.0,3,3,/api/uploads/aviandco/products/67651or-blue-diamond-832571589fcc662d.png,https://www.aviandco.com/audemars-piguet-royal-oak-67651or-zz-1261or-02-g067651or-zz-1261or-02-001
avi-audemars-piguet-royal-oak-67651or-zz-1261or-06-purple-dial,mismatch,name;price;reference,"Audemars Piguet Royal Oak 67651OR, Diamond Bezel, 18K Rose Gold, Purple Arabic Numerals Dial, 33 mm",Audemars Piguet Royal Oak,Audemars Piguet,NULL,NULL,67651OR.ZZ.1261OR.06,0,152998.98,3,3,/api/uploads/aviandco/products/ap-royal-oak-67651or-zz-1261or-06-1-cc32bd6d716c2558.jpg,https://www.aviandco.com/audemars-piguet-royal-oak-67651or-zz-1261or-06-purple-dial-g067651or-zz-1261or-06-001
avi-audemars-piguet-royal-oak-67651st-zz-1261st-01-white-dial-,mismatch,name;reference,"Audemars Piguet Royal Oak 67651ST, Stainless Steel, Diamond Bezel, Silver Grande Tapisserie Dial, 33 mm",Audemars Piguet Royal Oak,Audemars Piguet,NULL,NULL,67651ST.ZZ.D011CR.01,34700,34700.0,3,3,/api/uploads/aviandco/products/audemars-piguet-royal-oak-67651st-002-watch-1-4f469331cf6061e0.jpg,https://www.aviandco.com/audemars-piguet-royal-oak-67651st-zz-1261st-01-white-dial-67651st-002
avi-audemars-piguet-royal-oak-67651st-zz-d002cr-01-white-dial-,mismatch,name;price;reference,"Audemars Piguet Royal Oak 67651ST, Stainless Steel, White Dial, 33 mm",Audemars Piguet Royal Oak,Audemars Piguet,NULL,NULL,67651ST.ZZ.D002CR.01,0,21299.0,3,3,/api/uploads/aviandco/products/apro07107--1-159-aba54f2a712dbc4a.jpg,https://www.aviandco.com/audemars-piguet-royal-oak-67651st-zz-d002cr-01-white-dial-g067651st-001
avi-audemars-piguet-royal-oak-67653bc-gg-1263bc-01-silver-dial,mismatch,name;price;reference,"Audemars Piguet Royal Oak 67653BC, 18K White Gold, Silver Dial, 33 mm",Audemars Piguet Royal Oak,Audemars Piguet,NULL,NULL,67653BC.GG.1263BC.01,0,68900.0,3,3,/api/uploads/aviandco/products/audemars-piguet-royal-oak-67653bc-001-01-6186ad786a3f4476.jpg,https://www.aviandco.com/audemars-piguet-royal-oak-67653bc-gg-1263bc-01-silver-dial-67653bc-001
avi-audemars-piguet-royal-oak-67654or-zz-1264or-01-diamond-dia,mismatch,name;price;reference,"Audemars Piguet Royal Oak 67654OR, 18K Rose Gold, Diamond Rose Gold Dial, 33 mm",Audemars Piguet Royal Oak,Audemars Piguet,NULL,NULL,67654OR.ZZ.1264OR.01,0,122500.0,12,3,/api/uploads/aviandco/products/audemars-piguet-royal-oak-67654or-001-1-be60e6902ba8663a.jpg,https://www.aviandco.com/audemars-piguet-royal-oak-67654or-zz-1264or-01-diamond-dial-67654or-001
avi-audemars-piguet-royal-oak-67656bc-gr-1261bc-01-purple-dial,mismatch,name;price;reference,"Audemars Piguet Royal Oak 67656BC, Diamond Bezel, 18K White Gold, Purple Arabic Numerals Dial, 33 mm",Audemars Piguet Royal Oak,Audemars Piguet,NULL,NULL,67656BC.GR.1261BC.01,0,149999.0,3,3,/api/uploads/aviandco/products/ap-royal-oak-67656bc-gr-1261bc-01-1-9a557199f9e0ea9c.jpg,https://www.aviandco.com/audemars-piguet-royal-oak-67656bc-gr-1261bc-01-purple-dial-g067656bc-gr-1261bc-01-001
avi-audemars-piguet-royal-oak-67656bc-zz-1261bc-01-purple-dial,mismatch,name;price,"Audemars Piguet Royal Oak 67656BC, Diamond Bezel, 18K White Gold, Purple Arabic Numerals Dial, 33 mm",Audemars Piguet Royal Oak,Audemars Piguet,NULL,NULL,,0,152998.98,3,3,/api/uploads/aviandco/products/ap-royal-oak-67656bc-zz-1261bc-01-1-473191324c548983.jpg,https://www.aviandco.com/audemars-piguet-royal-oak-67656bc-zz-1261bc-01-purple-dial-g067656bc-zz-1261bc-01-001
avi-audemars-piguet-royal-oak-67656or-gr-1261or-01-purple-dial,mismatch,name;price;reference,"Audemars Piguet Royal Oak 67656OR, 18K Rose Gold, Purple Arabic Numerals Dial, 33 mm",Audemars Piguet Royal Oak,Audemars Piguet,NULL,NULL,67656OR.GR.1261OR.01,0,149999.0,3,3,/api/uploads/aviandco/products/ap-67656or-1-1-e2d5bed42a705da1.jpg,https://www.aviandco.com/audemars-piguet-royal-oak-67656or-gr-1261or-01-purple-dial-g067656or-gr-1261or-01-001
avi-audemars-piguet-royal-oak-77350cb-oo-1266cb-01-silver-dial,mismatch,name;price;reference,"Audemars Piguet Royal Oak 77350CB, White Ceramic, Silver Dial, 34 mm",Audemars Piguet Royal Oak,Audemars Piguet,NULL,NULL,77350CB.OO.1266CB.01,77600,76600.0,12,3,/api/uploads/aviandco/products/audemars-piguet-royal-oak-77350cb-001-1-1133e81709b02e93.jpg,https://www.aviandco.com/audemars-piguet-royal-oak-77350cb-oo-1266cb-01-silver-dial-77350cb-001
avi-audemars-piguet-royal-oak-77350ce-oo-1266ce-03-a-black-dia,mismatch,name;price;reference,"Audemars Piguet Royal Oak 77350CE, Black Ceramic, Black Dial, 34 mm",Audemars Piguet Royal Oak,Audemars Piguet,NULL,NULL,77350CE.OO.1266CE.03.A,61300,60200.0,3,3,/api/uploads/aviandco/products/audemars-piguet-royal-oak-77350ce-002-1-3bfa16c5732ce81a.jpg,https://www.aviandco.com/audemars-piguet-royal-oak-77350ce-oo-1266ce-03-a-black-dial-77350ce-002
avi-audemars-piguet-royal-oak-77350st-oo-1261st-01-silver-inde,mismatch,name;reference,"Audemars Piguet Royal Oak 77350ST, Stainless Steel, Silver Grande Tapisserie Index Dial, 34 mm",Audemars Piguet Royal Oak,Audemars Piguet,NULL,NULL,77350ST.OO.1261ST.01,39800,39800.0,3,3,/api/uploads/aviandco/products/audemars-piguet-royal-oak-77350st-004-1-7669939f18df3c18.jpg,https://www.aviandco.com/audemars-piguet-royal-oak-77350st-oo-1261st-01-silver-index-dial-77350st-004
avi-audemars-piguet-royal-oak-77351or-zz1261or-01-rose-gold-di,mismatch,name;reference,"Audemars Piguet Royal Oak 77351OR, 18K Rose Gold, Silver Dial, 34 mm",Audemars Piguet Royal Oak,Audemars Piguet,NULL,NULL,77351OR.ZZ.1261OR.01,89900,89900.0,3,3,/api/uploads/aviandco/products/audemars-piguet-royal-oak-77351or-001-1-1-1-81f75d15ac280f69.jpg,https://www.aviandco.com/audemars-piguet-royal-oak-77351or-zz1261or-01-rose-gold-dial-77351or-001
avi-audemars-piguet-royal-oak-77351st-zz-1261st-01-blue-dial-g,mismatch,name;reference,"Audemars Piguet Royal Oak 77351ST, Steel, Diamond Bezel, Blue Index Dial, 34 mm",Audemars Piguet Royal Oak,Audemars Piguet,NULL,NULL,77351ST.ZZ.1261ST.01,48900,48900.0,3,3,/api/uploads/aviandco/products/ap-royal-oak-77351st-blue-1-3575f5c91728d4ad.jpg,https://www.aviandco.com/audemars-piguet-royal-oak-77351st-zz-1261st-01-blue-dial-g077351st-zz-1261st-01-001
avi-audemars-piguet-royal-oak-77353bc-gg-1263bc-01-blue-dial-g,mismatch,name;reference,"Audemars Piguet Royal Oak 77353BC, 18K Frosted White Gold, Light Blue Index Dial, 34 mm",Audemars Piguet Royal Oak,Audemars Piguet,NULL,NULL,77353BC.GG.1263BC.01,88900,88900.0,3,3,/api/uploads/aviandco/products/ap-royal-oak-77353bc-gg-1263bc-01-e6c49c99584d0403.png,https://www.aviandco.com/audemars-piguet-royal-oak-77353bc-gg-1263bc-01-blue-dial-g077353bc-gg-1263bc-01-001
avi-audemars-piguet-royal-oak-77450bc-gg-1361bc-01-chrystal-sa,mismatch,name;reference,"Audemars Piguet Royal Oak 77450BC, Frosted 18K White Gold, Crystal Sand Index Dial, 34 mm",Audemars Piguet Royal Oak,Audemars Piguet,NULL,NULL,77450BC.GG.1361BC.01,137800,137800.0,3,3,/api/uploads/aviandco/products/audemars-piguet-royal-oak-77450bc-001-1-1f8c92cb56237d6e.jpg,https://www.aviandco.com/audemars-piguet-royal-oak-77450bc-gg-1361bc-01-chrystal-sand-index-dial-77450bc-001
avi-audemars-piguet-royal-oak-77450st-oo-1361st-01-silver-dial,mismatch,name;price;reference,"Audemars Piguet Royal Oak 77450ST, ""50th Anniversary"", Stainless Steel, Silver Grande Tapisserie Dial, 34 mm",Audemars Piguet Royal Oak,Audemars Piguet,NULL,NULL,77450ST.OO.1361ST.01,0,39800.0,3,3,/api/uploads/aviandco/products/audemars-piguet-royal-oak-77450st-001-1-a4711f6bc9402dba.jpg,https://www.aviandco.com/audemars-piguet-royal-oak-77450st-oo-1361st-01-silver-dial-77450st-001
avi-audemars-piguet-royal-oak-77451or-zz-1361or-03-silver-dial,mismatch,name;reference,"Audemars Piguet Royal Oak 77451OR, 18K Rose Gold, Diamond Bezel, Silver Grande Tapisserie Dial, 34 mm",Audemars Piguet Royal Oak,Audemars Piguet,NULL,NULL,77451OR.ZZ.1361OR.03,90800,90800.0,12,3,/api/uploads/aviandco/products/audemars-piguet-royal-oak-77451or-004-1-15b01b01cb59c813.jpg,https://www.aviandco.com/audemars-piguet-royal-oak-77451or-zz-1361or-03-silver-dial-77451or-004
avi-audemars-piguet-royal-oak-77451or-zz-1361or-04-blue-dial-g,mismatch,name;reference,"Audemars Piguet Royal Oak 77451OR, 18K Rose Gold, Diamond Bezel, Bleu Nuit Index Dial, 34 mm",Audemars Piguet Royal Oak,Audemars Piguet,NULL,NULL,77451OR.ZZ.1361OR.04,106900,106900.0,3,3,/api/uploads/aviandco/products/ap-royal-oak-77451or-zz-1361or-04-fab5f2db90a40e24.jpg,https://www.aviandco.com/audemars-piguet-royal-oak-77451or-zz-1361or-04-blue-dial-g077451or-zz-1361or-04-001
avi-audemars-piguet-royal-oak-brown-dial-g067650or-oo-1261or-0,mismatch,name;reference,"Audemars Piguet Royal Oak 67650OR, Rose Gold, Brown Dial, 33 mm",Audemars Piguet Royal Oak,Audemars Piguet,NULL,NULL,67650OR.OO.1261OR.01,57900,57900.0,3,3,/api/uploads/aviandco/products/apro07147--1-384-1-5664889bca6ba6df.jpg,https://www.aviandco.com/audemars-piguet-royal-oak-brown-dial-g067650or-oo-1261or-01
avi-audemars-piguet-royal-oak-chronograph-26240ce-oo-1225ce-02,mismatch,name;reference,"Audemars Piguet Royal Oak 26240CE, Chronograph, Black Ceramic, Black Grande Tapisserie Dial, 41 mm",Audemars Piguet Royal Oak,Audemars Piguet,NULL,NULL,26240CE.OO.1225CE.02,129900,129900.0,12,3,/api/uploads/aviandco/products/audemars-piguet-royal-oak-26240ce-001-1-1-ffd056a6db9d991a.jpg,https://www.aviandco.com/audemars-piguet-royal-oak-chronograph-26240ce-oo-1225ce-02-black-dial-26240ce-005
avi-audemars-piguet-royal-oak-chronograph-26420cd-oo-a029ve-01,mismatch,name;reference,"Audemars Piguet Royal Oak 26420CD, Chronograph Blue Nuit Ceramic, Beige Mega Tapisserie Dial, 43 mm",Audemars Piguet Royal Oak,Audemars Piguet,NULL,NULL,26420CD.OO.A029VE.01,81900,81900.0,3,3,/api/uploads/aviandco/products/audemars-piguet-royal-oak-chronograph-g026420cd-spy001-1-1ad14e4544ed669c.jpg,https://www.aviandco.com/audemars-piguet-royal-oak-chronograph-26420cd-oo-a029ve-01-beige-mega-tapisserie-dial-g026420cd-spy001
avi-audemars-piguet-royal-oak-chronograph-26450or-zz-1356or-01,mismatch,name;price;reference,"Audemars Piguet Royal Oak 26450OR, Chronograph, 18K Pink Gold, Sand Gold-Toned Grande Tapisserie Dial, 38 mm",Audemars Piguet Royal Oak,Audemars Piguet,NULL,NULL,26450OR.ZZ.1356OR.01-B,0,100000.0,3,3,/api/uploads/aviandco/products/audemars-piguet-royal-oak-chronograph-sand-gold-dial-g026450or-spy001--11ebb2888245077f.jpg,https://www.aviandco.com/audemars-piguet-royal-oak-chronograph-26450or-zz-1356or-01-sand-gold-dial-g026450or-spy-001
avi-audemars-piguet-royal-oak-concept-26227bc-ss-d326cr-01-pav,mismatch,name;price;reference,"Audemars Piguet Royal Oak Concept 26227BC, Flying Tourbillon, Diamond Bezel, 18K White Gold, Skeleton Dial, 38 mm",Audemars Piguet Royal Oak Concept,Audemars Piguet,NULL,NULL,26227BC.SS.D326CR.01,0,219399.0,3,3,/api/uploads/aviandco/products/ap-concept-26227bc-ss-d326cr-01-1-0d1aa478a66df78b.jpg,https://www.aviandco.com/audemars-piguet-royal-oak-concept-26227bc-ss-d326cr-01-pave-dial-26227bc-001
avi-audemars-piguet-royal-oak-concept-26580io-oo-d010ca-01-ope,mismatch,name;reference,"Audemars Piguet Royal Oak Concept 26580IO, Titanium, Skeleton Dial, 44 mm",Audemars Piguet Royal Oak Concept,Audemars Piguet,NULL,NULL,26580IO.OO.D010CA.01,135900,135900.0,12,3,/api/uploads/aviandco/products/26580io-001-1-1-1-0c79d858e044063c.jpg,https://www.aviandco.com/audemars-piguet-royal-oak-concept-26580io-oo-d010ca-01-openworked-dial-26580io-003
avi-audemars-piguet-royal-oak-concept-26589io-oo-d500ca-01-tou,mismatch,name;price;reference,"Audemars Piguet Royal Oak Concept 26589IO, Tourbillon GMT, Titanium, Skeleton Dial, 44 mm",Audemars Piguet Royal Oak Concept,Audemars Piguet,NULL,NULL,26589IO.OO.D500CA.01,0,199999.0,3,3,/api/uploads/aviandco/products/26589io-12-11fe7aa3584f4df9.jpg,https://www.aviandco.com/audemars-piguet-royal-oak-concept-26589io-oo-d500ca-01-tourbillon-gmt-tita-skeleton-dial-44-mm
avi-audemars-piguet-royal-oak-concept-26620io-oo-d077ca-01-ske,mismatch,name;reference,"Audemars Piguet Royal Oak Concept 26620IO, Black Panther, Limited to 250pcs, Titanium, Ceramic Bezel, 42 mm",Audemars Piguet Royal Oak Concept,Audemars Piguet,NULL,NULL,26620IO.OO.D077CA.01,205900,205900.0,3,3,/api/uploads/aviandco/products/audemars-piguet-royal-oak-concept-black-panther-26620io-001-1-9f114bfafd51090c.jpg,https://www.aviandco.com/audemars-piguet-royal-oak-concept-26620io-oo-d077ca-01-skeleton-dial-26620io-001
avi-audemars-piguet-royal-oak-concept-26630or-gg-d626cr-01-tou,mismatch,name;price;reference,"Audemars Piguet Royal Oak Concept 26630OR, Tourbillon ""Tamara Ralph"", 18K Pink Gold, Multilayered Dial, 38 mm",Audemars Piguet Royal Oak Concept,Audemars Piguet,NULL,NULL,26630OR.GG.D626CR.01,0,305998.98,3,3,/api/uploads/aviandco/products/26630or-1-ed277d64629dc3a1.jpg,https://www.aviandco.com/audemars-piguet-royal-oak-concept-26630or-gg-d626cr-01-tour-18k-pink-gold-38-mm
avi-audemars-piguet-royal-oak-concept-26631io-oo-d002ca-01-tou,mismatch,name,"Audemars Piguet Royal Oak Concept 26631IO, Tourbillon ""Spider-man"", Titanium, Skeleton Dial, 42 mm",This site can’t be reached,Audemars Piguet,NULL,NULL,,269900,0,3,0,/api/uploads/aviandco/products/26631io-89289beed7da0227.jpg,https://www.aviandco.com/audemars-piguet-royal-oak-concept-26631io-oo-d002ca-01-tourbillon-spider-man-titanium-42-mm
avi-audemars-piguet-royal-oak-concept-26632cn-oo-d100ca-01-tou,mismatch,name;price;reference,"Audemars Piguet Royal Oak Concept 26631IO, Tourbillon ""Black Spider-man"", White Gold, Skeleton Dial, 42 mm",Audemars Piguet Royal Oak Concept,Audemars Piguet,NULL,NULL,26632CN.OO.D100CA.01,0,611998.98,3,3,/api/uploads/aviandco/products/26632cn-db3787cf17025d0a.jpg,https://www.aviandco.com/audemars-piguet-royal-oak-concept-26632cn-oo-d100ca-01-tourbillon-black-spider-man-white-gold-skeleton-dial-42-mm
avi-audemars-piguet-royal-oak-g015416ce-oo-1225ce-01-openworke,mismatch,name;reference,"Audemars Piguet Royal Oak 15416CE, Double Balance Wheel, Ceramic, Openworked Dial, 41 mm",Audemars Piguet Royal Oak,Audemars Piguet,NULL,NULL,15416CE.OO.1225CE.01,307000,307000.0,3,3,/api/uploads/aviandco/products/apro-15416ce-oo-1225ce-01--09-01--f-2-490d500b2d5b9c00.jpg,https://www.aviandco.com/audemars-piguet-royal-oak-g015416ce-oo-1225ce-01-openworked-dial-15416ce-oo-1225ce-01-2
avi-audemars-piguet-royal-oak-jumbo-15202st-oo-1240st-01-blue-,mismatch,name;reference,"Audemars Piguet Royal Oak 15202ST,""Jumbo"" Stainless Steel, Blue Dial, 39 mm",Audemars Piguet Royal Oak,Audemars Piguet,NULL,NULL,15202ST.OO.1240ST.01,74900,74900.0,11,3,/api/uploads/aviandco/products/audemars-piguet-royal-oak-15202st-002-1-1-1-1-b3afc62613d486d3.jpg,https://www.aviandco.com/audemars-piguet-royal-oak-jumbo-15202st-oo-1240st-01-blue-dial-15202st-006
avi-audemars-piguet-royal-oak-lady-offshore-26231st-zz-d002ca-,mismatch,name;price;reference,"Audemars Piguet Royal Oak Offshore 26231ST, Stainless Steel, Diamond Bezel, Black Index Dial, 37 mm",Audemars Piguet Royal Oak Offshore,Audemars Piguet,NULL,NULL,26231ST.ZZ.D002CA.01,34700,33700.0,3,3,/api/uploads/aviandco/products/audemars-piguet-offshore-26231st-004-1-df5eb3151bda5bea.jpg,https://www.aviandco.com/audemars-piguet-royal-oak-lady-offshore-26231st-zz-d002ca-01-black-index-dial-26231st-004
avi-audemars-piguet-royal-oak-mini-67630bc-gg-1312bc-01-silver,mismatch,name;reference,"Audemars Piguet Royal Oak 67630BC, ""Mini"", Frosted 18K White Gold, Petite Tapisserie Silver Dial, 23 mm",Audemars Piguet Royal Oak,Audemars Piguet,NULL,NULL,67630BC.GG.1312BC.01,104900,104900.0,12,3,/api/uploads/aviandco/products/audemars-piguet-royal-oak-67630bc-001-6043a4f4003598a9.jpg,https://www.aviandco.com/audemars-piguet-royal-oak-mini-67630bc-gg-1312bc-01-silver-dial-67630bc-001
avi-audemars-piguet-royal-oak-mini-67630or-gg-1312or-01-rose-d,mismatch,name;price;reference,"Audemars Piguet Royal Oak 67630OR, ""Mini"", Frosted 18K Rose Gold, Petite Tapisserie Rose Dial, 23 mm",Audemars Piguet Royal Oak,Audemars Piguet,NULL,NULL,67630OR.GG.1312OR.01,0,95900.0,3,3,/api/uploads/aviandco/products/audemars-piguet-royal-oak-67630or-004-1-1-9fb360ca6cd3ad03.jpg,https://www.aviandco.com/audemars-piguet-royal-oak-mini-67630or-gg-1312or-01-rose-dial-67630or-004
avi-audemars-piguet-royal-oak-off-shore-g026238ti-oo-a056ca-01,mismatch,name;reference,"Audemars Piguet Royal Oak Offshore 26238TI, Chronograph, Titanium, Khaki green dial, 42 mm",Audemars Piguet Royal Oak Offshore,Audemars Piguet,NULL,NULL,26238TI.OO.A056CA.01,37900,37900.0,3,3,/api/uploads/aviandco/products/26238ti-1-dfb24172ad1bcfc8.jpg,https://www.aviandco.com/audemars-piguet-royal-oak-off-shore-g026238ti-oo-a056ca-01-chronograph-titanium-khaki-green-dial-42-mm
avi-audemars-piguet-royal-oak-offshore-15600ce-oo-a002ca-01-bl,mismatch,name;reference,"Audemars Piguet Royal Oak Offshore 15600CE, Ceramic, Music Edition, Black Index Dial, 43 mm",Audemars Piguet Royal Oak Offshore,Audemars Piguet,NULL,NULL,15600CE.OO.A002CA.01,71900,71900.0,3,3,/api/uploads/aviandco/products/audemars-piguet-15600ce-oo--a002ca-01-music-edition-5da2244882a83d36.jpg,https://www.aviandco.com/audemars-piguet-royal-oak-offshore-15600ce-oo-a002ca-01-black-dial-g015600ce-oo-a002ca-01-001
avi-audemars-piguet-royal-oak-offshore-15600ti-oo-a343ca-01-bl,mismatch,name;reference,"Audemars Piguet Royal Oak Offshore 15600TI, ""Music Edition"", Titanium, Blue Index Dial, 43 mm",Audemars Piguet Royal Oak Offshore,Audemars Piguet,NULL,NULL,15600TI.OO.A343CA.01,46900,46900.0,3,3,/api/uploads/aviandco/products/15600ti-blue-music-54bf44c7a41bd1d7.jpg,https://www.aviandco.com/audemars-piguet-royal-oak-offshore-15600ti-oo-a343ca-01-blue-dial-g015600ti-oo-a343ca-01-001
avi-audemars-piguet-royal-oak-offshore-15601bc-music-18k-white,mismatch,name,"Audemars Piguet Royal Oak Offshore 15601BC, ""Music"", 18K White Gold, Blue aventurine dial, 43 mm",This site can’t be reached,Audemars Piguet,NULL,NULL,,0,0,3,0,/api/uploads/aviandco/products/15601bc-1-6a17b5cb7ee35d14.jpg,https://www.aviandco.com/audemars-piguet-royal-oak-offshore-15601bc-music-18k-white-gold-blue-aventurine-dial-43-mm
avi-audemars-piguet-royal-oak-offshore-15605sk-oo-a350ca-01-bl,mismatch,name;reference,"Audemars Piguet Royal Oak Offshore 15605SK, Stainless Steel, Blue Mega Tapisserie Dial, 43 mm",Audemars Piguet Royal Oak Offshore,Audemars Piguet,NULL,NULL,15605SK.OO.A350CA.01,40900,40900.0,3,3,/api/uploads/aviandco/products/audemars-piguet-royal-oak-offshore-15605sk-001-1-1-1-9ed388a496e6d7ae.jpg,https://www.aviandco.com/audemars-piguet-royal-oak-offshore-15605sk-oo-a350ca-01-blue-dial-15605sk-004
avi-audemars-piguet-royal-oak-offshore-15720st-oo-a027ca-01-bl,mismatch,name;reference,"Audemars Piguet Royal Oak Offshore 15720ST, Stainless Steel, Blue Dial, 42 mm",Audemars Piguet Royal Oak Offshore,Audemars Piguet,NULL,NULL,15720ST.OO.A027CA.01,34900,34900.0,3,3,/api/uploads/aviandco/products/ap-royal-oak-offshore-15720st-blue-1-527fa2f828902f27.jpg,https://www.aviandco.com/audemars-piguet-royal-oak-offshore-15720st-oo-a027ca-01-blue-dial-g015720st-oo-a027ca-01-001
avi-audemars-piguet-royal-oak-offshore-15720st-oo-a052ca-01-gr,mismatch,name;reference,"Audemars Piguet Royal Oak Offshore 15720ST, Stainless Steel, Green Index Dial, 42 mm",Audemars Piguet Royal Oak Offshore,Audemars Piguet,NULL,NULL,15720ST.OO.A052CA.01,34900,34900.0,3,3,/api/uploads/aviandco/products/15720st-green-133ae34d8b70c598.jpg,https://www.aviandco.com/audemars-piguet-royal-oak-offshore-15720st-oo-a052ca-01-green-dial-g015720st-oo-a052ca-01-001
avi-audemars-piguet-royal-oak-offshore-15720st-oo-a355ca-01-me,mismatch,name;reference,"Audemars Piguet Royal Oak Offshore 15720ST.OO.A355CA.01, Stainless Steel, Mega Tapisserie Black Dial, 42 mm",Audemars Piguet Royal Oak Offshore,Audemars Piguet,NULL,NULL,15720ST.OO.A403CA.01,63900,63900.0,3,3,/api/uploads/aviandco/products/audemars-piguet-royal-oak-offshore-g015720st-spy-002-bc3b9be83bc7c81f.jpg,https://www.aviandco.com/audemars-piguet-royal-oak-offshore-15720st-oo-a355ca-01-mega-tapisserie-black-dial-g015720st-spy-002
avi-audemars-piguet-royal-oak-offshore-15720st-oo-a403ca-01-me,mismatch,name;reference,"Audemars Piguet Royal Oak Offshore 15720ST.OO.A403CA.01, Stainless Steel, Mega Tapisserie Teal Dial, 42 mm",Audemars Piguet Royal Oak Offshore,Audemars Piguet,NULL,NULL,15720ST.OO.A403CA.01,31900,31900.0,3,3,/api/uploads/aviandco/products/audemars-piguet-royal-oak-offshore-15720st-1-3ae592503d71e79b.jpg,https://www.aviandco.com/audemars-piguet-royal-oak-offshore-15720st-oo-a403ca-01-mega-tapisserie-teal-dial-g015720st-spy-001
avi-audemars-piguet-royal-oak-offshore-18kt-rose-gold-grey-dia,mismatch,name;reference,"Audemars Piguet Royal Oak Offshore 25940OK, 18KT Rose Gold, Grey Arabic Dial, 42 mm",Audemars Piguet Royal Oak Offshore,Audemars Piguet,NULL,NULL,25940OK.OO.D002CA.01-001,27900,27900.0,3,3,/api/uploads/aviandco/products/ap-offshore-25940ok-grey-dial-1-5fa38c09a2456966.jpg,https://www.aviandco.com/audemars-piguet-royal-oak-offshore-18kt-rose-gold-grey-dial-25940ok-oo-d002ca-01-001
avi-audemars-piguet-royal-oak-offshore-25940ok-oo-d002ca-01-gr,mismatch,name;price;reference,"Audemars Piguet Royal Oak Offshore 25940OK, 18K Rose Gold, Grey Arabic Dial",Audemars Piguet Royal Oak Offshore,Audemars Piguet,NULL,NULL,25940OK.OO.D002CA.01,30700,28600.0,3,3,/api/uploads/aviandco/products/apoo07278-1-37-99d7fe897547c762.jpg,https://www.aviandco.com/audemars-piguet-royal-oak-offshore-25940ok-oo-d002ca-01-grey-dial-apoo07278
avi-audemars-piguet-royal-oak-offshore-26231or-zz-d003ca-01-si,mismatch,name;reference,"Audemars Piguet Royal Oak Offshore 26231OR, 18K Rose Gold, Diamond Bezel, Silver Index Dial, 37 mm",Audemars Piguet Royal Oak Offshore,Audemars Piguet,NULL,NULL,26231OR.ZZ.D003CA.01,62900,62900.0,3,3,/api/uploads/aviandco/products/ap-offsore-26231or-1-0d8646b1b5cfa540.jpg,https://www.aviandco.com/audemars-piguet-royal-oak-offshore-26231or-zz-d003ca-01-silver-dial-g026231or-zz-d003ca-01-001
avi-audemars-piguet-royal-oak-offshore-26236ba-yy-d346ca-01-ch,mismatch,name;reference,"Audemars Piguet Royal Oak Offshore 26236BA, Chronograph, 18K Yellow Gold, Blue dial, 37 mm",Audemars Piguet Royal Oak Offshore,Audemars Piguet,NULL,NULL,26236BA.YY.D346CA.01,154900,154900.0,3,3,/api/uploads/aviandco/products/26236ba-96881b68d5961a8a.jpg,https://www.aviandco.com/audemars-piguet-royal-oak-offshore-26236ba-yy-d346ca-01-chronograph-18k-yellow-gold-blue-dial-37-mm
avi-audemars-piguet-royal-oak-offshore-26236or-yy-d002ca-01-bl,mismatch,name;price;reference,"Audemars Piguet Royal Oak Offshore 26236OR, 18K Rose Gold, Rainbow Sapphire Bezel, Black Lady Tapisserie Index Dial, 37 mm",Audemars Piguet Royal Oak Offshore,Audemars Piguet,NULL,NULL,26236OR.YY.D002CA.01,0,134900.0,3,3,/api/uploads/aviandco/products/26236or-1-5c0f6a1b85dc40bf.jpg,https://www.aviandco.com/audemars-piguet-royal-oak-offshore-26236or-yy-d002ca-01-black-index-dial-26236or-001
avi-audemars-piguet-royal-oak-offshore-26238ba-oo-2000ba-01-go,mismatch,name;reference,"Audemars Piguet Royal Oak Offshore 26238BA, Chronograph, 18K Yellow Gold, Yellow Gold Satin dial, 42 mm",Audemars Piguet Royal Oak Offshore,Audemars Piguet,NULL,NULL,26238BA.OO.2000BA.01,159900,159900.0,3,3,/api/uploads/aviandco/products/26238ba-oo-2000ba-01-6e743eaaaaa5bb76.jpg,https://www.aviandco.com/audemars-piguet-royal-oak-offshore-26238ba-oo-2000ba-01-gold-dial-g026238ba
avi-audemars-piguet-royal-oak-offshore-26238bc-oo-2000bc-01-ch,mismatch,name;reference,"Audemars Piguet Royal Oak Offshore 26238BC, Chronograph, 18K White Gold, White gold dial, 42 mm",Audemars Piguet Royal Oak Offshore,Audemars Piguet,NULL,NULL,26238BC.OO.2000BC.01,154900,154900.0,3,3,/api/uploads/aviandco/products/26238bc-1-bde271490bc10073.jpg,https://www.aviandco.com/audemars-piguet-royal-oak-offshore-26238bc-oo-2000bc-01-chronograph-18k-white-gold-white-gold-dial-42-mm
avi-audemars-piguet-royal-oak-offshore-26238cd-oo-1300cd-01-me,mismatch,name;reference,"Audemars Piguet Royal Oak Offshore 26238CD, ""Blue Nuit"" Ceramic, “Méga Tapisserie” Dial, 42 mm",Audemars Piguet Royal Oak Offshore,Audemars Piguet,NULL,NULL,26238CD.OO.1300CD.01,134900,134900.0,3,3,/api/uploads/aviandco/products/audemars-piguet-26238cd-oo-1300cd-01-dfdc4cfea7212a1a.jpg,https://www.aviandco.com/audemars-piguet-royal-oak-offshore-26238cd-oo-1300cd-01-mega-tapisserie-dial-g026238cd-spy-001
avi-audemars-piguet-royal-oak-offshore-26238or-oo-2000or-01-bl,mismatch,name;reference,"Audemars Piguet Royal Oak Offshore 26238OR, 18K Rose Gold, Blue Dial, 42 mm",Audemars Piguet Royal Oak Offshore,Audemars Piguet,NULL,NULL,26238OR.OO.2000OR.01,98900,98900.0,3,3,/api/uploads/aviandco/products/26238or-001-1-1-1fce35bdd795d97d.jpg,https://www.aviandco.com/audemars-piguet-royal-oak-offshore-26238or-oo-2000or-01-blue-dial-26238or-002
avi-audemars-piguet-royal-oak-offshore-26288of-oo-d002cr-01-sk,mismatch,name;price;reference,"Audemars Piguet Royal Oak Offshore 26288OF, 18K Rose Gold, Skeleton Dial, 44 mm",Audemars Piguet Royal Oak Offshore,Audemars Piguet,NULL,NULL,26288OF.OO.D002CR.01,0,102099.0,12,3,/api/uploads/aviandco/products/audemars-piguet-royal-oak-offshore-26288of-001-1-289e25d24fe5bcbd.jpg,https://www.aviandco.com/audemars-piguet-royal-oak-offshore-26288of-oo-d002cr-01-skeleton-dial-26288of-oo-d002cr-01-001
avi-audemars-piguet-royal-oak-offshore-26290ro-oo-a001ve-01-bl,mismatch,name;price;reference,"Audemars Piguet Royal Oak Offshore 26290RO, 18K Rose Gold, ""Grand Prix"", Black Dial, 44 mm",Audemars Piguet Royal Oak Offshore,Audemars Piguet,NULL,NULL,26290RO.OO.A001VE.01,42900,40900.0,3,3,/api/uploads/aviandco/products/audemars-piguet-royal-oak-offshore-26290ro-001-1-ceaa9daffd563bc9.jpg,https://www.aviandco.com/audemars-piguet-royal-oak-offshore-26290ro-oo-a001ve-01-black-dial-26290ro-001
avi-audemars-piguet-royal-oak-offshore-26400io-oo-a004ca-01-g0,mismatch,name;reference,"Audemars Piguet Royal Oak Offshore 26400IO, Chronograph, Titanium, Grey Index Dial",Audemars Piguet Royal Oak Offshore,Audemars Piguet,NULL,NULL,26400IO.OO.A004CA.01,30900,30900.0,9,3,/api/uploads/aviandco/products/ap-offshore-26400io-grey-1-f6819659cc3e82b7.jpg,https://www.aviandco.com/audemars-piguet-royal-oak-offshore-26400io-oo-a004ca-01-g026400io-oo-a004ca-01-001
avi-audemars-piguet-royal-oak-offshore-26405nr-oo-a002ca-01-bl,mismatch,name;reference,"Audemars Piguet Royal Oak Offshore 26405NR, Chronograph, 18K Rose Gold, Black Arabic Dial, 44 mm",Audemars Piguet Royal Oak Offshore,Audemars Piguet,NULL,NULL,26405NR.OO.A002CA.01,48900,48900.0,3,3,/api/uploads/aviandco/products/26405nr-oo-a002ca-01-001-1-4682089455aeca70.jpg,https://www.aviandco.com/audemars-piguet-royal-oak-offshore-26405nr-oo-a002ca-01-black-dial-g026405nr-oo-a002ca-01-001
avi-audemars-piguet-royal-oak-offshore-26420ce-oo-a043ve-01-sm,mismatch,name;reference,"Audemars Piguet Royal Oak Offshore 26420CE, Chronograph, Black Ceramic, Smoked-blue dial, 43 mm",Audemars Piguet Royal Oak Offshore,Audemars Piguet,NULL,NULL,26420CE.OO.A043VE.01,59900,59900.0,3,3,/api/uploads/aviandco/products/26420ce-oo-a043ve-570dd9e1756a8dc5.jpg,https://www.aviandco.com/audemars-piguet-royal-oak-offshore-26420ce-oo-a043ve-01-smoked-blue-dial-g026420ce-oo-a043ve-01-001
avi-audemars-piguet-royal-oak-offshore-26420io-oo-a009ca-01-gr,mismatch,name;reference,"Audemars Piguet Royal Oak Offshore 26420IO, Titanium & Ceramic, Grey Mega Tapisserie Dial, 43 mm",Audemars Piguet Royal Oak Offshore,Audemars Piguet,NULL,NULL,26420IO.OO.A009CA.01,35200,35200.0,12,3,/api/uploads/aviandco/products/audemars-piguet-royal-oak-offshore-26420io-001-1-a1241fb711a017ea.jpg,https://www.aviandco.com/audemars-piguet-royal-oak-offshore-26420io-oo-a009ca-01-grey-index-dial-26420io-001
avi-audemars-piguet-royal-oak-offshore-26420oi-oo-a015ve-01-ch,mismatch,name;reference,"Audemars Piguet Royal Oak Offshore 26420OI, Chronograph, Titanium, Grey dial, 43 mm",Audemars Piguet Royal Oak Offshore,Audemars Piguet,NULL,NULL,26420OI.OO.A015VE.01,62900,62900.0,3,3,/api/uploads/aviandco/products/26420oi-oo-a015ve-97408fa7690e6db1.jpg,https://www.aviandco.com/audemars-piguet-royal-oak-offshore-26420oi-oo-a015ve-01-chronograph-titanium-grey-dial-g026420oi-oo-a015ve-01-001
avi-audemars-piguet-royal-oak-offshore-26425bc-zz-d002ca-01-18,mismatch,name;price;reference,"Audemars Piguet Royal Oak Offshore 26424BC, Baguette-cut diamonds, 18K White Gold, Black dial, 43 mm",Audemars Piguet Royal Oak Offshore,Audemars Piguet,NULL,NULL,26425BC.ZZ.D002CA.01,0,119999.0,3,3,/api/uploads/aviandco/products/26425bc-zz-d002ca-01-1-1f696c750f3193bc.jpg,https://www.aviandco.com/audemars-piguet-royal-oak-offshore-26425bc-zz-d002ca-01-18k-white-gold-g026425bc-zz
avi-audemars-piguet-royal-oak-offshore-26470or-oo-1000or-01-ch,mismatch,name;reference,"Audemars Piguet Royal Oak Offshore 26470OR, 18K Rose Gold, Champagne Dial, 42 mm",Audemars Piguet Royal Oak Offshore,Audemars Piguet,NULL,NULL,26470OR.OO.1000OR.01,71500,71500.0,12,3,/api/uploads/aviandco/products/audemars-piguet-royal-oak-offshore-1-777756d7f2969bf6.jpg,https://www.aviandco.com/audemars-piguet-royal-oak-offshore-26470or-oo-1000or-01-champagne-dial-26470or-005
avi-audemars-piguet-royal-oak-offshore-26470st-00-a101cr-01-gr,mismatch,name;reference,"Audemars Piguet Royal Oak Offshore 26470ST, ""Elephant"", Stainless Steel, Grey Dial, 42 mm",Audemars Piguet Royal Oak Offshore,Audemars Piguet,NULL,NULL,26470ST.00.A101CR.01,24900,24900.0,3,3,/api/uploads/aviandco/products/audemars-piguet-royal-oak-oakshore-g026470st-001-1-691ef99f3b75589c.jpg,https://www.aviandco.com/audemars-piguet-royal-oak-offshore-26470st-00-a101cr-01-grey-dial-g026470st-003
avi-audemars-piguet-royal-oak-offshore-26470st-oo-a101cr-01-bl,mismatch,name;reference,"Audemars Piguet Royal Oak Offshore 26470ST, Stainless Steel, Black Dial, 42 mm",Audemars Piguet Royal Oak Offshore,Audemars Piguet,NULL,NULL,26470ST.OO.A101CR.01,24900,24900.0,3,3,/api/uploads/aviandco/products/audemars-piguet-offshore-26470st-001-1-7ed6961d910ec3b4.jpg,https://www.aviandco.com/audemars-piguet-royal-oak-offshore-26470st-oo-a101cr-01-black-dial-26470st-001
avi-audemars-piguet-royal-oak-offshore-26622ce-oo-d002ca-02-to,mismatch,name;price;reference,"Audemars Piguet Royal Oak Offshore 26622CE, Tourbillon, Black Ceramic, Skeleton dial, 43 mm",Audemars Piguet Royal Oak Offshore,Audemars Piguet,NULL,NULL,26622CE.OO.D002CA.02,0,407998.98,3,3,/api/uploads/aviandco/products/26622ce-oo-d002ca-c0b2ff28d8039e2c.jpg,https://www.aviandco.com/audemars-piguet-royal-oak-offshore-26622ce-oo-d002ca-02-tourbillon-skeleton-dial-g026622ce-oo-d002ca-02-001
avi-audemars-piguet-royal-oak-offshore-26622ce-oo-d062ca-01-sk,mismatch,name;reference,"Audemars Piguet Royal Oak Offshore 26622CE, Tourbillon, Black Ceramic, Skeleton dial, 43 mm",Audemars Piguet Royal Oak Offshore,Audemars Piguet,NULL,NULL,26622CE.OO.D062CA.01,259900,259900.0,3,3,/api/uploads/aviandco/products/26622ce-oo-d062ca---done-ea1185015dbf4f2c.jpg,https://www.aviandco.com/audemars-piguet-royal-oak-offshore-26622ce-oo-d062ca-01-skeleton-dial-g026622ce-001
avi-audemars-piguet-royal-oak-offshore-77600ce-oo-a002ca-01-mu,mismatch,name;reference,"Audemars Piguet Royal Oak Offshore 77600CE, ""Music"", Ceramic, Black dial, 37 mm",Audemars Piguet Royal Oak Offshore,Audemars Piguet,NULL,NULL,77600CE.OO.A002CA.01,53900,53900.0,12,3,/api/uploads/aviandco/products/audemars-piguet-royal-oak-offshore-77600ce-oo-a002ca-01-001-1-4f275ad90d4bba2c.jpg,https://www.aviandco.com/audemars-piguet-royal-oak-offshore-77600ce-oo-a002ca-01-music-ceramic-black-dial-37-mm
avi-audemars-piguet-royal-oak-offshore-77600ti-oo-a343ca-01-bl,mismatch,name,"Audemars Piguet Royal Oak Offshore 77600TI, ""Music Edition"", Titanium, Blue Index Dial, 37 mm",This site can’t be reached,Audemars Piguet,NULL,NULL,,41900,0,3,0,/api/uploads/aviandco/products/77600ti-blue-music-92151a2d9c0e17b9.jpg,https://www.aviandco.com/audemars-piguet-royal-oak-offshore-77600ti-oo-a343ca-01-blue-dial-g077600ti-oo-a343ca-01-001
avi-audemars-piguet-royal-oak-offshore-grand-prix-26290io-oo-a,mismatch,name;price;reference,"Audemars Piguet Royal Oak Offshore 26290IO, Carbon, ""Grand Prix"", Black & Red Dial, 44 mm",Audemars Piguet Royal Oak Offshore,Audemars Piguet,NULL,NULL,26290IO.OO.A001VE.01,0,22500.0,3,3,/api/uploads/aviandco/products/audemars-piguet-royal-oak-offshore-26290io-001-1-32c1466f3a9b6abe.jpg,https://www.aviandco.com/audemars-piguet-royal-oak-offshore-grand-prix-26290io-oo-a001ve-01-black-dial-2629io-001
avi-audemars-piguet-royal-oak-offshore-grand-prix-26290po-oo-a,mismatch,name;reference,"Audemars Piguet Royal Oak Offshore 26290PO, Platinum, ""Grand Prix"", Black & Blue Dial, 44 mm",Audemars Piguet Royal Oak Offshore,Audemars Piguet,NULL,NULL,26290PO.OO.A001VE.01,56200,56200.0,3,3,/api/uploads/aviandco/products/audemars-piguet-royal-oak-offshore-26290po-001-1-7a5c35bc24b27da3.jpg,https://www.aviandco.com/audemars-piguet-royal-oak-offshore-grand-prix-26290po-oo-a001ve-01-black-dial-26290po-001
avi-audemars-piguet-royal-oak-perpetual-calendar-26586ti-oo-12,mismatch,name;reference,"Audemars Piguet Royal Oak 26586TI, Titanium, Blue Dial, 41 mm",Audemars Piguet Royal Oak,Audemars Piguet,NULL,NULL,26586TI.OO.1240TI.01,259900,259900.0,12,3,/api/uploads/aviandco/products/26586ti-001-1-8a40a0203e7f7129.jpg,https://www.aviandco.com/audemars-piguet-royal-oak-perpetual-calendar-26586ti-oo-1240ti-01-blue-dial-26586ti-001
avi-audemars-piguet-royal-oak-perpetual-calendar-26674cd-oo-12,mismatch,name;reference,"Audemars Piguet Royal Oak Perpetual Calendar 26674CD, Blue Ceramic, Blue Grande Tapisserie Dial, 41 mm",Audemars Piguet Royal Oak Perpetual Calendar,Audemars Piguet,NULL,NULL,26674CD.OO.1225CD.01,500000,500000.0,3,3,/api/uploads/aviandco/products/audemars-piguet-royal-oak-perpetual-calendar-g026674cd-spy001-1-5442a7c22f5da79f.jpg,https://www.aviandco.com/audemars-piguet-royal-oak-perpetual-calendar-26674cd-oo-1225cd-01-blue-grande-tapisserie-dial-g026674cd-spy001
avi-audemars-piguet-royal-oak-vintage-ivory-index-dial-apro-75,mismatch,name;reference,"Audemars Piguet Royal Oak Vintage, Royal Oak, 18K Yellow Gold, Ivory Index Dial, 35 mm",Audemars Piguet Royal Oak,Audemars Piguet,NULL,NULL,VINTAGE,30100,30100.0,10,3,/api/uploads/aviandco/products/audemars-piguet-royal-oak-apro-7580-1-d46ce2ce16eabd40.jpg,https://www.aviandco.com/audemars-piguet-royal-oak-vintage-ivory-index-dial-apro-7580
avi-audemars-piquet-royal-oak-26108st-red-dial-26108st-001,mismatch,name;price;reference,"Audemars Piguet Royal Oak 26108ST, Stainless Steel, ""Rhone-Fusterie"", Red Dial, 42 mm",Audemars Piguet Royal Oak,Audemars Piguet,NULL,NULL,26108ST.OO.D066CR.01,0,24500.0,3,3,/api/uploads/aviandco/products/audemars-piguet-royal-oak-26108st-001-1-1-b8c7da49903f4e7b.jpg,https://www.aviandco.com/audemars-piquet-royal-oak-26108st-red-dial-26108st-001
avi-avi-and-co-ah17rf-rw-rainbow-limited-edition-15ct-diamond-,missing_source_url,,"Avi & Co. Frosted Collection AH17RF-RW, ""Rainbow"" Limited Edition, Frosted 18K Rose Gold, Diamond Pave Dial 14CT, 44 mm",,Avi & Co.,NULL,NULL,,180000,,1,0,/api/uploads/aviandco/products/avi-and-co-frosted-collection-ah17rf-rw-001-1-78b64bbe819bd16e.jpg,
avi-avi-and-co-ah17wf-rw-rainbow-limited-edition-15ct-diamond-,missing_source_url,,"Avi & Co. Frosted Collection AH17WF-RW, ""Rainbow"" Limited Edition, Frosted 18K White Gold, Diamond Pave Dial 14CT, 44 mm",,Avi & Co.,NULL,NULL,,180000,,1,0,/api/uploads/aviandco/products/avi-and-co-frosted-collection-ah17wf-rw-001-1-276dccc8676d47bd.jpg,
avi-avi-and-co-ah17wf-rw-rainbow-limited-edition-diamond-pave-,missing_source_url,,"Avi & Co. Frosted Collection AH17WF-RW, ""Rainbow"", Frosted 18K White Gold, Diamond Pave Dial, Black Rubber, 44 mm",,Avi & Co.,NULL,NULL,,0,,1,0,/api/uploads/aviandco/products/aviandco-404-oswaldo-local.jpg,
avi-avi-and-co-iced-collection-watch-ah10r-1d-diamond-dial-awt,missing_source_url,,"Avi & Co. Iced Collection AH10R-D, ""Color in Motion"", 18K Rose Gold, Diamond Dial, Black Rubber, 40 mm",,Avi & Co.,NULL,NULL,,165000,,1,0,/api/uploads/aviandco/products/aviandco-404-oswaldo-local.jpg,
avi-avi-and-co-iced-collection-watch-ah10w-1d-diamond-dial-awt,missing_source_url,,"Avi & Co. Iced Collection AH10W-1D, ""Color in Motion"", 18K White Gold, Diamond Dial, Blue Rubber, 40 mm",,Avi & Co.,NULL,NULL,,165000,,1,0,/api/uploads/aviandco/products/avi-and-co-iced-collection-awtch-wg-blu-040-1-5107e91980248be8.jpg,
avi-avi-and-co-iced-collection-watch-ah17r-1d-diamond-dial-awt,missing_source_url,,"Avi & Co. Iced Collection AH17R-1D, ""Color in Motion"", 18K Rose Gold, Diamond Dial, White Rubber, 44 mm",,Avi & Co.,NULL,NULL,,185000,,1,0,/api/uploads/aviandco/products/aviandco-404-oswaldo-local.jpg,
avi-avi-and-co-iced-collection-watch-ah17w-1d-diamond-dial-awt,missing_source_url,,"Avi & Co. Iced Collection AH17W-1D, ""Color in Motion"", 18K White Gold, Diamond Dial, White Rubber, 44 mm",,Avi & Co.,NULL,NULL,,185000,,1,0,/api/uploads/aviandco/products/avi-and-co-iced-collection-awtch-wg-wht-044-1-0beac5a338480b51.jpg,
avi-avi-and-co-iced-collection-watch-ah23r-1d-diamond-dial-awt,missing_source_url,,"Avi & Co. Iced Collection AH23R-1D, ""Color in Motion"", 18K Rose Gold, Diamond Dial, White Rubber, 37 mm",,Avi & Co.,NULL,NULL,,145000,,1,0,/api/uploads/aviandco/products/avi-and-co-iced-collection-awtch-rg-wht-037-1-1-1f48fa840605c4e9.jpg,
avi-avi-and-co-iced-collection-watch-ah23w-1d-diamond-dial-awt,missing_source_url,,"Avi & Co. Iced Collection AH23W-1D, ""Color in Motion"", 18K White Gold, Diamond Dial, White Rubber, 37 mm",,Avi & Co.,NULL,NULL,,145000,,1,0,/api/uploads/aviandco/products/aviandco-404-oswaldo-local.jpg,
avi-avi-and-co-watch-18k-rg-105ct-44mm-iced-collection-awtch-0,missing_source_url,,"Hue By Avi & Co. AH17R, 18K Rose Gold, Red Ruby Dial, 44 mm",,Avi & Co.,NULL,NULL,,350000,,1,0,/api/uploads/aviandco/products/awtch-042-1-1-2bbd9713875a52bb.jpg,
avi-avi-and-co-watch-18k-rg-29-33ct-44mm-limited-edition-awtch,missing_source_url,,"Avi & Co. Frosted Collection AH17, Frosted 18K Rose Gold, Diamond Dial, 44 mm",,Avi & Co.,NULL,NULL,,180000,,1,0,/api/uploads/aviandco/products/awtch-013-1-8d365beddbd5a704.jpg,
avi-avi-and-co-watch-18k-rg-40mm-limited-edition-awtch,missing_source_url,,"Avi & Co. Frosted Collection AH10, Frosted 18K Rose Gold, Diamond Dial, 40 mm",,Avi & Co.,NULL,NULL,,160000,,1,0,/api/uploads/aviandco/products/awtch-021-1-2c55dc7661868d67.jpg,
avi-avi-and-co-watch-18k-rg-72ct-37mm-iced-collection-awtch-05,missing_source_url,,"Hue By Avi & Co. AH23R, 18K Rose Gold, Red Ruby Dial, 37 mm",,Avi & Co.,NULL,NULL,,275000,,1,0,/api/uploads/aviandco/products/hue-by-avi-and-co-awtch-054-1-1-ed8e88b4e825a25d.jpg,
avi-avi-and-co-watch-18k-rg-82-67ct-37mm-limited-edition-awtch,missing_source_url,,"Avi & Co. Iced Collection AH23, 18K Rose Gold, Diamond Dial, 37 mm",,Avi & Co.,NULL,NULL,,285000,,1,0,/api/uploads/aviandco/products/aviandco-404-oswaldo-local.jpg,
avi-avi-and-co-watch-18k-rg-83-69ct-37mm-limited-edition-awtch,missing_source_url,,"Avi & Co. Iced Collection AH23, 18K White Gold, Diamond Dial, 37 mm",,Avi & Co.,NULL,NULL,,285000,,1,0,/api/uploads/aviandco/products/aviandco-404-oswaldo-local.jpg,
avi-avi-and-co-watch-18k-wg-27-07ct-40mm-limited-edition-awtch,missing_source_url,,"Avi & Co. Frosted Collection AH10, Frosted 18K White Gold, Diamond Dial, 40 mm",,Avi & Co.,NULL,NULL,,160000,,1,0,/api/uploads/aviandco/products/awtch-017-1-856aa6260bdaa01a.jpg,
avi-avi-and-co-watch-18k-wg-44mm-limited-edition-awtch-020,missing_source_url,,"Avi & Co. Frosted Collection AH17WF-D, Frosted 18K White Gold, Diamond Dial, 44 mm",,Avi & Co.,NULL,NULL,,180000,,1,0,/api/uploads/aviandco/products/awtch-020-1-1-305655ece5e3b1d9.jpg,
avi-avi-and-co-watch-18k-wg-75ct-37mm-iced-collection-awtch-05,missing_source_url,,"Hue By Avi & Co. AH23W, 18K White Gold, Blue Sapphire Dial, 37 mm",,Avi & Co.,NULL,NULL,,275000,,1,0,/api/uploads/aviandco/products/hue-by-avi-and-co-awtch-055-1-1-1-000b99254b9f506e.jpg,
avi-avi-and-co-watch-18k-wg-78ct-37mm-iced-collection-awtch-05,missing_source_url,,"Hue By Avi & Co. AH23W, 18K White Gold, Green Tsavorite Dial, 37 mm",,Avi & Co.,NULL,NULL,,275000,,1,0,/api/uploads/aviandco/products/hue-by-avi-and-co-awtch-056-1-1-6d2f1ed553fe6319.jpg,
avi-avi-and-co-watch-18k-yg-118-66ct-44mm-limited-edition-awtc,missing_source_url,,"Avi & Co. Iced Collection AH17Y, 18K Yellow Gold, Pave Dial, 44 mm",,Avi & Co.,NULL,NULL,,400000,,1,0,/api/uploads/aviandco/products/aviandco-404-oswaldo-local.jpg,
avi-avi-and-co-watch-18kt-rg-120-55ct-44mm-limited-edition-awt,missing_source_url,,"Avi & Co. Iced Collection AH17, 18K Rose Gold, Diamond Dial, 44 mm",,Avi & Co.,NULL,NULL,,400000,,1,0,/api/uploads/aviandco/products/aviandco-404-oswaldo-local.jpg,
avi-avi-and-co-watch-18kt-rg-88-7ct-40mm-limited-edition-awtch,missing_source_url,,"Avi & Co. Iced Collection AH10, 18K Rose Gold, Diamond Dial, 40 mm",,Avi & Co.,NULL,NULL,,350000,,1,0,/api/uploads/aviandco/products/awtch-009-1-0a710041972b1bd2.jpg,
avi-avi-and-co-watch-18kt-wg-120-55ct-44mm-limited-edition-awt,missing_source_url,,"Avi & Co. Iced Collection AH17, 18K White Gold, Diamond Dial, 44 mm",,Avi & Co.,NULL,NULL,,400000,,1,0,/api/uploads/aviandco/products/aviandco-404-oswaldo-local.jpg,
avi-avi-and-co-watch-18kt-wg-88-7ct-40mm-limited-edition-awtch,missing_source_url,,"Avi & Co. Iced Collection AH10, 18K White Gold, Diamond Dial, 40 mm",,Avi & Co.,NULL,NULL,,350000,,1,0,/api/uploads/aviandco/products/awtch-006-1-39b4fd9535f2b03d.jpg,
avi-avi-and-co-watch-18kt-wg-91-19ct-40mm-limited-edition-awtc,missing_source_url,,"Avi & Co. Iced Collection AH10, 18K White Gold, Diamond Dial, 40 mm",,Avi & Co.,NULL,NULL,,350000,,1,0,/api/uploads/aviandco/products/aviandco-404-oswaldo-local.jpg,
avi-breguet-marine-5837br925zu-black-dial-5837br925zu-001,mismatch,name;price;reference,"Breguet Marine 5837BR925ZU, Tourbillon, Chronograph, Rose Gold, Black Dial, 42 mm",Breguet Marine,Breguet,NULL,NULL,5837BR925ZU,0,56199.0,3,3,/api/uploads/aviandco/products/breguet-marine-5837br925zu-1-afad1720bf3ff0e8.jpg,https://www.aviandco.com/breguet-marine-5837br925zu-black-dial-5837br925zu-001
avi-breitling-aviator-8-a45330101b1a1-black-dial-brar09001,mismatch,name;price;reference,"Breitling Aviator 8 A45330101B1A1, Stainless Steel, Black Arabic Dial, 41 mm",Breitling Aviator 8,Breitling,NULL,NULL,A45330101B1A1,0,3299.0,12,3,/api/uploads/aviandco/products/breitling-aviator-8-a45330101b1a1-black-1-2-7035b9493c17b132.jpg,https://www.aviandco.com/breitling-aviator-8-a45330101b1a1-black-dial-brar09001
avi-breitling-chronoliner,mismatch,name;price,"Breitling Chronoliner Y2431016/C970, Stainless Steel, Blue, 45 mm",Breitling Watches,Breitling,NULL,NULL,,0,8900.0,6,6,/api/uploads/aviandco/products/breitling-chronomat-cb0110-001-1-ccadd12201d48f98.jpg,https://www.aviandco.com/breitling-chronoliner
avi-breitling-chronomat-44-ab0110-black-roman-dial-ab0110-001,mismatch,name;price;reference,"Breitling Chronomat AB0110, Stainless Steel, Black Roman Dial, 44 mm",Breitling Chronomat,Breitling,NULL,NULL,AB0110,3900,3600.0,3,3,/api/uploads/aviandco/products/breitling-chronomat-1ab0110-001-4887fbbe3ed18307.jpg,https://www.aviandco.com/breitling-chronomat-44-ab0110-black-roman-dial-ab0110-001
avi-breitling-chronomat-ab01104dbc62377a-black-dial-brct09008,mismatch,name;price;reference,"Breitling Chronomat AB01104D-BC62-377A, Frecce Tricolori, Stainless Steel, Black Index Dial, 44 mm",Breitling Chronomat,Breitling,NULL,NULL,AB01104D-BC62-377A,0,5700.0,3,3,/api/uploads/aviandco/products/breitling-chronomat-ab01104d-bc62-377a--black-1-9ee0aadcfea26c8b.jpg,https://www.aviandco.com/breitling-chronomat-ab01104dbc62377a-black-dial-brct09008
avi-breitling-chronomat-ab0115101c1a1-blue-dial-brct09010,mismatch,name;price;reference,"Breitling Chronomat AB0115101C1A1, Steel, Blue Index Dial, 44 mm",Breitling Chronomat,Breitling,NULL,NULL,AB0115101C1A1,5200,4600.0,3,3,/api/uploads/aviandco/products/breitling-chronomat-brct09010-1-f289cd8b53d0420a.jpg,https://www.aviandco.com/breitling-chronomat-ab0115101c1a1-blue-dial-brct09010
avi-breitling-chronomat-cb0110-blue-roman-dial-cb0110-001,mismatch,name;reference,"Breitling Chronomat CB0110, Stainless Steel and Rose Gold, MOP Roman Dial, 44 mm",Breitling Chronomat,Breitling,NULL,NULL,CB0110,8900,8900.0,3,3,/api/uploads/aviandco/products/breitling-chronomat-cb0110-001-1-9ece1eacced8a468.jpg,https://www.aviandco.com/breitling-chronomat-cb0110-blue-roman-dial-cb0110-001
avi-breitling-emergency-v76325u1-bc46-black-dial-v76325u1-bc46,mismatch,name;price;reference,"Breitling Emergency V76325U1-BC46, Titanium, Black Dial, 51 mm",Breitling Emergency,Breitling,NULL,NULL,V76325U1-BC46,0,13800.0,4,3,/api/uploads/aviandco/products/v76325u1-bc46-001-1-1-7778bbfbcf27e486.jpg,https://www.aviandco.com/breitling-emergency-v76325u1-bc46-black-dial-v76325u1-bc46-001
avi-breitling-galactic-a453201a-bg10-black-dial-brgc09006,mismatch,name;price;reference,"Breitling Galactic A453201A/BG10, Stainless Steel, Black Index Dial, 44 mm",Breitling Galactic,Breitling,NULL,NULL,A453201A/BG10,0,4099.0,12,3,/api/uploads/aviandco/products/breitling-galactic-44-brgc09004-1-3-ba47d199585af0dd.jpg,https://www.aviandco.com/breitling-galactic-a453201a-bg10-black-dial-brgc09006
avi-breitling-navitimer-8-a13314101b1a1-black-dial-brnt09030,mismatch,name;price;reference,"Breitling Navitimer 8 A13314101B1A1, Steel, Black Arabic Dial, 43 mm",Breitling Navitimer 8,Breitling,NULL,NULL,A13314101B1A1,3700,3300.0,3,3,/api/uploads/aviandco/products/breitling-navitimer-8-a13314101c1a1-black-1-6-12849b0bd17ef744.jpg,https://www.aviandco.com/breitling-navitimer-8-a13314101b1a1-black-dial-brnt09030
avi-breitling-navitimer-8-a13314101b1a1-black-dial-brnt09038,mismatch,name;price;reference,"Breitling Navitimer 8 A13314101B1A1, Steel, Black Arabic Dial, 43 mm",Breitling Navitimer 8,Breitling,NULL,NULL,A13314101B1A1,3700,3300.0,3,3,/api/uploads/aviandco/products/breitling-navitimer-8-a13314101c1a1-black-1-ae70512a875e3f2b.jpg,https://www.aviandco.com/breitling-navitimer-8-a13314101b1a1-black-dial-brnt09038
avi-breitling-navitimer-8-a13314101c1a1-blue-dial-brnt09053,mismatch,name;price;reference,"Breitling Navitimer 8 A13314101C1A1, Stainless Steel, Blue Arabic Dial Watch, 43 mm",Breitling Navitimer 8,Breitling,NULL,NULL,A13314101C1A1,0,5930.0,3,3,/api/uploads/aviandco/products/stockbrnt09053--1-195-7fe5deee144654b3.jpg,https://www.aviandco.com/breitling-navitimer-8-a13314101c1a1-blue-dial-brnt09053
avi-breitling-premier-b25-datora-42-rb2510371g1p1-cream-dial-r,mismatch,name;reference,"Breitling Premier B25 Datora 42 RB2510371G1P1, 18K Rose Gold, Cream Dial, 42 mm",Breitling Premier B25 Datora 42,Breitling,NULL,NULL,RB2510371G1P1,25600,25600.0,3,3,/api/uploads/aviandco/products/breitling-premier-25-rb2510371g1p1-001-1-548e74e42518e8d4.jpg,https://www.aviandco.com/breitling-premier-b25-datora-42-rb2510371g1p1-cream-dial-rb2510371g1p1-001
avi-breitling-skyracer-raven-chronograph-m27363a3b823-black-di,mismatch,name;price;reference,"Breitling Skyracer Raven Chronograph M27363A3B823, Stainless Steel, Black Index Dial, 45 mm",Breitling Skyracer Raven Chronograph,Breitling,NULL,NULL,M27363A3B823,0,5699.0,3,3,/api/uploads/aviandco/products/breitling-skyracer-raven-chronograph-m27363a3b823-1-81d7ad6b9d6a88d2.jpg,https://www.aviandco.com/breitling-skyracer-raven-chronograph-m27363a3b823-black-dial-brsr09002
avi-breitling-super-avenger-2-a13375101-b1a1-black-dial-g0brsa,mismatch,name;price;reference,"Breitling Super Avenger 2 A13375101/B1A1, Stainless Steel, Black Dial, 48mm",Breitling Super Avenger 2,Breitling,NULL,NULL,A13375101,0,5835.0,3,3,/api/uploads/aviandco/products/brsa09004--1-152-623c3f007f651b73.jpg,https://www.aviandco.com/breitling-super-avenger-2-a13375101-b1a1-black-dial-g0brsa09007
avi-breitling-super-ocean-heritage-ii,mismatch,name;price;reference,"Breitling Super Ocean Heritage II AB2020121/B1A1, Stainless Steel, Black Dial, 46mm",Breitling Super Ocean Heritage II,Breitling,NULL,NULL,AB2020121,0,4985.0,3,3,/api/uploads/aviandco/products/breitling-super-ocean-heritage-ii-g0brsh09019-1-34a1682336689165.jpg,https://www.aviandco.com/breitling-super-ocean-heritage-ii
avi-brequet-type-xx-xxi-xxii-3820ti-black-titane-carbon-dial-3,mismatch,name;price;reference,"Breguet Type XX - XXI - XXII 3820TI, Titanium, Black Titane Carbon Dial, 39 mm",Breguet Type XX - XXI - XXII,Breguet,NULL,NULL,3820TI,0,6700.0,3,3,/api/uploads/aviandco/products/breguet-type-xx-xxi-xxii-3820ti-001-1-52be1a35fdbf12d3.jpg,https://www.aviandco.com/brequet-type-xx-xxi-xxii-3820ti-black-titane-carbon-dial-3820ti-001
avi-bvlgari-serpenti-spiga102735-black-dial-g0102735-001,missing_source_url,,"Bvlgari Serpenti Spiga 102735, Black Ceramic, Black Dial, 35 mm",,Bvlgari,NULL,NULL,,13499,,1,0,/api/uploads/aviandco/products/aviandco-404-oswaldo-local.jpg,
avi-cartier-baignoire-de-cartier-wgba0019-silver-roman-dial-wg,mismatch,name;price;reference,"Cartier Baignoire WGBA0019, 18K Rose Gold, Silver Roman Dial, Size 15, 19 mm",Cartier Baignoire,Cartier,NULL,NULL,WGBA0019,0,15400.0,3,3,/api/uploads/aviandco/products/cartier-baignoire-de-cartier-wgba0019-001-1-974e58991f4eb255.jpg,https://www.aviandco.com/cartier-baignoire-de-cartier-wgba0019-silver-roman-dial-wgba0019-001
avi-cartier-baignoire-wgba0020-silver-roman-dial-wgba0020-001,mismatch,name;price;reference,"Cartier Baignoire WGBA0020, 18K Rose Gold, Silver Roman Dial, Size 16, 19 mm",Cartier Baignoire,Cartier,NULL,NULL,WGBA0020,0,17900.0,3,3,/api/uploads/aviandco/products/cartier-baignoire-wgba0020-001-1-0e1e4020416e05a6.jpg,https://www.aviandco.com/cartier-baignoire-wgba0020-silver-roman-dial-wgba0020-001
avi-cartier-baignoire-wgba0021-silver-roman-dial-wgba0021-001,mismatch,name;price;reference,"Cartier Baignoire WGBA0021, 18K Yellow Gold, Silver Roman Dial, Size 16, 19 mm",Cartier Baignoire,Cartier,NULL,NULL,WGBA0021,17900,16400.0,8,3,/api/uploads/aviandco/products/cartier-baignoire-wgba0021-001-1-d874f1eb726f3f79.jpg,https://www.aviandco.com/cartier-baignoire-wgba0021-silver-roman-dial-wgba0021-001
avi-cartier-baignoire-wgba0035-silver-roman-dial-wgba0035-001,mismatch,name,"Cartier Baignoire WGBA0035, 18K Yellow Gold, Silver Roman Dial, Size 17, 19 mm",There has been an error processing your request,Cartier,NULL,NULL,,0,0,3,0,/api/uploads/aviandco/products/cartier-baignoire-wgba0035-001-1-133f4eea5c311831.jpg,https://www.aviandco.com/cartier-baignoire-wgba0035-silver-roman-dial-wgba0035-001
avi-cartier-baignoire-wgba0044-silver-dial-wgba0044-001,mismatch,name;price;reference,"Cartier Baignoire WGBA0044, 18K Yellow Gold, Silver Dial, Size 15, 25 mm",Cartier Baignoire,Cartier,NULL,NULL,WGBA0044,0,18900.0,3,3,/api/uploads/aviandco/products/cartier-baignoire-wgba0044-001-1-2e98cf5657c0a4c4.jpg,https://www.aviandco.com/cartier-baignoire-wgba0044-silver-dial-wgba0044-001
avi-cartier-ballon-bleu-wjbb0033-roman-silver-dial-wjbb0033-00,mismatch,name;price;reference,"Cartier Ballon Bleu WJBB0033, 18K Rose Gold, Roman Silver Dial, 33 mm",Cartier Ballon Bleu,Cartier,NULL,NULL,WJBB0033,0,15999.0,3,3,/api/uploads/aviandco/products/wjbb0033-1-132e283245b766f2.jpg,https://www.aviandco.com/cartier-ballon-bleu-wjbb0033-roman-silver-dial-wjbb0033-001
avi-cartier-ballon-bleu-wsbb0040-silver-dial-wsbb0040-001,mismatch,name;price;reference,"Cartier Ballon Bleu WSBB0040, Steel, Silver Roman Dial, 40 mm",Cartier Ballon Bleu,Cartier,NULL,NULL,WSBB0040,0,4799.0,12,3,/api/uploads/aviandco/products/cartier-ballon-bleu-wsbb0040-1-e70967e4ae000a77.jpg,https://www.aviandco.com/cartier-ballon-bleu-wsbb0040-silver-dial-wsbb0040-001
avi-cartier-crash-platinum-white-dial-g0w155-plat-spy-001,mismatch,name;price,"Cartier Crash Platinum, Paris, White Dial, 38 mm",Cartier Crash,Cartier,NULL,NULL,,0,100000.0,3,3,/api/uploads/aviandco/products/cartier-crash-g0w155plat92-spy-001-ffd4d73aac88e876.jpg,https://www.aviandco.com/cartier-crash-platinum-white-dial-g0w155-plat-spy-001
avi-cartier-crash-wgch0006-ivory-roman-dial-wgch0006-001,mismatch,name;price;reference,"Cartier Crash WGCH0006, 18K Yellow Gold, Ivory Roman Dial, 38 mm",Cartier Crash,Cartier,NULL,NULL,WGCH0006,0,357100.0,3,3,/api/uploads/aviandco/products/wgch0006-001-1-2-f2b5d096d71f05de.jpg,https://www.aviandco.com/cartier-crash-wgch0006-ivory-roman-dial-wgch0006-001
avi-cartier-crash-wgch0006-white-roman-dial-wgch0006-004,mismatch,name;price;reference,"Cartier Crash WGCH0006, 18K Yellow Gold, White Roman Dial, 38 mm",Cartier Crash,Cartier,NULL,NULL,WGCH0006,0,364242.0,3,3,/api/uploads/aviandco/products/wgch0006-004-1-2a75e577daec8993.jpg,https://www.aviandco.com/cartier-crash-wgch0006-white-roman-dial-wgch0006-004
avi-cartier-la-dona-de-cartier-silver-roman-dial-we6601mx-001,mismatch,name;price;reference,"Cartier La Dona De Cartier WE6601MX, 18K White Gold, Silver Roman Dial, 29 mm",Cartier La Dona De Cartier,Cartier,NULL,NULL,WE6601MX,122500,117400.0,4,3,/api/uploads/aviandco/products/we6601mx-001-1-0c73ceab3214b4f1.jpg,https://www.aviandco.com/cartier-la-dona-de-cartier-silver-roman-dial-we6601mx-001
avi-cartier-panthere-jewellery-black-dial-g0hpi01706-spy001,mismatch,name,"Cartier Panthère HPI01706, Yellow Gold, Black Dial, 18 mm",There has been an error processing your request,Cartier,NULL,NULL,,0,0,3,0,/api/uploads/aviandco/products/cartier-panthere-g0hpi01706-spy001-1-82240bdcd8cc9660.jpg,https://www.aviandco.com/cartier-panthere-jewellery-black-dial-g0hpi01706-spy001
avi-cartier-panthere-w61003t9-pink-mother-of-pearl-dial-w61003,mismatch,name;price;reference,"Cartier Panthere W61003T9, Stainless Steel, Pink MOP Dial, 17 mm",Cartier Panthere,Cartier,NULL,NULL,W61003T9,0,3000.0,3,3,/api/uploads/aviandco/products/w61003t9-001-1-144c8245b554592e.png,https://www.aviandco.com/cartier-panthere-w61003t9-pink-mother-of-pearl-dial-w61003t9-001
avi-cartier-pasha-whpa0007-skeleton-dial-ctpa07004,mismatch,name;price;reference,"Cartier Pasha WHPA0007, Stainless Steel, Skeleton Dial, 41 mm",Cartier Pasha,Cartier,NULL,NULL,WHPA0007,19900,18900.0,10,3,/api/uploads/aviandco/products/cartier-pasha-ctpa07004-1-060e48e968ca257d.jpg,https://www.aviandco.com/cartier-pasha-whpa0007-skeleton-dial-ctpa07004
avi-cartier-pasha-whpa0007-skeleton-dial-ctpa07006,mismatch,name;price;reference,"Cartier Pasha WHPA0007, Stainless Steel, Skeleton Dial, 41 mm",Cartier Pasha,Cartier,NULL,NULL,WHPA0007,19900,18400.0,7,3,/api/uploads/aviandco/products/cartier-pasha-ctpa07004-1-1-dd9a4cb558e7a493.jpg,https://www.aviandco.com/cartier-pasha-whpa0007-skeleton-dial-ctpa07006
avi-cartier-rotonde-de-cartier-w1580007-grey-skeletonized-roma,mismatch,name;reference,"Cartier Rotonde de Cartier Tourbillon W1580007, Tourbillon, Platinum, Grey Skeletonized Roman Dial, 45 mm",Cartier Rotonde de Cartier Tourbillon,Cartier,NULL,NULL,W1580007,61300,61300.0,3,3,/api/uploads/aviandco/products/cartier-rotonde-de-cartier-w1580007-001-1-dd553c76d0ce8ffe.jpg,https://www.aviandco.com/cartier-rotonde-de-cartier-w1580007-grey-skeletonized-roman-dial-w1580007-001
avi-cartier-santos-100-2891-white-roman-dial-2891-001,mismatch,name;price;reference,"Cartier Santos 100 2891, Platinum, White Roman Dial, 42 mm",Cartier Santos 100,Cartier,NULL,NULL,2891,0,58100.0,3,3,/api/uploads/aviandco/products/cartier-santos-100-xl-2891-white-roman-1-1-47ddcc1d7c4f07cf.jpg,https://www.aviandco.com/cartier-santos-100-2891-white-roman-dial-2891-001
avi-cartier-santos-de-cartier-wgsa0007-white-dial-ctst07106,mismatch,name;price;reference,"Cartier Santos de Cartier WGSA0007, 18K Rose Gold, White Roman Dial, 40 mm",Cartier Santos de Cartier,Cartier,NULL,NULL,WGSA0007,0,30699.0,10,3,/api/uploads/aviandco/products/cartier-santos-de-cartier-wgsa0007-1-65393bb6042d234c.jpg,https://www.aviandco.com/cartier-santos-de-cartier-wgsa0007-white-dial-ctst07106
avi-cartier-santos-dumont-w2020057-skeleton-dial-ctst07108,mismatch,name;price;reference,"Cartier Santos Dumont W2020057, 18K Rose Gold, Skeleton Dial, 38 mm",Cartier Santos Dumont,Cartier,NULL,NULL,W2020057,0,43599.0,3,3,/api/uploads/aviandco/products/f-cartr-rosgld-skeldil-w2020057--09-19-dea163b4c81305ba.jpg,https://www.aviandco.com/cartier-santos-dumont-w2020057-skeleton-dial-ctst07108
avi-cartier-santos-w2sa0009-silver-dial-w2sa0009-001,mismatch,name;price;reference,"Cartier Santos de Cartier W2SA0009, 18K Yellow Gold and Stainless Steel, Silver Dial, 40 mm",Cartier Santos de Cartier,Cartier,NULL,NULL,W2SA0009,12800,12300.0,3,3,/api/uploads/aviandco/products/cartier-santos-de-cariter-w2sa0009-001-1-7a588d97ce3e099e.jpg,https://www.aviandco.com/cartier-santos-w2sa0009-silver-dial-w2sa0009-001
avi-cartier-santos-w2sa0009-silver-dial-w2sa0009-002,mismatch,name;reference,"Cartier Santos de Cartier W2SA0009, Stainless Steel & 18K Yellow Gold, Silver Dial, 40 mm",Cartier Santos de Cartier,Cartier,NULL,NULL,W2SA0009,12800,12800.0,3,3,/api/uploads/aviandco/products/cartier-santos-de-cariter-w2sa0009-001-1-1-20864cfcd892175a.jpg,https://www.aviandco.com/cartier-santos-w2sa0009-silver-dial-w2sa0009-002
avi-cartier-santos-wssa0018-white-roman-sdial-wssa0018-011,mismatch,name;price;reference,"Cartier Santos de Cartier WSSA0018, Stainless Steel, Silver Roman Dial, 40 mm",Cartier Santos de Cartier,Cartier,NULL,NULL,WSSA0018,0,8000.0,3,3,/api/uploads/aviandco/products/cartier-santos-de-cartier-wssa0018-011-1-1-18fd44bbbf7b2bb6.jpg,https://www.aviandco.com/cartier-santos-wssa0018-white-roman-sdial-wssa0018-011
avi-cartier-santos-wssa0029-white-dial-wssa0029-001,mismatch,name;price;reference,"Cartier Santos de Cartier WSSA0029, Stainless Steel, White Dial, 35 mm",Cartier Santos de Cartier,Cartier,NULL,NULL,WSSA0029,7200,7100.0,11,3,/api/uploads/aviandco/products/cartier-santos-de-cariter-wssa0029-001-1-1-2-d9b3638781423034.jpg,https://www.aviandco.com/cartier-santos-wssa0029-white-dial-wssa0029-001
avi-cartier-santos-wssa0029-white-dial-wssa0029-005,mismatch,name;reference,"Cartier Santos de Cartier WSSA0029, Stainless Steel, White Dial, 35 mm",Cartier Santos de Cartier,Cartier,NULL,NULL,WSSA0029,7200,7200.0,12,3,/api/uploads/aviandco/products/cartier-santos-de-cariter-wssa0029-001-1-1-3-cb386e63df35feaa.jpg,https://www.aviandco.com/cartier-santos-wssa0029-white-dial-wssa0029-005
avi-cartier-santos-wssa0029-white-dial-wssa0029-006,mismatch,name;price;reference,"Cartier Santos de Cartier WSSA0029, Stainless Steel, White Dial, 35 mm",Cartier Santos de Cartier,Cartier,NULL,NULL,WSSA0029,7200,7100.0,3,3,/api/uploads/aviandco/products/cartier-santos-de-cariter-wssa0029-001-1-1-4-b0ccd37a9303daa9.jpg,https://www.aviandco.com/cartier-santos-wssa0029-white-dial-wssa0029-006
avi-cartier-santos-wssa0029-white-dial-wssa0029-008,mismatch,name;reference,"Cartier Santos de Cartier WSSA0029, Stainless Steel, White Dial, 35 mm",Cartier Santos de Cartier,Cartier,NULL,NULL,WSSA0029,7200,7200.0,3,3,/api/uploads/aviandco/products/cartier-santos-de-cariter-wssa0029-001-1-1-5-48fa05b7ce8b10e1.jpg,https://www.aviandco.com/cartier-santos-wssa0029-white-dial-wssa0029-008
avi-cartier-santos-wssa0029-white-dial-wssa0029-009,mismatch,name;price;reference,"Cartier Santos de Cartier WSSA0029, Stainless Steel, White Dial, 35 mm",Cartier Santos de Cartier,Cartier,NULL,NULL,WSSA0029,7200,7100.0,3,3,/api/uploads/aviandco/products/cartier-santos-de-cariter-wssa0029-001-1-1-6-1d119d5d46d94b3c.jpg,https://www.aviandco.com/cartier-santos-wssa0029-white-dial-wssa0029-009
avi-cartier-tank-a-guichet-wgta0234-white-dial-g0wgta0234-spy-,mismatch,name;price;reference,"Cartier Tank à Guichet WGTA0234, Yellow Gold, White Dial, 25 mm",Cartier Tank à Guichet,Cartier,NULL,NULL,WGTA0234,0,197000.0,3,3,/api/uploads/aviandco/products/cartier-tank-a-guichet-g0wgta0234-spy001-09f1faa49785d60a.jpg,https://www.aviandco.com/cartier-tank-a-guichet-wgta0234-white-dial-g0wgta0234-spy-001
avi-cartier-tank-a-guichet-wgta0236-white-dial-g0wgta0236-spy0,mismatch,name;price;reference,"Cartier Tank à Guichet WGTA0236, Platinum, White Dial, 25 mm",Cartier Tank à Guichet,Cartier,NULL,NULL,WGTA0236,0,55500.0,3,3,/api/uploads/aviandco/products/cartier-tank-a-guichet-g0wgta0236-spy001-3e10fa4a8b61c3e1.jpg,https://www.aviandco.com/cartier-tank-a-guichet-wgta0236-white-dial-g0wgta0236-spy001
avi-cartier-tank-louis-wgta0011-silver-roman-dial-wgta0011-001,mismatch,name;price;reference,"Cartier Tank Louis WGTA0011, 18K Rose Gold, Silver Roman Dial, 38 mm",Cartier Tank Louis,Cartier,NULL,NULL,WGTA0011,0,12800.0,3,3,/api/uploads/aviandco/products/cartier-tank-louis-wgta0011-001-1-9dde4d0d06be141f.jpg,https://www.aviandco.com/cartier-tank-louis-wgta0011-silver-roman-dial-wgta0011-001
avi-cartier-tressage-white-gold-and-diamonds-g0hpi01691-spy001,mismatch,name;price;reference,"Cartier Tressage HPI01691, White Gold, White Gold & Diamonds Dial, 26 mm",Cartier Tressage,Cartier,NULL,NULL,HPI01691,0,134000.0,3,3,/api/uploads/aviandco/products/cartier-tressage-g0hpi01691-spy001-2a852d7c99068613.jpg,https://www.aviandco.com/cartier-tressage-white-gold-and-diamonds-g0hpi01691-spy001
avi-cartier-tressage-white-gold-and-diamonds-g0hpi01693-spy001,mismatch,name;price;reference,"Cartier Tressage HPI01693, White Gold, White Gold & Diamonds Dial, 26 mm",Cartier Tressage,Cartier,NULL,NULL,HPI01693,0,122000.0,3,3,/api/uploads/aviandco/products/cartier-tressage-g0hpi01693-spy001-13b808a7fa374de0.jpg,https://www.aviandco.com/cartier-tressage-white-gold-and-diamonds-g0hpi01693-spy001
avi-cf-001-mirror-polished-anthracite-grand-feu-enamel-g0cf-sp,mismatch,name;price;reference,"F.P. Journe Chronomètre Furtif CF, Tungsten Carbide & Tantalum, Mirror Polished Anthracite Grand Feu Enamel, 42 mm",F.P. Journe Chronomètre Furtif,F.P. Journe,NULL,NULL,CF-001,0,103300.0,3,3,/api/uploads/aviandco/products/f-p-journe-chronometre-furtif-cf-spy001-c4e4b35ef2a6c5b6.jpg,https://www.aviandco.com/cf-001-mirror-polished-anthracite-grand-feu-enamel-g0cf-spy001
avi-chanel-j12-365-white-opaline-dial-j12-365-001,missing_source_url,,"Chanel J12 J12-365, White Ceramic & 18K Rose Gold, White Opaline Arabic Dial, 37 mm",,Chanel,NULL,NULL,,0,,1,0,/api/uploads/aviandco/products/aviandco-404-oswaldo-local.jpg,
avi-chanel-j12-h0949-black-dial-h0949-001,missing_source_url,,"Chanel J12 H0949, Black Ceramic, Diamond Bezel, Black Dial, 33 mm",,Chanel,NULL,NULL,,7900,,1,0,/api/uploads/aviandco/products/chanel-j-12-h0949-001-1-02fb553d7e8c92aa.jpg,
avi-chopard-alpine-eagle-295363-5004-pave-diamond-dial-295363-,missing_source_url,,"Chopard Alpine Eagle 295363-5004, 18K Rose Gold, Rainbow Sapphire Bezel, Pave Diamond Dial, 41 mm",,Chopard,NULL,NULL,,127600,,1,0,/api/uploads/aviandco/products/aviandco-404-oswaldo-local.jpg,
avi-f-p-journe-astronomic-souveraine-rm-whitened-guilloche-sil,mismatch,name;price;reference,"F.P. Journe Astronomic Souveraine AST, Stainless Steel, Whitened Guilloche Silver Dial, 44 mm",F.P. Journe Astronomic Souveraine,F.P. Journe,NULL,NULL,AST,0,250000.0,3,3,/api/uploads/aviandco/products/fp-journe-astronomic-souveraine-g0ast-spy-001-1-25a3e5127ab90dee.jpg,https://www.aviandco.com/f-p-journe-astronomic-souveraine-rm-whitened-guilloche-silver-dial-g0ast-spy-001
avi-f-p-journe-automatique-grey-dial-g0an-spy-001,mismatch,name;price;reference,"F.P. Journe Automatique Platinum, Grey Dial, 40 mm",F.P. Journe Automatique,F.P. Journe,NULL,NULL,AN,0,180000.0,3,3,/api/uploads/aviandco/products/fp-journe-automatique-g0an-spy-001-1-20d3e27995444066.jpg,https://www.aviandco.com/f-p-journe-automatique-grey-dial-g0an-spy-001
avi-f-p-journe-automatique-lune-havana-brown-dial-g0al2-spy-00,mismatch,name;price;reference,"F.P. Journe Automatique Lune Havana 18K Rose Gold, Brown Dial, 40 mm",F.P. Journe Automatique Lune Havana,F.P. Journe,NULL,NULL,AL2,0,180000.0,3,3,/api/uploads/aviandco/products/fp-journe-automatique-lune-havana-g0al2-spy-002-1-18053f3f59c907f1.jpg,https://www.aviandco.com/f-p-journe-automatique-lune-havana-brown-dial-g0al2-spy-002
avi-f-p-journe-automatique-lune-silver-dial-g0al2-spy-001,mismatch,name;price;reference,"F.P. Journe Automatique Lune 18K Rose Gold, Whitened Guilloche Silver Dial, 40 mm",F.P. Journe Automatique Lune,F.P. Journe,NULL,NULL,AL2,0,180000.0,3,3,/api/uploads/aviandco/products/fp-journe-automatique-lune-g0al2-spy-001-1-2e9573cf657f73b6.jpg,https://www.aviandco.com/f-p-journe-automatique-lune-silver-dial-g0al2-spy-001
avi-f-p-journe-automatique-reserve-ar2-black-dial-g0ar2-spy-00,mismatch,name;price;reference,"F.P. Journe Automatique Reserve AR2, 18K Rose Gold, Grey Dial, 44 mm",F.P. Journe Automatique Reserve,F.P. Journe,NULL,NULL,ARS2/AR2,0,180000.0,3,3,/api/uploads/aviandco/products/fp-journe-automatique-reserve-g0ars-spy-004-1-4fe56ef08b153435.jpg,https://www.aviandco.com/f-p-journe-automatique-reserve-ar2-black-dial-g0ar2-spy-001
avi-f-p-journe-automatique-reserve-ars2-ar2-black-dial-g0ars2-,mismatch,name,"F.P. Journe Automatique Reserve ARS2/AR2, 18K Rose Gold, Black Dial, 44 mm",There has been an error processing your request,F.P. Journe,NULL,NULL,,0,0,3,0,/api/uploads/aviandco/products/f-p-journe-automatique-reserve-g0ars2-spy-002-1-f78937c9db503064.jpg,https://www.aviandco.com/f-p-journe-automatique-reserve-ars2-ar2-black-dial-g0ars2-spy-002
avi-f-p-journe-automatique-reserve-ars2-ar2-blue-maeve-dial-g0,mismatch,name,"F.P. Journe Automatique Reserve ARS2/AR2, Platinum, Blue-Mauve Dial, 44 mm",There has been an error processing your request,F.P. Journe,NULL,NULL,,0,0,3,0,/api/uploads/aviandco/products/f-p-journe-automatique-reserve-g0ars2-spy-003-1-1-9be4c9eb8ca9f2cf.jpg,https://www.aviandco.com/f-p-journe-automatique-reserve-ars2-ar2-blue-maeve-dial-g0ars2-spy-003
avi-f-p-journe-automatique-reserve-ars2-ar2-slate-grey-dial-g0,mismatch,name;price;reference,"F.P. Journe Automatique Reserve ARS2/AR2, Titanium, Slate Grey Dial, 44 mm",F.P. Journe Automatique Reserve,F.P. Journe,NULL,NULL,ARS2/AR2,0,180000.0,3,3,/api/uploads/aviandco/products/fp-journe-automatique-reserve-g0ars2-spy-001-1-f0a7a364af0ee8b7.jpg,https://www.aviandco.com/f-p-journe-automatique-reserve-ars2-ar2-slate-grey-dial-g0ars2-spy-001
avi-f-p-journe-automatique-reserve-ars2-slate-grey-dial-g0ars2,mismatch,name;price;reference,"F.P. Journe Automatique Reserve ARS2, Titanium, Slate Grey Dial, 44 mm",F.P. Journe Automatique Reserve,F.P. Journe,NULL,NULL,ARS2,0,180000.0,3,3,/api/uploads/aviandco/products/fp-journe-automatique-reserve-g0ars2-spy-004-1-3bb0d683a49a3714.jpg,https://www.aviandco.com/f-p-journe-automatique-reserve-ars2-slate-grey-dial-g0ars2-spy-004
avi-f-p-journe-automatique-reserve-cts2-ct2-blue-maeve-dial-g0,mismatch,name;price;reference,"F.P. Journe Centigraphe CTS2/CT2, Platinum, Blue-Mauve Dial, 44 mm",F.P. Journe Centigraphe,F.P. Journe,NULL,NULL,CTS2/CT2,0,180000.0,3,3,/api/uploads/aviandco/products/fp-journe-centigraphe-g0cts2-spy-004-1-f716670f0fdf6760.jpg,https://www.aviandco.com/f-p-journe-automatique-reserve-cts2-ct2-blue-maeve-dial-g0cts2-spy-004
avi-f-p-journe-automatique-salmon-dial-g0an-spy-002,mismatch,name;price;reference,"F.P. Journe Automatique 18K Rose Gold, Salmon Dial, 40 mm",F.P. Journe Automatique,F.P. Journe,NULL,NULL,AN,0,180000.0,3,3,/api/uploads/aviandco/products/fp-journe-automatique-g0an-spy-002-1-1-69f729433b0f9686.jpg,https://www.aviandco.com/f-p-journe-automatique-salmon-dial-g0an-spy-002
avi-f-p-journe-centigraphe-ct2-grey-dial-g0ct2-spy-001,mismatch,name;price;reference,"F.P. Journe Centigraphe CT2, 18K Rose Gold, Grey Dial, 44 mm",F.P. Journe Centigraphe,F.P. Journe,NULL,NULL,CT2,0,180000.0,3,3,/api/uploads/aviandco/products/fp-journe-centigraphe-g0ct2-spy-001-1-949be284b3d69ee5.jpg,https://www.aviandco.com/f-p-journe-centigraphe-ct2-grey-dial-g0ct2-spy-001
avi-f-p-journe-centigraphe-cts2-ct2-black-dial-g0cts2-spy-003,mismatch,name,"F.P. Journe Centigraphe CTS2/CT2, 18K Rose Gold, Black Dial, 44 mm",There has been an error processing your request,F.P. Journe,NULL,NULL,,0,0,3,0,/api/uploads/aviandco/products/fp-journe-centigraphe-g0cts2-spy-003-1-466201178b9d44cf.jpg,https://www.aviandco.com/f-p-journe-centigraphe-cts2-ct2-black-dial-g0cts2-spy-003
avi-f-p-journe-centigraphe-slate-grey-dial-g0cts-spy-001,mismatch,name,"F.P. Journe Centigraphe Sport CTS, Titanium, Slate Grey Dial, 42 mm",There has been an error processing your request,F.P. Journe,NULL,NULL,,0,0,3,0,/api/uploads/aviandco/products/fp-journe-centigraphe-sport-g0cts-spy-001-1-f34e6f0902d4b2e9.jpg,https://www.aviandco.com/f-p-journe-centigraphe-slate-grey-dial-g0cts-spy-001
avi-f-p-journe-centigraphe-slate-grey-dial-g0cts-spy-002,mismatch,name,"F.P. Journe Centigraphe Sport CTS, Titanium, Slate Grey Dial, 42 mm",There has been an error processing your request,F.P. Journe,NULL,NULL,,0,0,3,0,/api/uploads/aviandco/products/fp-journe-centigraphe-sport-g0cts-spy-002-1-9fc0469a26d584e5.jpg,https://www.aviandco.com/f-p-journe-centigraphe-slate-grey-dial-g0cts-spy-002
avi-f-p-journe-centigraphe-slate-grey-dial-g0cts2-spy-002,mismatch,name;price;reference,"F.P. Journe Centigraphe CTS2/CT2, Titanium, Slate Grey Dial, 44 mm",F.P. Journe Centigraphe,F.P. Journe,NULL,NULL,CTS2/CT2,0,180000.0,3,3,/api/uploads/aviandco/products/fp-journe-centigraphe-g0cts2-spy-002-1-33f3681ae542fbd5.jpg,https://www.aviandco.com/f-p-journe-centigraphe-slate-grey-dial-g0cts2-spy-002
avi-f-p-journe-centigraphe-slate-grey-dial-g0cts2-spy-006,mismatch,name;price;reference,"F.P. Journe Centigraphe CTS2, Titanium, Slate Grey Dial, 44 mm",F.P. Journe Centigraphe,F.P. Journe,NULL,NULL,CTS2,0,180000.0,3,3,/api/uploads/aviandco/products/fp-journe-centigraphe-g0cts2-spy-006-1-4a499a11827cdf61.jpg,https://www.aviandco.com/f-p-journe-centigraphe-slate-grey-dial-g0cts2-spy-006
avi-f-p-journe-centigraphe-souverain-silver-dial-g0ctsouv-spy-,mismatch,name;price;reference,"F.P. Journe Centigraphe Souverain CT, 18K Rose Gold, Silver Dial, 40 mm",F.P. Journe Centigraphe Souverain,F.P. Journe,NULL,NULL,CT,0,200000.0,3,3,/api/uploads/aviandco/products/fp-journe-centigraphe-souverain-ct-g0ctsouv-spy-002-1-e6bf2a77f8f792c9.jpg,https://www.aviandco.com/f-p-journe-centigraphe-souverain-silver-dial-g0ctsouv-spy-002
avi-f-p-journe-centigraphe-sport-slate-grey-dial-g0cts-spy-003,mismatch,name;price;reference,"F.P. Journe Centigraphe Sport CTS, Aluminum, Slate Grey Dial, 42 mm",F.P. Journe Centigraphe Sport,F.P. Journe,NULL,NULL,CTS,0,180000.0,3,3,/api/uploads/aviandco/products/fp-journe-centigraphe-sport-g0cts-spy-003-1-c89543aee32b489d.jpg,https://www.aviandco.com/f-p-journe-centigraphe-sport-slate-grey-dial-g0cts-spy-003
avi-f-p-journe-centigraphe-yellow-dial-g0cts2-spy-001,mismatch,name;price;reference,"F.P. Journe Centigraphe CTS2/CT2, Titanium, Yellow Dial, 44 mm",F.P. Journe Centigraphe,F.P. Journe,NULL,NULL,CTS2/CT2,0,180000.0,3,3,/api/uploads/aviandco/products/fp-journe-centigraphe-g0cts2-spy-001-1-e5eda0ecb153e8ca.jpg,https://www.aviandco.com/f-p-journe-centigraphe-yellow-dial-g0cts2-spy-001
avi-f-p-journe-centigraphe-yellow-dial-g0cts2-spy-005,mismatch,name;price;reference,"F.P. Journe Centigraphe CTS2, Titanium, Yellow Dial, 44 mm",F.P. Journe Centigraphe,F.P. Journe,NULL,NULL,CTS2,0,180000.0,3,3,/api/uploads/aviandco/products/fp-journe-centigraphe-g0cts2-spy-005-1-35b6c1879620b4c2.jpg,https://www.aviandco.com/f-p-journe-centigraphe-yellow-dial-g0cts2-spy-005
avi-f-p-journe-chronometre-a-resonance-guilloche-silver-dial-g,mismatch,name;price;reference,"F.P. Journe Chronometre A Resonance RQ, Platinum, Guilloche Silver Dial, 40 mm",F.P. Journe Chronometre A Resonance,F.P. Journe,NULL,NULL,RQ,0,200000.0,3,3,/api/uploads/aviandco/products/fp-journe-chronometre-a-resonance-g0rq-spy-001-1-1da30195d658d515.jpg,https://www.aviandco.com/f-p-journe-chronometre-a-resonance-guilloche-silver-dial-g0rq-spy-001
avi-f-p-journe-chronometre-a-resonance-rose-dial-g0rnsouv-spy-,mismatch,name;price;reference,"F.P. Journe Chronometre A Resonance RN, 18K Rose Gold, Rose Dial, 40 mm",F.P. Journe Chronometre A Resonance,F.P. Journe,NULL,NULL,RN,0,200000.0,3,3,/api/uploads/aviandco/products/fp-journe-chronometre-a-resonance-rn-g0rnsouv-spy-002-1-66e9c3bb1a9fee63.jpg,https://www.aviandco.com/f-p-journe-chronometre-a-resonance-rose-dial-g0rnsouv-spy-002
avi-f-p-journe-chronometre-a-resonance-rose-dial-g0rq-spy-002,mismatch,name;price;reference,"F.P. Journe Chronometre A Resonance RQ, 18K Rose Gold, Rose Dial, 40 mm",F.P. Journe Chronometre A Resonance,F.P. Journe,NULL,NULL,RQ,0,200000.0,3,3,/api/uploads/aviandco/products/fp-journe-chronometre-a-resonance-g0rq-spy-002-1-a854869beb5644ad.jpg,https://www.aviandco.com/f-p-journe-chronometre-a-resonance-rose-dial-g0rq-spy-002
avi-f-p-journe-chronometre-a-resonance-rose-dial-g0rtsouv-spy-,mismatch,name;price;reference,"F.P. Journe Chronometre A Resonance RT, 18K Rose Gold, Double Display, Rose Dial, 40 mm",F.P. Journe Chronometre A Resonance,F.P. Journe,NULL,NULL,RT,0,200000.0,3,3,/api/uploads/aviandco/products/fp-journe-chronometre-a-resonance-rn-g0rtsouv-spy-004-1-ed2c6579ade6efb2.jpg,https://www.aviandco.com/f-p-journe-chronometre-a-resonance-rose-dial-g0rtsouv-spy-004
avi-f-p-journe-chronometre-a-resonance-silver-dial-g0rnsouv-sp,mismatch,name;price;reference,"F.P. Journe Chronometre A Resonance RN, Platinum, Silver Dial, 40 mm",F.P. Journe Chronometre A Resonance,F.P. Journe,NULL,NULL,RN,0,200000.0,3,3,/api/uploads/aviandco/products/fp-journe-centigraphe-souverain-rn-g0rnsouv-spy-001-1-b649d1d090c9a0e4.jpg,https://www.aviandco.com/f-p-journe-chronometre-a-resonance-silver-dial-g0rnsouv-spy-001
avi-f-p-journe-chronometre-a-resonance-silver-dial-g0rtsouv-sp,mismatch,name;price;reference,"F.P. Journe Chronometre A Resonance RT, Platinum, Double Display, Silver Dial, 40 mm",F.P. Journe Chronometre A Resonance,F.P. Journe,NULL,NULL,RT,0,200000.0,3,3,/api/uploads/aviandco/products/fp-journe-chronometre-a-resonance-rn-g0rtsouv-spy-003-1-c85ccbb263e2c7b2.jpg,https://www.aviandco.com/f-p-journe-chronometre-a-resonance-silver-dial-g0rtsouv-spy-003
avi-f-p-journe-chronometre-bleu-chblue-blue-dial-g0chblue-spy0,mismatch,name;price;reference,"F.P. Journe Chronomètre Bleu CHBLUE-001, Tantalum, Blue Dial, 39 mm",F.P. Journe Chronomètre Bleu,F.P. Journe,NULL,NULL,Chronometre,0,107205.0,7,3,/api/uploads/aviandco/products/chblue-1-1-1-c74c640d6a8eb2b6.jpg,https://www.aviandco.com/f-p-journe-chronometre-bleu-chblue-blue-dial-g0chblue-spy001
avi-f-p-journe-chronometre-optimum-guilloche-silver-dial-g0co-,mismatch,name;price;reference,"F.P. Journe Chronometre Optimum CO, Platinum, Guilloche Silver Dial, 40 mm",F.P. Journe Chronometre Optimum,F.P. Journe,NULL,NULL,CO,0,200000.0,3,3,/api/uploads/aviandco/products/fp-journe-chromometre-optimum-goco-spy-001-1-8e68814f323ba77d.jpg,https://www.aviandco.com/f-p-journe-chronometre-optimum-guilloche-silver-dial-g0co-spy-001
avi-f-p-journe-chronometre-optimum-rose-dial-g0co-spy-002,mismatch,name;price;reference,"F.P. Journe Chronometre Optimum CO, 18K Rose Gold, Rose Dial, 40 mm",F.P. Journe Chronometre Optimum,F.P. Journe,NULL,NULL,CO,0,200000.0,3,3,/api/uploads/aviandco/products/fp-journe-chromometre-optimum-goco-spy-002-1-d4fe49f1aaf18881.jpg,https://www.aviandco.com/f-p-journe-chronometre-optimum-rose-dial-g0co-spy-002
avi-f-p-journe-chronometre-souverain-cs-blue-guilloche-silver-,mismatch,name;price;reference,"F.P. Journe Chronometre Souverain CS, 18K Rose Gold, Blue Guilloche Silver Dial, 40 mm",F.P. Journe Chronometre Souverain,F.P. Journe,NULL,NULL,CS,0,200000.0,3,3,/api/uploads/aviandco/products/fp-journe-chronometre-souverain-g0cs-spy-008-1-6cb90673a1706324.jpg,https://www.aviandco.com/f-p-journe-chronometre-souverain-cs-blue-guilloche-silver-dial-g0cs-spy-008
avi-f-p-journe-chronometre-souverain-silver-dial-g0cs-spy-001,mismatch,name;price;reference,"F.P. Journe Chronomètre Souverain Platinum, Guilloché Silver Dial, 40 mm",F.P. Journe Chronomètre Souverain,F.P. Journe,NULL,NULL,CS,0,180000.0,3,3,/api/uploads/aviandco/products/fp-journe-chronometre-souverain-g0cs-spy-001-1-12ccade6ec79a926.jpg,https://www.aviandco.com/f-p-journe-chronometre-souverain-silver-dial-g0cs-spy-001
avi-f-p-journe-chronometre-souverain-silver-dial-g0cs-spy-002,mismatch,name;price;reference,"F.P. Journe Chronomètre Souverain 18K Rose Gold, Guilloché Silver Dial, 40 mm",F.P. Journe Chronomètre Souverain,F.P. Journe,NULL,NULL,CS,0,180000.0,3,3,/api/uploads/aviandco/products/f-p-journe-chronometre-souverain-g0cs-spy-002-1-97d3d053dee6bb9d.jpg,https://www.aviandco.com/f-p-journe-chronometre-souverain-silver-dial-g0cs-spy-002
avi-f-p-journe-chronometre-souverain-silver-dial-g0cs-spy-003,mismatch,name;price;reference,"F.P. Journe Chronomètre Souverain CS, Platinum, Silver Dial, 40 mm",F.P. Journe Chronomètre Souverain,F.P. Journe,NULL,NULL,CS,0,180000.0,3,3,/api/uploads/aviandco/products/f-p-journe-chronometre-souverain-g0cs-spy-003-1-f7b1596de4f35710.jpg,https://www.aviandco.com/f-p-journe-chronometre-souverain-silver-dial-g0cs-spy-003
avi-f-p-journe-chronometre-souverain-silver-dial-g0cs-spy-004,mismatch,name;price;reference,"F.P. Journe Chronomètre Souverain 18K Rose Gold, Silver Dial, 40 mm",F.P. Journe Chronomètre Souverain,F.P. Journe,NULL,NULL,CS,0,180000.0,3,3,/api/uploads/aviandco/products/f-p-journe-chronometre-souverain-g0cs-spy-004-1-e5b0d63544485944.jpg,https://www.aviandco.com/f-p-journe-chronometre-souverain-silver-dial-g0cs-spy-004
avi-f-p-journe-chronometre-souverain-silver-dial-g0cs-spy-005,mismatch,name;price;reference,"F.P. Journe Chronomètre Souverain Havana 18K Rose Gold, Brown Dial, 40 mm",F.P. Journe Chronomètre Souverain Havana,F.P. Journe,NULL,NULL,CS,0,180000.0,3,3,/api/uploads/aviandco/products/fp-journe-chronometre-souverain-havana-g0cs-spy-005-1-65012919e3155b23.jpg,https://www.aviandco.com/f-p-journe-chronometre-souverain-silver-dial-g0cs-spy-005
avi-f-p-journe-chronometre-souverain-silver-dial-g0cs-spy-006,mismatch,name;price;reference,"F.P. Journe Chronomètre Souverain Havana Platinum, Brown Dial, 40 mm",F.P. Journe Chronomètre Souverain Havana,F.P. Journe,NULL,NULL,CS,0,180000.0,3,3,/api/uploads/aviandco/products/fp-journe-chronometre-souverain-havana-g0cs-spy-006-1-4764c1a85d1c9a3a.jpg,https://www.aviandco.com/f-p-journe-chronometre-souverain-silver-dial-g0cs-spy-006
avi-f-p-journe-divine-dn-blue-guilloche-silver-dial-g0dn-spy-0,mismatch,name;price;reference,"F.P. Journe Divine 18K Rose Gold, Blue Guilloche Silver Dial, 40 mm",F.P. Journe Divine,F.P. Journe,NULL,NULL,DN,0,180000.0,3,3,/api/uploads/aviandco/products/fp-journe-divine-dn-g0dn-spy-004-1-3d806ed9f2a775b2.jpg,https://www.aviandco.com/f-p-journe-divine-dn-blue-guilloche-silver-dial-g0dn-spy-004
avi-f-p-journe-divine-dn-guilloche-silver-dial-g0dn-spy-001,mismatch,name;price;reference,"F.P. Journe Divine Platinum, Guilloche Silver Dial, 40 mm",F.P. Journe Divine,F.P. Journe,NULL,NULL,DN,0,180000.0,3,3,/api/uploads/aviandco/products/fp-journe-divine-g0dn-spy-001-1-f55e8075db0e9563.jpg,https://www.aviandco.com/f-p-journe-divine-dn-guilloche-silver-dial-g0dn-spy-001
avi-f-p-journe-divine-dn-guilloche-silver-dial-g0dn-spy-002,mismatch,name;price;reference,"F.P. Journe Divine 18K Rose Gold, Guilloche Silver Dial, 40 mm",F.P. Journe Divine,F.P. Journe,NULL,NULL,DN,0,180000.0,3,3,/api/uploads/aviandco/products/fp-journe-divine-g0dn-spy-002-1-8c0614e2936e340d.jpg,https://www.aviandco.com/f-p-journe-divine-dn-guilloche-silver-dial-g0dn-spy-002
avi-f-p-journe-divine-grey-dial-g0octa-spy-007,mismatch,name;price;reference,"F.P. Journe Divine Platinum, Grey Dial, 40 mm",F.P. Journe Divine,F.P. Journe,NULL,NULL,DN,0,180000.0,3,3,/api/uploads/aviandco/products/fp-journe-divine-g0octa-spy-007-1-9d7dc9ee5e58f386.jpg,https://www.aviandco.com/f-p-journe-divine-grey-dial-g0octa-spy-007
avi-f-p-journe-divine-rose-dial-g0octa-spy-008,mismatch,name,"F.P. Journe Divine 18K Rose Gold, Rose Dial, 40 mm",There has been an error processing your request,F.P. Journe,NULL,NULL,,0,0,3,0,/api/uploads/aviandco/products/fp-journe-divine-g0octa-spy-008-1-4fe560e8065a5af3.jpg,https://www.aviandco.com/f-p-journe-divine-rose-dial-g0octa-spy-008
avi-f-p-journe-elegante-40mm-white-dial-diamonds-g0elega-spy-0,mismatch,name;price;reference,"F.P. Journe Elegante Titanium, Luminescent White Dial, 2 Rows of Diamonds, 40 mm",F.P. Journe Elegante,F.P. Journe,NULL,NULL,Elegante,0,180000.0,3,3,/api/uploads/aviandco/products/fp-journe-elegante-g0elega-spy-003-1-6987a8d2fe49226b.jpg,https://www.aviandco.com/f-p-journe-elegante-40mm-white-dial-diamonds-g0elega-spy-003
avi-f-p-journe-elegante-40mm-white-dial-elega-002,mismatch,name;price;reference,"F.P. Journe Elegante Titalyt, Titanium, Luminicent White Dial, 40 mm",F.P. Journe Elegante,F.P. Journe,NULL,NULL,Elegante,0,71500.0,3,3,/api/uploads/aviandco/products/elega-002-1-8730667c25e22df7.jpg,https://www.aviandco.com/f-p-journe-elegante-40mm-white-dial-elega-002
avi-f-p-journe-elegante-48mm-white-dial-elega-005,mismatch,name;price;reference,"F.P. Journe Elegante Titalyt, Titanium, Luminicent White Dial, Grey Rubber Bracelet, 48 mm",F.P. Journe Elegante,F.P. Journe,NULL,NULL,Elegante,0,153100.0,12,3,/api/uploads/aviandco/products/f-p-journe-elegante-elega-001-1-2-2ed0018ffe61eaf3.jpg,https://www.aviandco.com/f-p-journe-elegante-48mm-white-dial-elega-005
avi-f-p-journe-elegante-ginos-dream-elht-black-dial-g0elht-spy,mismatch,name;price;reference,"F.P. Journe Elegante Gino's Dream ELHT, Titanium, White Dial, 48 mm",F.P. Journe Elegante Gino's Dream,F.P. Journe,NULL,NULL,Elegante,0,148000.0,3,3,/api/uploads/aviandco/products/fp-journe-elegante-ginos-dream-goelht-spy-002-1-13ea980d341edd56.jpg,https://www.aviandco.com/f-p-journe-elegante-ginos-dream-elht-black-dial-g0elht-spy-2
avi-f-p-journe-elegante-white-dial-elega-004,mismatch,name;price;reference,"F.P. Journe Elegante Titanium, Black Dial, 48 mm",F.P. Journe Elegante,F.P. Journe,NULL,NULL,Elegante,0,148000.0,3,3,/api/uploads/aviandco/products/f-p-journe-elegante-elega-005-1-9a1f647cf354cd5f.jpg,https://www.aviandco.com/f-p-journe-elegante-white-dial-elega-004
avi-f-p-journe-elegante-white-dial-g0elega-spy-001,mismatch,name;price;reference,"F.P. Journe Elegante Titanium, Luminescent White Dial, 40 mm",F.P. Journe Elegante,F.P. Journe,NULL,NULL,Elegante,0,130000.0,3,3,/api/uploads/aviandco/products/fp-journe-elegante-g0elega-spy-001-1-e9ab97225c2f4cb1.jpg,https://www.aviandco.com/f-p-journe-elegante-white-dial-g0elega-spy-001
avi-f-p-journe-elegante-white-dial-g0elega-spy-002,mismatch,name;price;reference,"F.P. Journe Elegante Titanium, Luminescent White Dial, 48 mm",F.P. Journe Elegante,F.P. Journe,NULL,NULL,Elegante,0,130000.0,3,3,/api/uploads/aviandco/products/fp-journe-elegante-g0elega-spy-002-1-65b63a58fb6a8c17.jpg,https://www.aviandco.com/f-p-journe-elegante-white-dial-g0elega-spy-002
avi-f-p-journe-francis-ford-coppola-ffc-skeleton-dial-g0ffc-sp,mismatch,name;price;reference,"F.P. Journe Francis Ford Coppola FFC, 18K Rose Gold, Skeleton Dial, 42 mm",F.P. Journe Francis Ford Coppola,F.P. Journe,NULL,NULL,FFC,0,1000000.0,3,3,/api/uploads/aviandco/products/fp-journe-ffc-g0ffc-spy-002-1-5ae3be7b3052ec37.jpg,https://www.aviandco.com/f-p-journe-francis-ford-coppola-ffc-skeleton-dial-g0ffc-spy-002
avi-f-p-journe-lune-gold-dial-g0ln-spy-001,mismatch,name;price;reference,"F.P. Journe Lune 18K Rose Gold, Gold Dial, 40 mm",F.P. Journe Lune,F.P. Journe,NULL,NULL,AL2,0,180000.0,3,3,/api/uploads/aviandco/products/fp-journe-lune-g0ln-spy-001-1-468581f405f30f80.jpg,https://www.aviandco.com/f-p-journe-lune-gold-dial-g0ln-spy-001
avi-f-p-journe-octa-automatique-havana-brown-dial-goal-spy-005,mismatch,name;price;reference,"F.P. Journe Octa Automatique Lune Havana 18K Rose Gold, Brown Dial, 40 mm",F.P. Journe Octa Automatique Lune Havana,F.P. Journe,NULL,NULL,Octa,0,188800.0,3,3,/api/uploads/aviandco/products/fp-journe-automatique-lune-havana-g0al-spy-005-57a6c5a5959a7d2e.jpg,https://www.aviandco.com/f-p-journe-octa-automatique-havana-brown-dial-goal-spy-005
avi-f-p-journe-octa-automatique-lune-guilloche-silver-dial-g0a,mismatch,name;price;reference,"F.P. Journe Octa Automatique Lune AL, 18K Rose Gold, Guilloche Silver Dial, 40 mm",F.P. Journe Octa Automatique Lune,F.P. Journe,NULL,NULL,AL,0,180000.0,3,3,/api/uploads/aviandco/products/fp-journe-octa-automatique-lune-g0al-spy-001-1-d8cda13269cc22da.jpg,https://www.aviandco.com/f-p-journe-octa-automatique-lune-guilloche-silver-dial-g0al-spy-001
avi-f-p-journe-octa-automatique-lune-gulloche-silver-dial-octa,mismatch,name;price;reference,"F.P. Journe Octa Automatique Lune Octa Automatique Lune, Platinum, Guilloch Silver Dial, 40 mm",F.P. Journe Octa Automatique Lune,F.P. Journe,NULL,NULL,Octa,193900,188800.0,3,3,/api/uploads/aviandco/products/f-p--journe-octa-automatique-lune-octa-002-1-a6f6aab865681baf.jpg,https://www.aviandco.com/f-p-journe-octa-automatique-lune-gulloche-silver-dial-octa-002
avi-f-p-journe-octa-automatique-lune-white-gold-dial-g0al-spy-,mismatch,name;price;reference,"F.P. Journe Octa Automatique Lune AL, 18K Rose Gold, White Gold Dial, 40 mm",F.P. Journe Octa Automatique Lune,F.P. Journe,NULL,NULL,AL,0,180000.0,3,3,/api/uploads/aviandco/products/fp-journe-octa-automatique-lune-g0al-spy-004-1-d5eb923df4c90a9a.jpg,https://www.aviandco.com/f-p-journe-octa-automatique-lune-white-gold-dial-g0al-spy-004
avi-f-p-journe-octa-automatique-reserve-de-marche-gulloche-sil,mismatch,name;price;reference,"F.P. Journe Octa Automatique Reserve Octa Automatique Reserve De Marche, Platinum, Guilloche Silver Dial, 40 mm",F.P. Journe Octa Automatique Reserve,F.P. Journe,NULL,NULL,Octa,0,137800.0,3,3,/api/uploads/aviandco/products/f-p-journe-octa-automatique-reserve-octa-005-1-3aa871337fde0ff5.jpg,https://www.aviandco.com/f-p-journe-octa-automatique-reserve-de-marche-gulloche-silver-dial-octa-005
avi-f-p-journe-octa-automatique-reserve-g0ar-spy-001,mismatch,name;price;reference,"F.P. Journe Octa Automatique Reserve AR, 18K Rose Gold, Guilloche Silver Dial, 40 mm",F.P. Journe Octa Automatique Reserve,F.P. Journe,NULL,NULL,AR,0,180000.0,3,3,/api/uploads/aviandco/products/fp-journe-octa-automatique-reserve-g0ar-spy-001-1-cfedc380c62817fc.jpg,https://www.aviandco.com/f-p-journe-octa-automatique-reserve-g0ar-spy-001
avi-f-p-journe-octa-automatique-reserve-g0ar-spy-004,mismatch,name;price;reference,"F.P. Journe Octa Automatique Reserve AR, Platinum, Guilloche Silver Dial, 40 mm",F.P. Journe Octa Automatique Reserve,F.P. Journe,NULL,NULL,AR,0,180000.0,3,3,/api/uploads/aviandco/products/fp-journe-octa-automatique-reserve-g0ar-spy-004-1-82ca8ba42e2d4466.jpg,https://www.aviandco.com/f-p-journe-octa-automatique-reserve-g0ar-spy-004
avi-f-p-journe-octa-automatique-reserve-g0ar-spy-005,mismatch,name;price;reference,"F.P. Journe Octa Automatique Reserve AR, 18K Rose Gold, White Gold Dial, 40 mm",F.P. Journe Octa Automatique Reserve,F.P. Journe,NULL,NULL,AR,0,180000.0,3,3,/api/uploads/aviandco/products/fp-journe-octa-automatique-reserve-g0ar-spy-005-1-e5e7092daf8cdcda.jpg,https://www.aviandco.com/f-p-journe-octa-automatique-reserve-g0ar-spy-005
avi-f-p-journe-octa-automatique-reserve-gulloche-silver-dial-o,mismatch,name;price;reference,"F.P. Journe Octa Automatique Reserve Octa Automatique Reserve, 18K Rose Gold, Guilloche Silver Dial, 40 mm",F.P. Journe Octa Automatique Reserve,F.P. Journe,NULL,NULL,Octa,168400,158200.0,3,3,/api/uploads/aviandco/products/f-p-journe-octa-automatique-reserve-octa-004-1-1-4be9ca27d6e307d1.jpg,https://www.aviandco.com/f-p-journe-octa-automatique-reserve-gulloche-silver-dial-octa-004
avi-f-p-journe-octa-automatique-reserve-havana-ar-g0ar-spy-002,mismatch,name;price;reference,"F.P. Journe Octa Automatique Reserve Havana Platinum, Brown Dial, 40 mm",F.P. Journe Octa Automatique Reserve Havana,F.P. Journe,NULL,NULL,AR,0,180000.0,3,3,/api/uploads/aviandco/products/fp-journe-octa-automatique-reserve-g0ar-spy-002-1-401b440bc0f917d3.jpg,https://www.aviandco.com/f-p-journe-octa-automatique-reserve-havana-ar-g0ar-spy-002
avi-f-p-journe-octa-automatique-reserve-havana-ar-g0ar-spy-003,mismatch,name;price;reference,"F.P. Journe Octa Automatique Reserve Havana 18K Rose Gold, Brown Dial, 40 mm",F.P. Journe Octa Automatique Reserve Havana,F.P. Journe,NULL,NULL,AR,0,180000.0,3,3,/api/uploads/aviandco/products/fp-journe-octa-automatique-reserve-g0ar-spy-003-1-905966776af967a3.jpg,https://www.aviandco.com/f-p-journe-octa-automatique-reserve-havana-ar-g0ar-spy-003
avi-f-p-journe-octa-automatique-reserve-havana-guilloche-brown,mismatch,name;price;reference,"F.P. Journe Octa Automatique Lune ""Havana"", Platinum, Guilloche Brown Dial, 40 mm",F.P. Journe Octa Automatique Lune,F.P. Journe,NULL,NULL,Octa,0,188800.0,3,3,/api/uploads/aviandco/products/fp-journe-octa-g0octa-spy-001-1-0e9eb19c585f9708.jpg,https://www.aviandco.com/f-p-journe-octa-automatique-reserve-havana-guilloche-brown-dial-g0octa-spy-002
avi-f-p-journe-octa-automatique-reserve-havana-gulloche-brown-,mismatch,name;price;reference,"F.P. Journe Octa Automatique Reserve Havana Chronometre Souverain, ""Havana"", Platinum, Guilloche Brown Dial, 40 mm",F.P. Journe Octa Automatique Reserve Havana,F.P. Journe,NULL,NULL,Chronometre,0,188800.0,3,3,/api/uploads/aviandco/products/f-p-journe-octa-automatique-reserve-octa-003-1-252fda57a0747cd6.jpg,https://www.aviandco.com/f-p-journe-octa-automatique-reserve-havana-gulloche-brown-dial-octa-003
avi-f-p-journe-octa-automatique-reserve-white-gold-dial-g0ar-s,mismatch,name;price;reference,"F.P. Journe Octa Automatique Reserve AR, Platinum, White Gold Dial, 40 mm",F.P. Journe Octa Automatique Reserve,F.P. Journe,NULL,NULL,AR,0,180000.0,3,3,/api/uploads/aviandco/products/fp-journe-octa-automatique-reserve-g0ar-spy-006-1-9dccf3f323307a0e.jpg,https://www.aviandco.com/f-p-journe-octa-automatique-reserve-white-gold-dial-g0ar-spy-006
avi-f-p-journe-octa-calendrier-grey-dial-g0octaq-spy-004,mismatch,name;price;reference,"F.P. Journe Octa Calendrier 18K Rose Gold, Grey Dial, 40 mm",F.P. Journe Octa Calendrier,F.P. Journe,NULL,NULL,Octa,0,180000.0,3,3,/api/uploads/aviandco/products/fp-journe-octa-calendrier-g0octaq-spy-004-1-fe8e4f87a39cfc90.jpg,https://www.aviandco.com/f-p-journe-octa-calendrier-grey-dial-g0octaq-spy-004
avi-f-p-journe-octa-calendrier-rose-dial-g0octaq-spy-002,mismatch,name;price;reference,"F.P. Journe Octa Calendrier 18K Rose Gold, Rose Dial, 40 mm",F.P. Journe Octa Calendrier,F.P. Journe,NULL,NULL,Octa,0,180000.0,3,3,/api/uploads/aviandco/products/fp-journe-octa-calendrier-g0octaq-spy-002-1-d66cc330817f85f1.jpg,https://www.aviandco.com/f-p-journe-octa-calendrier-rose-dial-g0octaq-spy-002
avi-f-p-journe-octa-calendrier-rose-dial-g0octaq-spy-003,mismatch,name;price;reference,"F.P. Journe Octa Calendrier Platinum, Rose Dial, 40 mm",F.P. Journe Octa Calendrier,F.P. Journe,NULL,NULL,Octa,0,180000.0,3,3,/api/uploads/aviandco/products/fp-journe-octa-calendrier-g0octaq-spy-003-1-49da56060291f889.jpg,https://www.aviandco.com/f-p-journe-octa-calendrier-rose-dial-g0octaq-spy-003
avi-f-p-journe-octa-chronographe-grey-dial-g0octac-spy-001,mismatch,name;price;reference,"F.P. Journe Octa Chronographe Platinum, Grey Dial, 40 mm",F.P. Journe Octa Chronographe,F.P. Journe,NULL,NULL,Octa,0,180000.0,3,3,/api/uploads/aviandco/products/fp-journe-octa-chronographe-octac-spy-001-1-ff060ac2a282faf5.jpg,https://www.aviandco.com/f-p-journe-octa-chronographe-grey-dial-g0octac-spy-001
avi-f-p-journe-octa-chronographe-grey-dial-g0octac-spy-004,mismatch,name;price;reference;image_count,"F.P. Journe Octa Chronographe 18K Rose Gold, Grey Dial, 40 mm",F.P. Journe Octa Chronographe,F.P. Journe,NULL,NULL,Octa,0,180000.0,1,3,/api/uploads/aviandco/products/fp-journe-octa-chronographe-octac-spy-004-1-48fefe89894ff7ba.jpg,https://www.aviandco.com/f-p-journe-octa-chronographe-grey-dial-g0octac-spy-004
avi-f-p-journe-octa-chronographe-rose-gold-dial-g0octac-spy-00,mismatch,name;price;reference;image_count,"F.P. Journe Octa Chronographe Platinum, Rose Gold Dial, 40 mm",F.P. Journe Octa Chronographe,F.P. Journe,NULL,NULL,Octa,0,180000.0,1,3,/api/uploads/aviandco/products/fp-journe-octa-chronographe-octac-spy-003-1-269f6be207db1a1d.jpg,https://www.aviandco.com/f-p-journe-octa-chronographe-rose-gold-dial-g0octac-spy-003
avi-f-p-journe-octa-divine-grey-dial-g0octa-spy-006,mismatch,name,"F.P. Journe Octa Divine Platinum, Grey Dial, 40 mm",There has been an error processing your request,F.P. Journe,NULL,NULL,,0,0,3,0,/api/uploads/aviandco/products/fp-journe-octa-divine-g0octa-spy-006-1-6f007504abcba187.jpg,https://www.aviandco.com/f-p-journe-octa-divine-grey-dial-g0octa-spy-006
avi-f-p-journe-octa-divine-rose-dial-g0octa-spy-005,mismatch,name;price;reference,"F.P. Journe Octa Divine 18K Rose Gold, Rose Dial, 40 mm",F.P. Journe Octa Divine,F.P. Journe,NULL,NULL,Octa,0,180000.0,3,3,/api/uploads/aviandco/products/fp-journe-octa-g0octa-spy-005-1-784962d0b15bf828.jpg,https://www.aviandco.com/f-p-journe-octa-divine-rose-dial-g0octa-spy-005
avi-f-p-journe-octa-lune-18k-rose-gold-rose-dial-g0octal-spy-0,mismatch,name;price;reference,"F.P. Journe Octa Lune Platinum, Rose Gold Dial, 40 mm",F.P. Journe Octa Lune,F.P. Journe,NULL,NULL,L,0,180000.0,3,3,/api/uploads/aviandco/products/fp-journe-octa-lune-g0octal-spy-002-1-074905b43ea05596.jpg,https://www.aviandco.com/f-p-journe-octa-lune-18k-rose-gold-rose-dial-g0octal-spy-002
avi-f-p-journe-octa-lune-grey-dial-g0octa-spy-004,mismatch,name;price;reference,"F.P. Journe Octa Lune Platinum, Grey Dial, 40 mm",F.P. Journe Octa Lune,F.P. Journe,NULL,NULL,L,0,180000.0,3,3,/api/uploads/aviandco/products/fp-journe-octa-g0octa-spy-004-1-ae00a1fe775894dc.jpg,https://www.aviandco.com/f-p-journe-octa-lune-grey-dial-g0octa-spy-004
avi-f-p-journe-octa-lune-ln-gulloche-grey-dial-ln-001,mismatch,name;price;reference,"F.P. Journe Octa Lune Moonphase, Platinum, Guilloche Grey Dial, 42 mm",F.P. Journe Octa Lune,F.P. Journe,NULL,NULL,LN,0,255100.0,3,3,/api/uploads/aviandco/products/f-p-journe-octa-lune-ln-001-1-2eeb3836636779f0.jpg,https://www.aviandco.com/f-p-journe-octa-lune-ln-gulloche-grey-dial-ln-001
avi-f-p-journe-octa-octa-grey-dial-g0octal-spy-003,mismatch,name;price;reference,"F.P. Journe Octa Lune 18K Rose Gold, Grey Dial, 40 mm",F.P. Journe Octa Lune,F.P. Journe,NULL,NULL,L,0,180000.0,3,3,/api/uploads/aviandco/products/fp-journe-octa-lune-g0octal-spy-003-1-fc31ba4eab7175ba.jpg,https://www.aviandco.com/f-p-journe-octa-octa-grey-dial-g0octal-spy-003
avi-f-p-journe-octa-reserve-de-marche-grey-dial-g0octa-spy-003,mismatch,name;price;reference,"F.P. Journe Octa Reserve De Marche Platinum, Grey Dial, 40 mm",F.P. Journe Octa Reserve De Marche,F.P. Journe,NULL,NULL,Octa,0,180000.0,3,3,/api/uploads/aviandco/products/fp-journe-octa-g0octa-spy-003-1-08c96f766c8ae9f5.jpg,https://www.aviandco.com/f-p-journe-octa-reserve-de-marche-grey-dial-g0octa-spy-003
avi-f-p-journe-octa-reserve-de-marche-grey-dial-g0octa-spy-011,mismatch,name;price;reference,"F.P. Journe Octa Reserve De Marche 18K Rose Gold, Rose Gold Dial, 40 mm",F.P. Journe Octa Reserve De Marche,F.P. Journe,NULL,NULL,Octa,0,180000.0,3,3,/api/uploads/aviandco/products/fp-journe-octa-reserve-de-marche-g0octa-spy-006-1-98c6e31c438112c1.jpg,https://www.aviandco.com/f-p-journe-octa-reserve-de-marche-grey-dial-g0octa-spy-011
avi-f-p-journe-octa-reserve-de-marche-grey-dial-g0octa-spy-013,mismatch,name;price;reference,"F.P. Journe Octa Reserve De Marche 18K Rose Gold, Grey Dial, 40 mm",F.P. Journe Octa Reserve De Marche,F.P. Journe,NULL,NULL,Octa,0,180000.0,3,3,/api/uploads/aviandco/products/fp-journe-octa-reserve-de-marche-g0octa-spy-013-1-a01ae6cb6334b2b3.jpg,https://www.aviandco.com/f-p-journe-octa-reserve-de-marche-grey-dial-g0octa-spy-013
avi-f-p-journe-octa-reserve-de-marche-rose-dial-g0octa-spy-012,mismatch,name;price;reference,"F.P. Journe Octa Reserve De Marche Platinum, Rose Gold Dial, 40 mm",F.P. Journe Octa Reserve De Marche,F.P. Journe,NULL,NULL,Octa,0,180000.0,3,3,/api/uploads/aviandco/products/fp-journe-octa-reserve-de-marche-g0octa-spy-012-1-91d3c6d084546ca5.jpg,https://www.aviandco.com/f-p-journe-octa-reserve-de-marche-rose-dial-g0octa-spy-012
avi-f-p-journe-octa-sport-automatique-reserve-grey-dial-g0octa,mismatch,name;price;reference,"F.P. Journe Octa Sport Automatique Reserve Aluminum, Grey Dial, 42 mm",F.P. Journe Octa Sport Automatique Reserve,F.P. Journe,NULL,NULL,Octa,0,94290.0,12,3,/api/uploads/aviandco/products/octaspt-001-1-1-8806c229122e2725.jpg,https://www.aviandco.com/f-p-journe-octa-sport-automatique-reserve-grey-dial-g0octaspt-spy001
avi-f-p-journe-octa-sport-automatique-reserve-l-oct-ti-44-d-yl,mismatch,name;price;reference,"F.P. Journe Octa Sport Automatique Reserve L-OCTTI44DYL, Titanium, Yellow Arabic Dial, 44 mm",F.P. Journe Octa Sport Automatique Reserve,F.P. Journe,NULL,NULL,Octa,0,96495.0,8,3,/api/uploads/aviandco/products/f-p--journe-octa-sport-l-oct-ti-44-d-yl-1-1-864fbf666f6884ac.jpg,https://www.aviandco.com/f-p-journe-octa-sport-automatique-reserve-l-oct-ti-44-d-yl-yellow-dial-g0octa-spy001
avi-f-p-journe-octa-sport-titanium-ars-grey-dial-g0ars-spy-001,mismatch,name;price;reference,"F.P. Journe Octa Sport Titanium, Grey Dial, 42 mm",F.P. Journe Octa Sport,F.P. Journe,NULL,NULL,ARS,0,180000.0,3,3,/api/uploads/aviandco/products/fp-journe-octa-sport-titanium-ars-g0ars-spy-001-1-29f004d2ab668e38.jpg,https://www.aviandco.com/f-p-journe-octa-sport-titanium-ars-grey-dial-g0ars-spy-001
avi-f-p-journe-octa-utc-grey-dial-g0octa-spy-009,mismatch,name;price;reference,"F.P. Journe Octa UTC Platinum, Grey Dial, 40 mm",F.P. Journe Octa UTC,F.P. Journe,NULL,NULL,Octa,0,180000.0,3,3,/api/uploads/aviandco/products/fp-journe-octa-utc-g0octa-spy-009-1-8e723e1319063489.jpg,https://www.aviandco.com/f-p-journe-octa-utc-grey-dial-g0octa-spy-009
avi-f-p-journe-octa-utc-grey-dial-g0octa-utc-spy-003,mismatch,name;price;reference,"F.P. Journe Octa UTC 18K Rose Gold, Grey Dial, 40 mm",F.P. Journe Octa UTC,F.P. Journe,NULL,NULL,Octa,0,180000.0,3,3,/api/uploads/aviandco/products/fp-journe-octa-utc-g0octa-utc-spy-003-1-9c51897e077031b0.jpg,https://www.aviandco.com/f-p-journe-octa-utc-grey-dial-g0octa-utc-spy-003
avi-f-p-journe-octa-utc-rose-gold-dial-g0octa-utc-spy-001,mismatch,name;price;reference,"F.P. Journe Octa UTC 18K Rose Gold, Rose Gold Dial, 40 mm",F.P. Journe Octa UTC,F.P. Journe,NULL,NULL,Octa,0,180000.0,3,3,/api/uploads/aviandco/products/fp-journe-octa-utc-g0octa-utc-spy-001-1-a4dd46e409affe2e.jpg,https://www.aviandco.com/f-p-journe-octa-utc-rose-gold-dial-g0octa-utc-spy-001
avi-f-p-journe-octa-utc-rose-gold-dial-g0octa-utc-spy-002,mismatch,name;price;reference,"F.P. Journe Octa UTC Platinum, Rose Gold Dial, 40 mm",F.P. Journe Octa UTC,F.P. Journe,NULL,NULL,Octa,0,180000.0,3,3,/api/uploads/aviandco/products/fp-journe-octa-utc-g0octa-utc-spy-002-1-549187093b4842ca.jpg,https://www.aviandco.com/f-p-journe-octa-utc-rose-gold-dial-g0octa-utc-spy-002
avi-f-p-journe-quantieme-perpetuel-blue-guilloche-dial-g0quan-,mismatch,name;price;reference,"F.P. Journe Quantieme Perpetuel 18K Rose Gold, Blue Guilloche Silver Dial, 40 mm",F.P. Journe Quantieme Perpetuel,F.P. Journe,NULL,NULL,Quantieme,0,255100.0,3,3,/api/uploads/aviandco/products/fp-journe-quantieme-perpetuel-g0quan-spy-003-1-5c8f2774288d7232.jpg,https://www.aviandco.com/f-p-journe-quantieme-perpetuel-blue-guilloche-dial-g0quan-spy-003
avi-f-p-journe-quantieme-perpetuel-blue-guilloche-dial-quan-00,mismatch,name;reference,"F.P. Journe Quantieme Perpetuel Platinum, Blue Guilloche Dial, 40 mm",F.P. Journe Quantieme Perpetuel,F.P. Journe,NULL,NULL,Quantieme,255100,255100.0,3,3,/api/uploads/aviandco/products/f-p-journe-quanti-me-perp-tue-quan-001-1-c579ca7aed8e483d.jpg,https://www.aviandco.com/f-p-journe-quantieme-perpetuel-blue-guilloche-dial-quan-001
avi-f-p-journe-quantieme-perpetuel-guilloche-silver-dial-g0oct,mismatch,name;price;reference,"F.P. Journe Quantieme Perpetuel QP, 18K Rose Gold, Guilloche Silver Dial, 40 mm",F.P. Journe Quantieme Perpetuel,F.P. Journe,NULL,NULL,QP,0,250000.0,3,3,/api/uploads/aviandco/products/fp-journe-quantieme-perpetuel-g0octaqp-spy-002-1-1d32e71419f68739.jpg,https://www.aviandco.com/f-p-journe-quantieme-perpetuel-guilloche-silver-dial-g0octaqp-spy-002
avi-f-p-journe-quantieme-perpetuel-guilloche-silver-dial-g0qua,mismatch,name;price;reference,"F.P. Journe Quantieme Perpetuel QP, 18K Rose Gold, Guilloche Silver Dial, 40 mm",F.P. Journe Quantieme Perpetuel,F.P. Journe,NULL,NULL,QP,0,250000.0,3,3,/api/uploads/aviandco/products/fp-journe-quantieme-perpetuel-g0quan-spy-002-1-00e344fe3d895bc9.jpg,https://www.aviandco.com/f-p-journe-quantieme-perpetuel-guilloche-silver-dial-g0quan-spy-002
avi-f-p-journe-rattrapante-blue-maeve-dial-g0cms-cm-spy-003,mismatch,name;price;reference,"F.P. Journe Rattrapante CMS/CM, Platinum, Blue-Mauve Dial, 44 mm",F.P. Journe Rattrapante,F.P. Journe,NULL,NULL,CMS/CM,0,180000.0,3,3,/api/uploads/aviandco/products/fp-journe-rattrapante-g0-cms-cm-spy-003-1-bba8ae7667a62f65.jpg,https://www.aviandco.com/f-p-journe-rattrapante-blue-maeve-dial-g0cms-cm-spy-003
avi-f-p-journe-rattrapante-cm-grey-dial-g0cmra-spy-001,mismatch,name;price;reference,"F.P. Journe Chronographe Rattrapante CM, 18K Rose Gold, Grey Dial, 44 mm",F.P. Journe Chronographe Rattrapante,F.P. Journe,NULL,NULL,CM,0,180000.0,3,3,/api/uploads/aviandco/products/fp-journe-chronographe-rattrapante-g0cmra-spy-001-1-537de36b32baeed9.jpg,https://www.aviandco.com/f-p-journe-rattrapante-cm-grey-dial-g0cmra-spy-001
avi-f-p-journe-rattrapante-cms-cm-black-dial-g0cms-cm-spy-002,mismatch,name,"F.P. Journe Rattrapante CMS/CM, 18K Rose Gold, Black Dial, 44 mm",There has been an error processing your request,F.P. Journe,NULL,NULL,,0,0,3,0,/api/uploads/aviandco/products/fp-journe-rattrapante-g0cms-cm-spy-002-1-209ae3c9facd9cc1.jpg,https://www.aviandco.com/f-p-journe-rattrapante-cms-cm-black-dial-g0cms-cm-spy-002
avi-f-p-journe-rattrapante-cms-cm-grey-dial-g0cms-cm-spy-004,mismatch,name,"F.P. Journe Chronographe Rattrapante CMS/CM, 18K Rose Gold, Grey Dial, 44 mm",There has been an error processing your request,F.P. Journe,NULL,NULL,,0,0,3,0,/api/uploads/aviandco/products/fp-journe-chronographe-rattrapante-g0cms-cm-spy-004-1-6fac35c0ad3f611c.jpg,https://www.aviandco.com/f-p-journe-rattrapante-cms-cm-grey-dial-g0cms-cm-spy-004
avi-f-p-journe-repetition-souveraine-rm-smoked-sapphire-transp,mismatch,name;price;reference,"F.P. Journe Repetition Souveraine RM, Stainless Steel, Smoked Sapphire Transparent Dial, 40 mm",F.P. Journe Repetition Souveraine,F.P. Journe,NULL,NULL,RM,0,250000.0,3,3,/api/uploads/aviandco/products/fp-journe-repetition-souveraine-g0rm-spy-002-1-0246f55cb0591776.jpg,https://www.aviandco.com/f-p-journe-repetition-souveraine-rm-smoked-sapphire-transparent-dial-g0rm-spy-002
avi-f-p-journe-repetition-souveraine-rm-whitened-guilloche-sil,mismatch,name;price;reference,"F.P. Journe Repetition Souveraine RM, Stainless Steel, Whitened Guilloche Silver Dial, 40 mm",F.P. Journe Repetition Souveraine,F.P. Journe,NULL,NULL,RM,0,250000.0,3,3,/api/uploads/aviandco/products/fp-journe-repetition-souveraine-g0rm-spy-001-1-cf92e9e7027f1e9d.jpg,https://www.aviandco.com/f-p-journe-repetition-souveraine-rm-whitened-guilloche-silver-dial-g0rm-spy-001
avi-f-p-journe-sonnerie-souveraine-gs-silver-dial-g0gssouv-spy,mismatch,name;price;reference,"F.P. Journe Sonnerie Souveraine GS, Platinum, Silver Dial, 40 mm",F.P. Journe Sonnerie Souveraine,F.P. Journe,NULL,NULL,GS,0,200000.0,3,3,/api/uploads/aviandco/products/fp-journe-sonnerie-souveraine-g0gssouv-spy-001-1-beecd04091862269.jpg,https://www.aviandco.com/f-p-journe-sonnerie-souveraine-gs-silver-dial-g0gssouv-spy-001
avi-f-p-journe-souverain-chronometre-souverain-mother-of-pearl,mismatch,name;price;reference,"F.P. Journe Chronomètre Souverain Platinum, Mother Of Pearl Dial, 40 mm",F.P. Journe Chronomètre Souverain,F.P. Journe,NULL,NULL,Chronom,0,137800.0,10,3,/api/uploads/aviandco/products/f-p-journe-souverain-souv-001-1-506a6dde84149b3e.jpg,https://www.aviandco.com/f-p-journe-souverain-chronometre-souverain-mother-of-pearl-dial-souv-001
avi-f-p-journe-tourbillion-souverain-tn-rose-dial-g0tnsouv-spy,mismatch,name;price;reference,"F.P. Journe Tourbillion Souverain TN, 18K Rose Gold, Rose Dial, 40 mm",F.P. Journe Tourbillion Souverain,F.P. Journe,NULL,NULL,TN,0,200000.0,3,3,/api/uploads/aviandco/products/fp-journe-tourbillion-souverain-tn-g0tnsouv-spy-002-1-8a98efe01635646e.jpg,https://www.aviandco.com/f-p-journe-tourbillion-souverain-tn-rose-dial-g0tnsouv-spy-002
avi-f-p-journe-tourbillion-souverain-tn-silver-dial-g0tnsouv-s,mismatch,name,"F.P. Journe Tourbillion Souverain TN, Platinum, Silver Dial, 40 mm",There has been an error processing your request,F.P. Journe,NULL,NULL,,0,0,3,0,/api/uploads/aviandco/products/fp-journe-tourbillion-souverain-tn-g0tnsouv-spy-001-1-406dbabeb7933809.jpg,https://www.aviandco.com/f-p-journe-tourbillion-souverain-tn-silver-dial-g0tnsouv-spy-001
avi-f-p-journe-tourbillion-souverain-tv-rose-gold-dial-gotv-sp,mismatch,name;price;reference,"F.P. Journe Tourbillion Souverain TV, 18K Rose Gold, Black Dial, 42 mm",F.P. Journe Tourbillion Souverain,F.P. Journe,NULL,NULL,TV,0,250000.0,3,3,/api/uploads/aviandco/products/fp-journe-tourbillion-souverain-tv-gotv-spy-003-1-6d598e81344f61b4.jpg,https://www.aviandco.com/f-p-journe-tourbillion-souverain-tv-rose-gold-dial-gotv-spy-003
avi-f-p-journe-tourbillon-souverain-cal1519-cal1519-001,mismatch,name;price;reference,"F.P. Journe Invenit et Fecit Cal1519, Tourbillon Souverain Vertical, Rose Gold Dial, 42 mm",F.P. Journe Invenit et Fecit,F.P. Journe,NULL,NULL,Cal1519,0,765100.0,4,3,/api/uploads/aviandco/products/f-p-journe-invenit-et-fecit-cal1519-001-1-d53ee764a2f60176.jpg,https://www.aviandco.com/f-p-journe-tourbillon-souverain-cal1519-cal1519-001
avi-fp-journe-cms-cm-grey-arabic-dial-cms-cm-002,mismatch,name;reference,"F.P. Journe Rattrapante CMS/CM, Titanium, Grey Arabic Dial, 44 mm",F.P. Journe Rattrapante,F.P. Journe,NULL,NULL,CMS/CM,209200,209200.0,3,3,/api/uploads/aviandco/products/cms-cm-002-c33ab94d465c7ec6.jpg,https://www.aviandco.com/fp-journe-cms-cm-grey-arabic-dial-cms-cm-002
avi-fp-journe-cms-cm-grey-dial-cms-cm-003,mismatch,name;price;reference,"F.P. Journe Rattrapante CMS/CM, Titanium, Grey Dial, 44 mm",F.P. Journe Rattrapante,F.P. Journe,NULL,NULL,CMS/CM,0,199000.0,8,3,/api/uploads/aviandco/products/f-p--journe-rattrapante-cms-cm-003-1-1-12bea13fa6666ba8.jpg,https://www.aviandco.com/fp-journe-cms-cm-grey-dial-cms-cm-003
avi-fp-journe-octa-automatique-lune-guilloche-silver-dial-g0al,mismatch,name;price;reference,"F.P. Journe Octa Automatique Lune AL, Platinum, Guilloche Silver Dial, 40 mm",F.P. Journe Octa Automatique Lune,F.P. Journe,NULL,NULL,AL,0,200000.0,3,3,/api/uploads/aviandco/products/fp-journe-octa-automatique-lune-g0ln-spy-002-1-cec8e7421ee9e949.jpg,https://www.aviandco.com/fp-journe-octa-automatique-lune-guilloche-silver-dial-g0al-spy-002
avi-fp-journe-octa-calendrier-grey-dial-g0octa-spy-010,mismatch,name;price;reference,"F.P. Journe Octa Calendrier Platinum, Grey Dial, 40 mm",F.P. Journe Octa Calendrier,F.P. Journe,NULL,NULL,Octa,0,180000.0,3,3,/api/uploads/aviandco/products/fp-journe-octa-calendrier-g0octa-spy-010-1-933a79f3075a7cb0.jpg,https://www.aviandco.com/fp-journe-octa-calendrier-grey-dial-g0octa-spy-010
avi-fp-journe-rattrapante-cms-cm-yellow-dial-g0cms-cm-spy-001,mismatch,name;price;reference,"F.P. Journe Rattrapante CMS/CM, Titanium, Yellow Dial, 44 mm",F.P. Journe Rattrapante,F.P. Journe,NULL,NULL,CMS/CM,0,199000.0,3,3,/api/uploads/aviandco/products/fp-journe-rattrapante-g0cms-cm-spy-001-1-7e832baa1cfefaf7.jpg,https://www.aviandco.com/fp-journe-rattrapante-cms-cm-yellow-dial-g0cms-cm-spy-001
avi-franck-muller-10000hcc-black-dial-10000hcc-001,mismatch,name;price;reference,"Franck Muller Conquistador 10000HCC, ""King Cortez"", 18K Rose Gold, Black Dial, 40 mm",Franck Muller Conquistador,Franck Muller,NULL,NULL,10000HCC,25000,23500.0,3,3,/api/uploads/aviandco/products/franck-muller-conquistador-10000hcc-001-1-fc97f8e266cc1691.jpg,https://www.aviandco.com/franck-muller-10000hcc-black-dial-10000hcc-001
avi-franck-muller-cintree-curvex-7880-cc-at-black-dial-7880cca,mismatch,name;price;reference,"Franck Muller Cintree Curvex 7880 CC AT, Stainless Steel, Black Dial, 50 mm",Franck Muller Cintree Curvex,Franck Muller,NULL,NULL,7880,7700,7100.0,3,3,/api/uploads/aviandco/products/franck-muller-cintr-e-curvex-7880ccat-1-5b9d71e2ab24d3c4.jpg,https://www.aviandco.com/franck-muller-cintree-curvex-7880-cc-at-black-dial-7880ccat-001
avi-franck-muller-cintree-curvex-8880-cc-at-black-dial-8880cca,mismatch,name;price;reference,"Franck Muller Cintree Curvex 8880 CC AT, Platinum, Black Dial, 55 mm",Franck Muller Cintree Curvex,Franck Muller,NULL,NULL,8880,17900,16900.0,3,3,/api/uploads/aviandco/products/franck-muller-cintr-e-curvex-8880ccat-001-1-f3a52a30d723394f.jpg,https://www.aviandco.com/franck-muller-cintree-curvex-8880-cc-at-black-dial-8880ccat-001
avi-franck-muller-conquistado-8900-cc-gp-black-dial-8900ccgp-0,mismatch,name;price;reference,"Franck Muller Conquistador 8900 CC GP, Titanium & 18K Rose Gold, Black Dial, 57 mm",Franck Muller Conquistador,Franck Muller,NULL,NULL,8900,0,8799.0,3,3,/api/uploads/aviandco/products/franck-muller-conquistador-8900ccgp-001-1-98b85ff63b1f9e69.jpg,https://www.aviandco.com/franck-muller-conquistado-8900-cc-gp-black-dial-8900ccgp-001
avi-franck-muller-mariner-7080-cc-at-val-black-dial-7080ccatva,mismatch,name;price;reference,"Franck Muller Mariner America's Cup Valencia 7080 CC AT VAL, Stainless Steel, Black Dial, 55 mm",Franck Muller Mariner America's Cup Valencia,Franck Muller,NULL,NULL,7080,8100,7600.0,3,3,/api/uploads/aviandco/products/franck-muller-mariner-7080ccatval-001-1-763c59075f2f1907.jpg,https://www.aviandco.com/franck-muller-mariner-7080-cc-at-val-black-dial-7080ccatval-001
avi-franck-muller-vanguard-v45scdt-pave-diamond-dial-v45scdt-0,mismatch,name,"Franck Muller Vanguard V45SCDT, Rose Gold, Pave Arabic Diamond Dial, 32 mm",There has been an error processing your request,Franck Muller,NULL,NULL,,27600,0,3,0,/api/uploads/aviandco/products/franck-muller-vanguard-v-45-sc-dt-1-f241ab16c0cc5142.jpg,https://www.aviandco.com/franck-muller-vanguard-v45scdt-pave-diamond-dial-v45scdt-001
avi-frank-muller-conquistador-black-dial-8002cc-001,mismatch,name;reference,"Franck Muller Conquistador 8002CC, Stainless Steel, Black Dial, 48 mm",Franck Muller Conquistador,Franck Muller,NULL,NULL,8002CC,6700,6700.0,3,3,/api/uploads/aviandco/products/franck-muller-conquistador-8002cc-001-1-1-af4f5e2be5725c9b.jpg,https://www.aviandco.com/frank-muller-conquistador-black-dial-8002cc-001
avi-frank-muller-vangaurd-v45-cc-dt-blue-dial-v45dcdt-002,mismatch,name;price;reference,"Franck Muller Vanguard V45 CC DT Yacht BL, 18K Rose Gold, Blue Dial, 44 mm",Franck Muller Vanguard,Franck Muller,NULL,NULL,V45,0,24500.0,3,3,/api/uploads/aviandco/products/franck-muller-vanguard-v45scdt-002-1-43a749e42046a4c3.jpg,https://www.aviandco.com/frank-muller-vangaurd-v45-cc-dt-blue-dial-v45dcdt-002
avi-girard-perregaux-laureato-810153243232a-transparent-dial-g,missing_source_url,,"Girard Perregaux Laureato 81015-32-432-32A, ""Earth to Sky"" Edition, Skeleton Dial, 42 mm",,Girard Perregaux,NULL,NULL,,40900,,1,0,/api/uploads/aviandco/products/aviandco-404-oswaldo-local.jpg,
avi-girard-perregaux-laureato-810155200252a-skeleton-dial-gplo,missing_source_url,,"Girard Perregaux Laureato 81015-52-002-52A, 18K Rose Gold, Skeleton Dial, 42 mm",,Girard Perregaux,NULL,NULL,,66400,,1,0,/api/uploads/aviandco/products/aviandco-404-oswaldo-local.jpg,
avi-grand-seiko-eagle-sbge263-brown-dial-sbge263-002,missing_source_url,,"Grand Seiko Eagle SBGE263, Stainless Steel, Spring Drive GMT, Brown Index Dial, 41 mm",,Grand Seiko,NULL,NULL,,7200,,1,0,/api/uploads/aviandco/products/grand-seiko-eagle-sbge263-002-1-70e30a972c3079ae.jpg,
avi-grand-seiko-sport-collection-sbgv245-silver-dial-sbgv245-0,missing_source_url,,"Grand Seiko Sport Collection SBGV245, Stainless Steel, Silver Dial, 40 mm",,Grand Seiko,NULL,NULL,,0,,1,0,/api/uploads/aviandco/products/aviandco-404-oswaldo-local.jpg,
avi-grand-seiko-spring-drive-sbge257-green-dial-sbge257-001,missing_source_url,,"Grand Seiko Spring Drive SBGE257, Stainless Steel, Spring Drive GMT, Green Index Dial, 41 mm",,Grand Seiko,NULL,NULL,,5700,,1,0,/api/uploads/aviandco/products/aviandco-404-oswaldo-local.jpg,
avi-hublot-big-bang-301-pb-131-rx-black-dial-301-pb-131-rx-002,mismatch,name;price;reference,"Hublot Big Bang 301.PB.131.RX, Chronograph, Rose Gold, Black Dial, 44 mm",Hublot Big Bang,Hublot,NULL,NULL,301.PB.131.RX,0,14799.0,12,3,/api/uploads/aviandco/products/hublot-big-bang-301-pb-131-rx-1-c9ebf1a4bfe970f9.jpg,https://www.aviandco.com/hublot-big-bang-301-pb-131-rx-black-dial-301-pb-131-rx-002
avi-hublot-big-bang-king-gold-665-ox-9910-lr-0999-rainbow-dial,mismatch,name;price;reference,"Hublot Big Bang King 665.OX.9910.LR.0999, 18K Rose Gold, Rainbow Dial, 39mm",Hublot Big Bang King,Hublot,NULL,NULL,665.OX.9910.LR.0999,56200,50000.0,3,3,/api/uploads/aviandco/products/hublot-big-bang-king-665-ox-9910-lr-0999-001-1-66667db1ef4d39ae.jpg,https://www.aviandco.com/hublot-big-bang-king-gold-665-ox-9910-lr-0999-rainbow-dial-665-ox-9910-lr-0999-001
avi-hublot-big-bang-meca-414-oi-1123-rx-transparent-dial-414-o,mismatch,name;price;reference,"Hublot Big Bang Meca 414.OI.1123.RX, 18K Rose Gold, Transparent Dial, 45 mm",Hublot Big Bang Meca,Hublot,NULL,NULL,414.OI.1123.RX,0,24499.0,3,3,/api/uploads/aviandco/products/hublot-big-bang-meca-414-oi-1123-rx-1-30488e4bfdea76c1.jpg,https://www.aviandco.com/hublot-big-bang-meca-414-oi-1123-rx-transparent-dial-414-oi-1123-001
avi-hublot-big-bang-unico-411-jr-4901-rt-skeleton-dial-411-jr-,mismatch,name;price;reference,"Hublot Big Bang Unico 411.JR.4901.RT, Red Sapphire Crystal, Skeleton Dial, 45 mm",Hublot Big Bang Unico,Hublot,NULL,NULL,411.JR.4901.RT,46000,40900.0,3,3,/api/uploads/aviandco/products/hublot-big-bang-unico-411-jr-4901-rt-001-1-a0ce1e972c8fe9f9.jpg,https://www.aviandco.com/hublot-big-bang-unico-411-jr-4901-rt-skeleton-dial-411-jr-4901-rt-001
avi-hublot-big-bang-unico-441-ox-1181-rx-0904-skeleton-diamond,mismatch,name;price;reference,"Hublot Big Bang Unico 441.OX.1181.RX.0904, 18K Rose Gold, Skeleton Diamond Dial, 42 mm",Hublot Big Bang Unico,Hublot,NULL,NULL,441.ox.1181.rx.0904,107200,97000.0,3,3,/api/uploads/aviandco/products/hublot-big-bang-unico-441-ox-1181-rx-0904-001-1-c73252785ff9cf21.jpg,https://www.aviandco.com/hublot-big-bang-unico-441-ox-1181-rx-0904-skeleton-diamond-dial-441-ox-1181-rx-0904-001
avi-hublot-big-bang-vendome-305-px-0009-gr-skeleton-dial-305-p,mismatch,name;price,"Hublot Big Bang 305.PX.0009.GR, 18K Rose Gold, Skeleton Dial, 44 mm",Hublot Big Bang,Hublot,NULL,NULL,,0,76599.0,3,3,/api/uploads/aviandco/products/305-px-0009-001-1eb5c69a12c1ebed.jpg,https://www.aviandco.com/hublot-big-bang-vendome-305-px-0009-gr-skeleton-dial-305-px-0009-001
avi-hublot-classic-fusion-1915-7-black-dial-511-no-1181-rx-001,mismatch,name;price;reference,"Hublot Classic Fusion 1915.7, Titanium & 18K Rose Gold, Black Index Dial, 40 mm",Hublot Classic Fusion,Hublot,NULL,NULL,1915.7,0,5699.0,12,3,/api/uploads/aviandco/products/hublot-classic-fusion-511-no-1181-rx-1-2c241031caac5dd2.jpg,https://www.aviandco.com/hublot-classic-fusion-1915-7-black-dial-511-no-1181-rx-001
avi-hublot-classic-fusion-chronograph-king-521-0x-1180-rx-blac,mismatch,name;price;reference,"Hublot Classic Fusion 521.0X.1180.RX, 18K Rose Gold, Black Index Dial, 45 mm",Hublot Classic Fusion,Hublot,NULL,NULL,521.0X.1180.RX,0,18900.0,12,3,/api/uploads/aviandco/products/hublot-classic-fusion-521-0x-1180-002-1-abb489e87c621b50.jpg,https://www.aviandco.com/hublot-classic-fusion-chronograph-king-521-0x-1180-rx-black-dial-521-0x-1180-002
avi-hublot-king-power-oceanographic-diver-4000-731-qx-1140-rx-,mismatch,name;price;reference,"Hublot King Power 731.QX.1140.RX, Oceanographic Diver 4000, Carbon Black Dial, 48 mm",Hublot King Power,Hublot,NULL,NULL,731.QX.1140.RX,11300,10300.0,12,3,/api/uploads/aviandco/products/731-qx-1140-rx-001-1-2a36c49b705c5a09.jpg,https://www.aviandco.com/hublot-king-power-oceanographic-diver-4000-731-qx-1140-rx-black-dial-731-qx-1140-rx-001
avi-hublot-mp-05-lafarrari-limited-edition-905-nd-0000-rx-skel,mismatch,name;reference,"Hublot MP-05 La Ferrari 905.ND.0000.RX, MP-05 La Ferrari, Limited to 50, Titanium, Skeleton Dial, 51 mm",Hublot MP-05 La Ferrari,Hublot,NULL,NULL,905.ND.0000.RX,137800,137800.0,3,3,/api/uploads/aviandco/products/hublot-mp-05-la-ferrari-905-nd-001-1-4319ae722a2d4265.jpg,https://www.aviandco.com/hublot-mp-05-lafarrari-limited-edition-905-nd-0000-rx-skelton-dial-watch-905-nd-001
avi-hublot-spirit-big-bang-saxem-642-jg-0190-rt-skeleton-dial-,mismatch,name;price;reference,"Hublot Spirit of Big Bang 642.JG.0190.RT, Green Sapphire Crystal, Skeleton Dial, 42 mm",Hublot Spirit of Big Bang,Hublot,NULL,NULL,642.JG.0190.RT,86800,76600.0,3,3,/api/uploads/aviandco/products/hublot-spirit-big-bang-642-jg-0190-rt-001-1-4eb3c60fea20ed69.jpg,https://www.aviandco.com/hublot-spirit-big-bang-saxem-642-jg-0190-rt-skeleton-dial-642-jg-0190-rt-001
avi-hublot-spirit-of-big-bang-642-hx-0170-rx-skeleton-dial-642,mismatch,name;price;reference,"Hublot Spirit of Big Bang 642.HX.0170.RX, White Ceramic, Skeleton Dial, 42 mm",Hublot Spirit of Big Bang,Hublot,NULL,NULL,642.HX.0170.RX,0,20999.0,3,3,/api/uploads/aviandco/products/4399908597-523ce2767af40b6c.jpg,https://www.aviandco.com/hublot-spirit-of-big-bang-642-hx-0170-rx-skeleton-dial-642-hx-0170-001
avi-hublot-spirit-of-big-bang-642-nl-7170-rx-skeleton-index-di,mismatch,name,"Hublot Spirit of Big Bang 642.NL.7170.RX, Titanium & Blue Ceramic, Skeleton Index Dial, 42 mm",This site can’t be reached,Hublot,NULL,NULL,,14300,0,3,0,/api/uploads/aviandco/products/hublot-spirit-of-big-bang-642-nl-7170-rx-001-1-06fe5d69ca4ca631.jpg,https://www.aviandco.com/hublot-spirit-of-big-bang-642-nl-7170-rx-skeleton-index-dial-642-nl-7170-rx-001
avi-hublot-spirit-of-big-bang-642-qk-0110-nr-skeleton-dial-g06,mismatch,name,"Hublot Spirit of Big Bang 642.QK.0110.NR, Matt Black Frosted Carbon, Skeleton Dial, 42 mm",There has been an error processing your request,Hublot,NULL,NULL,,27734,0,3,0,/api/uploads/aviandco/products/hublot-spirit-of-big-bang-642-qk-0110-nr-001-1-facb899a6ba5a736.jpg,https://www.aviandco.com/hublot-spirit-of-big-bang-642-qk-0110-nr-skeleton-dial-g0642-qk-0110-nr-001
avi-hubot-spirt-of-big-bang-sang-ble648-cx-0114-rx-mxm23-skele,mismatch,name;price;reference,"Hublot Spirit of Big Bang 648.CX.0114, Ceramic, Skeleton Dial, 42 mm",Hublot Spirit of Big Bang,Hublot,NULL,NULL,648.CX.0114.RX.MXM23,0,40900.0,3,3,/api/uploads/aviandco/products/648-cx-0114-001-c2e913b550885b47.jpg,https://www.aviandco.com/hubot-spirt-of-big-bang-sang-ble648-cx-0114-rx-mxm23-skeleton-dial-648-cx-0114-001
avi-hue-by-avi-co-blue-sapphire-watch,missing_source_url,,"Hue By Avi & Co. AH17, 18K White Gold, Blue Sapphire Dial, 44 mm",,Avi & Co.,NULL,NULL,,350000,,1,0,/api/uploads/aviandco/products/aviandco-404-oswaldo-local.jpg,
avi-hue-by-avi-co-green-tsavorite-watch,missing_source_url,,"Hue By Avi & Co. AH17, 18K White Gold, Green Tsavorite Dial, 44 mm",,Avi & Co.,NULL,NULL,,350000,,1,0,/api/uploads/aviandco/products/aviandco-404-oswaldo-local.jpg,
avi-hue-by-avi-co-pink-sapphire-watch,missing_source_url,,"Hue By Avi & Co. AH17, 18K White Gold, Pink Sapphire Dial, 44 mm",,Avi & Co.,NULL,NULL,,350000,,1,0,/api/uploads/aviandco/products/avipink-38fc4404441340ea.jpg,
avi-iwc-pilots-iw378004-blue-dial-iw378004-001,missing_source_url,,"IWC Shaffhausen Pilot's IW378004, Stainless Steel, Chronograph Blue Dial, 43 mm",,IWC,NULL,NULL,,8200,,1,0,/api/uploads/aviandco/products/aviandco-404-oswaldo-local.jpg,
avi-jacob-and-co-bugatti-chiron-tourbillon-bu200-21-ah-ab-b-sk,mismatch,name;price;reference,"Jacob & Co. Bugatti Chiron Tourbillon BU200.21.AH.AB.B, Limited to 126 pcs, DLC Titanium, Skeleton Dial, 55 mm",Jacob & Co. Bugatti Chiron Tourbillon,Jacob & Co.,NULL,NULL,BU200.21.AH.AB.B,0,199000.0,3,3,/api/uploads/aviandco/products/jacob---co-bugatti-chiron-tourbillion-bu200-001-1-f3b0cea0ade35f75.jpg,https://www.aviandco.com/jacob-and-co-bugatti-chiron-tourbillon-bu200-21-ah-ab-b-skeleton-dial-bu200-001
avi-jacob-and-co-epic-sf24-tourbillon-baguette-es802-40-bd-bd-,mismatch,name,"Jacob & Co. Epic SF24 Tourbillon Baguette ES802, 18K Rose Gold, Black Index Dial, 45 mm",There has been an error processing your request,Jacob & Co.,NULL,NULL,,306100,0,3,0,/api/uploads/aviandco/products/jacob-co-epic-s24-tourbillion-es802-001-1-40efa7ab0a90f627.jpg,https://www.aviandco.com/jacob-and-co-epic-sf24-tourbillon-baguette-es802-40-bd-bd-a-black-index-dial-es802-001
avi-jacob-and-co-messi-ec312-42-pd-ll-a-blue-skeleton-dial-ec3,mismatch,name,"Jacob & Co. Messi EC312.42.PD.LL.A, 18K Rose Gold, Blue Skeleton Dial, 47 mm",This site can’t be reached,Jacob & Co.,NULL,NULL,,0,0,3,0,/api/uploads/aviandco/products/jacob---co--messi-ec312-42-001-1-1-444d4f7d8cb5176a.jpg,https://www.aviandco.com/jacob-and-co-messi-ec312-42-pd-ll-a-blue-skeleton-dial-ec312-42-001
avi-jacob-co-epic-x-chrono-ec313-42-sa-rr-f-red-dial-jacob0700,mismatch,name;price;reference,"Jacob & Co. Epic X Chrono EC313.42.SA.RR.F, 18K Rose Gold, Red Index Dial, 47 mm",Jacob & Co. Epic X Chrono,Jacob & Co.,NULL,NULL,EC313.42.SA.RR.F,0,19900.0,3,3,/api/uploads/aviandco/products/jacob-co-epic-1-02f5cc9b13e5d864.jpg,https://www.aviandco.com/jacob-co-epic-x-chrono-ec313-42-sa-rr-f-red-dial-jacob07004
avi-jacob-co-five-time-zone-h24-multi-color-dial-jacob07003,mismatch,name;price;reference,"Jacob & Co. Five Time Zone H24, 18K White Gold, Diamond Baguette Case, Multi Color Dial, 47 mm",Jacob & Co. Five Time Zone,Jacob & Co.,NULL,NULL,H24,137800,122500.0,3,3,/api/uploads/aviandco/products/jacob-co-five-time-zone-jacob07003-1-f5865b98a7ef44b6.jpg,https://www.aviandco.com/jacob-co-five-time-zone-h24-multi-color-dial-jacob07003
avi-jacob-co-grand-complication-at802-30-dr-ua-a-skeleton-pave,mismatch,name;price;reference,"Jacob & Co. Grand Complications AT802.30.DR.UA.A, 18K White Gold, Skeleton Pave Dial, 50 mm",Jacob & Co. Grand Complications,Jacob & Co.,NULL,NULL,AT802.30.DR.UA.A,0,765100.0,3,3,/api/uploads/aviandco/products/jacob-co-grand-complications-at802-001-1-86e90d096c05babd.jpg,https://www.aviandco.com/jacob-co-grand-complication-at802-30-dr-ua-a-skeleton-pave-dial-at802-001
avi-jaeger-lecoultre-polaris-q9088180-blue-dial-q9088180-001,missing_source_url,,"Jaeger-Lecoultre Polaris Q9088180, Stainless Steel, Blue Dial, 42 mm",,Jaeger Lecoultre,NULL,NULL,,23000,,1,0,/api/uploads/aviandco/products/jaeger-polaris-lecoultre-q9088180-001-1-27cee5e56a9dcdb8.jpg,
avi-jaeger-lecoultre-reverso-tribute-chronograph-q389256j-rose,missing_source_url,,"Jaeger-Lecoultre Reverso Tribute Chronograph Q389256J, Limited to 250 pcs, 18K Rose Gold, Rose Gold Index Dial, 49 mm",,Jaeger Lecoultre,NULL,NULL,,81100,,1,0,/api/uploads/aviandco/products/aviandco-404-oswaldo-local.jpg,
avi-jaeger-lecoultre-reverso-tribute-monoface-small-seconds-q7,missing_source_url,,"Jaeger-Lecoultre Reverso Tribute Monoface Small Seconds Q713216J, 18K Rose Gold, Grained Rose Gold Index Dial, 46 mm",,Jaeger Lecoultre,NULL,NULL,,57200,,1,0,/api/uploads/aviandco/products/aviandco-404-oswaldo-local.jpg,
avi-jaeger-lecoultre-reverso-tribute-monoface-white-gold-dial-,missing_source_url,,"Jaeger-Lecoultre Reverso Tribute Monoface 18K White Gold, Small Seconds, White Gold Dial, 46 mm",,Jaeger Lecoultre,NULL,NULL,,0,,1,0,/api/uploads/aviandco/products/aviandco-404-oswaldo-local.jpg,
avi-mb-f-lm-perpetual-evo-07-tb-bu-skeleton-dial-07-tb-bu-001,missing_source_url,,"MB&F LM Perpetual EVO 07.TB.BU, Titanium, Skeleton Dial on Ice Blue Baseplate, 44 mm",,MB&F,NULL,NULL,,168400,,1,0,/api/uploads/aviandco/products/aviandco-404-oswaldo-local.jpg,
avi-omega-speedmaster-310-60-42-50-10-001-green-dial-g0310-60-,mismatch,name;price;reference,"Omega Speedmaster 310.60.42.50.10.001, Yellow Gold, Green Dial, 42 mm",Omega Speedmaster,Omega,NULL,NULL,310.60.42.50.10.001,0,44900.0,3,3,/api/uploads/aviandco/products/omega-speedmaster-g0310-60-42-50-10-001-1-32d5335649c0a8d7.jpg,https://www.aviandco.com/omega-speedmaster-310-60-42-50-10-001-green-dial-g0310-60-42-50-10-001
avi-omega-speedmaster-310-63-42-50-10-001-green-index-dial-310,mismatch,name;reference,"Omega Speedmaster 310.63.42.50.10.001, ""Green Moonshine"", 18K Yellow Gold & Green Ceramic, Green Index Dial, 42 mm",Omega Speedmaster,Omega,NULL,NULL,310.63.42.50.10.001,24500,24500.0,3,3,/api/uploads/aviandco/products/omega-speedmaster-3106342-001-1-c5395d48542ab8e5.jpg,https://www.aviandco.com/omega-speedmaster-310-63-42-50-10-001-green-index-dial-3106342-001
avi-omega-speedmaster-311-92-44-30-01-001-ceramic-skeleton-dia,mismatch,name,"Omega Speedmaster 311.92.44.30.01.001, Dark Side Of The Moon, Ceramic, Skeleton Dial, 44 mm",There has been an error processing your request,Omega,NULL,NULL,,9700,0,3,0,/api/uploads/aviandco/products/omega-speedmaster-311-92-001-1-1-1c946444ff2f499c.jpg,https://www.aviandco.com/omega-speedmaster-311-92-44-30-01-001-ceramic-skeleton-dial-311-92-001
avi-omega-speedmaster-324-30-38-50-03-002-blue-index-dial-3243,mismatch,name;price;reference,"Omega Speedmaster 324.30.38.50.03.002, ""Co-Axial Chronograph"", Stainless Steel, Blue Index Dial, 38 mm",Omega Speedmaster,Omega,NULL,NULL,324.30.38.50.03.002,0,5800.0,3,3,/api/uploads/aviandco/products/omega-speedmaster-3243038-001-1-0a32aad5129d478b.jpg,https://www.aviandco.com/omega-speedmaster-324-30-38-50-03-002-blue-index-dial-3243038-001
avi-omega-speedmaster-anniversary-series-310-32-42-50-02-001-s,mismatch,name;reference,"Omega Speedmaster 310.32.42.50.02.001, ""Silver Snoopy Award 50th Anniversary"", Stainles Steel & Blue Ceramic, Silver Index Dial, 42 mm",Omega Speedmaster,Omega,NULL,NULL,310.32.42.50.02.001,16900,16900.0,3,3,/api/uploads/aviandco/products/1-1-8778cee223e02387.jpg,https://www.aviandco.com/omega-speedmaster-anniversary-series-310-32-42-50-02-001-silver-dial-3103242-003
avi-omega-speedmaster-grey-side-of-the-moon-311-63-44-51-99-00,mismatch,name;reference,"Omega Speedmaster 311.63.44.51.99.001, ""Grey Side Of The Moon"", Ceramic & 18K Rose Gold, Metiorite Index Dial, 44 mm",Omega Speedmaster,Omega,NULL,NULL,311.63.44.51.99.001,12300,12300.0,3,3,/api/uploads/aviandco/products/omega-speedmaster-3116344-001-1-2f092f223574c138.jpg,https://www.aviandco.com/omega-speedmaster-grey-side-of-the-moon-311-63-44-51-99-001-meteorite-index-dial-3116344-001
avi-omega-speedmaster-moonphase-304-33-44-52-03-001-blue-dial-,mismatch,name;price;reference,"Omega Speedmaster 304.33.44.52.03.001, Stainless Steel, Blue Dial, 44 mm",Omega Speedmaster,Omega,NULL,NULL,304.33.44.52.03.001,0,10299.0,3,3,/api/uploads/aviandco/products/304-33-44-001-98e25690408bce1d.jpg,https://www.aviandco.com/omega-speedmaster-moonphase-304-33-44-52-03-001-blue-dial-304-33-44-001
avi-omega-speedmaster-professional-moonwatch-311-30-42-30-01-0,mismatch,name;price;reference,"Omega Speedmaster 311.30.42.30.01.006, Stainless Steel, Professional ""Moonwatch"", Black Dial, 42 mm",Omega Speedmaster,Omega,NULL,NULL,311.30.42.30.01.006,0,5500.0,3,3,/api/uploads/aviandco/products/omega-speedmaster-moonwatch-311-30-42-30-01-006-002-1-46409e75d8a1bb4e.jpg,https://www.aviandco.com/omega-speedmaster-professional-moonwatch-311-30-42-30-01-006-black-dial-311-30-42-30-01-006-002
avi-omega-speedmaster-professional-moonwatch-31130423001004-bl,mismatch,name;reference,"Omega Speedmaster 311.30.42.30.01.004, Stainless Steel, ""Tin Tin Rocket"", Black Dial, 42 mm",Omega Speedmaster,Omega,NULL,NULL,311.30.42.30.01.004,15400,15400.0,3,3,/api/uploads/aviandco/products/omega-speedmaster-tintin-311304-001-1-07d9a64e57528507.jpg,https://www.aviandco.com/omega-speedmaster-professional-moonwatch-31130423001004-black-dial-311304-001
avi-panerai-luminor-marina-pam00140-black-dial-pam00140-001,mismatch,name;price;reference,"Panerai Luminor PAM00140, 18K Yellow Gold, ""Marina"", Black Carbon Fiber Dial, 44 mm",Panerai Luminor,Panerai,NULL,NULL,PAM00140,0,16900.0,3,3,/api/uploads/aviandco/products/panerai-luminor-pam00140-001-1-c8f1ceb6bfc8208e.jpg,https://www.aviandco.com/panerai-luminor-marina-pam00140-black-dial-pam00140-001
avi-panerai-luminor-marina-pam00511-rose-gold-brown-dial-pam00,mismatch,name;price;reference,"Panerai Luminor PAM00511, Rose Gold, Brown Dial, 42 mm",Panerai Luminor,Panerai,NULL,NULL,PAM00511,0,16900.0,3,3,/api/uploads/aviandco/products/panerai-luminor-pam00511-001-1-42f256df4c8b5851.jpg,https://www.aviandco.com/panerai-luminor-marina-pam00511-rose-gold-brown-dial-pam00511-001
avi-panerai-luminor-pam00186-black-dial-pnlm07064,mismatch,name;reference,"Panerai Luminor PAM00186, Submersible Arktos, GMT, Stainless Steel, Black Dial, 44 mm",Panerai Luminor,Panerai,NULL,NULL,PAM00186,8200,8200.0,3,3,/api/uploads/aviandco/products/panerai-luminor-pnlm07064-1-f69cceeee37d7368.jpg,https://www.aviandco.com/panerai-luminor-pam00186-black-dial-pnlm07064
avi-panerai-luminor-pam00222-black-dial-pnlm07066,mismatch,name;price;reference,"Panerai Luminor PAM00222, Stainless Steel, ""Power Reserve Regatta"", Black Dial, 44 mm",Panerai Luminor,Panerai,NULL,NULL,PAM00222,0,7500.0,3,3,/api/uploads/aviandco/products/panerai-luminor-pnlm07066-1-4e52f47fadf82820.jpg,https://www.aviandco.com/panerai-luminor-pam00222-black-dial-pnlm07066
avi-panerai-luminor-pam00389-black-dial-pnlm07067,mismatch,name;price;reference,"Panerai Luminor PAM00389, 1950 Submersible, Titanium, Black Dial, 47 mm",Panerai Luminor,Panerai,NULL,NULL,PAM00389,8200,7900.0,3,3,/api/uploads/aviandco/products/panerai-luminor-pnlm07067-1-dc42162c6fb65049.jpg,https://www.aviandco.com/panerai-luminor-pam00389-black-dial-pnlm07067
avi-panerai-luminor-submersible-pam00960-black-dial-pam00960-0,mismatch,name;price;reference,"Panerai Submersible PAM00960, Carbon, Black Dial, 42 mm",Panerai Submersible,Panerai,NULL,NULL,PAM00960,0,12299.0,3,3,/api/uploads/aviandco/products/pam00960-001-1-1-d8dc82525b7edc30.jpg,https://www.aviandco.com/panerai-luminor-submersible-pam00960-black-dial-pam00960-001
avi-panerai-radiomir-pam00183-black-dial-pnrm07009,mismatch,name;price;reference,"Panerai Radiomir PAM00183, Black Seal, Steel, Black Dial, 45 mm",Panerai Radiomir,Panerai,NULL,NULL,PAM00183,5500,4900.0,3,3,/api/uploads/aviandco/products/panerai-radiomir-pnrm07009-1-7ea1e60068b10250.jpg,https://www.aviandco.com/panerai-radiomir-pam00183-black-dial-pnrm07009
avi-panerai-radiomir-pam00249-black-dial-pnrm07010,mismatch,name;price;reference,"Panerai Radiomir PAM00249, 1936 California, Steel, Black Dial, 47 mm",Panerai Radiomir,Panerai,NULL,NULL,PAM00249,11800,11100.0,3,3,/api/uploads/aviandco/products/panerai-radiomir-pnrm07010-1-9db1f660f20a1104.jpg,https://www.aviandco.com/panerai-radiomir-pam00249-black-dial-pnrm07010
avi-panerai-radiomir-pam00449-black-dial-pnrm07012,mismatch,name;price;reference,"Panerai Radiomir PAM00449, SLC 3 Day, Steel, Black Dial, 47 mm",Panerai Radiomir,Panerai,NULL,NULL,PAM00449,7700,7300.0,3,3,/api/uploads/aviandco/products/panerai-radiomir-pnrm07012-1-e085ce406e4aca09.jpg,https://www.aviandco.com/panerai-radiomir-pam00449-black-dial-pnrm07012
avi-panerai-radiomir-pam00685-black-dial-pnrm07014,mismatch,name;price;reference,"Panerai Radiomir PAM00685, Limited Edition, Steel, Black Dial, 47 mm",Panerai Radiomir,Panerai,NULL,NULL,PAM00685,7200,6900.0,3,3,/api/uploads/aviandco/products/pnrm07014-1-1-6304c0e4514e7d52.jpg,https://www.aviandco.com/panerai-radiomir-pam00685-black-dial-pnrm07014
avi-pate-philippe-aquanaut-5067a-001-g05067-001-001,mismatch,name;reference,"Patek Philippe Aquanaut 5067A-001, Stainless Steel, Black Dial, 36 mm",Patek Philippe Aquanaut,Patek Philippe,NULL,NULL,5067A-001,57900,57900.0,3,3,/api/uploads/aviandco/products/patek-philippe-aquanaut-g05067-001-001-2bfd30baf5b04eeb.jpg,https://www.aviandco.com/pate-philippe-aquanaut-5067a-001-g05067-001-001
avi-patek-diamond-calatrava-4978-400g-001-diamond-dial-g0pkt49,mismatch,name,"Patek Philippe Calatrava 4978/400G, Diamond Ribbon Joaillerie, 18K White Gold, Diamond Dial, 36 mm",There has been an error processing your request,Patek Philippe,NULL,NULL,,54900,0,10,0,/api/uploads/aviandco/products/patek-philippe-calatrava-4978-400g-001-blue-1-b422aec0aa23dba4.jpg,https://www.aviandco.com/patek-diamond-calatrava-4978-400g-001-diamond-dial-g0pkt4978-001
avi-patek-philippe-3800-1ja-yellow-gold-stainless-steel-36mm-w,mismatch,name;reference,"Patek Philippe Nautilus 3800/1JA, Steel and Yellow Gold, White Dial, 36 mm",Patek Philippe Nautilus,Patek Philippe,NULL,NULL,3800/1JA,46000,46000.0,11,3,/api/uploads/aviandco/products/patek-philippe-nautilus-3800-1ja-001-1-1-a4dc3b57aa211ad0.jpg,https://www.aviandco.com/patek-philippe-3800-1ja-yellow-gold-stainless-steel-36mm-white-dial-3800-1ja-001
avi-patek-philippe-3900-1ja-yellow-gold-stainless-steel-32mm-g,mismatch,name,"Patek Philippe Nautilus 3900/1JA, Steel and Yellow Gold, Gold Dial, 32 mm",This site can’t be reached,Patek Philippe,NULL,NULL,,0,0,12,0,/api/uploads/aviandco/products/patek-philippe-nautilus-3900-1ja-001-1-79f8f45d35306ccf.jpg,https://www.aviandco.com/patek-philippe-3900-1ja-yellow-gold-stainless-steel-32mm-gold-dial-3800-1ja-001
avi-patek-philippe-5167a-001-black-dial-5167a-001-008,mismatch,name,"Patek Philippe Aquanaut 5167A-001, Stainless Steel, Black Dial, 40 mm",This site can’t be reached,Patek Philippe,NULL,NULL,,81700,0,3,0,/api/uploads/aviandco/products/5167a-001-002-1-3-1-2-041cda94e2cf7bc2.jpg,https://www.aviandco.com/patek-philippe-5167a-001-black-dial-5167a-001-008
avi-patek-philippe-5374g-blue-dial-5374-g-001,mismatch,name;price;reference,"Patek Philippe Grand Complications 5374G-001, Perpetual Calendar, White Gold, Blue Dial, 42 mm",Patek Philippe Grand Complications,Patek Philippe,NULL,NULL,5374G-001,0,1299900.0,3,3,/api/uploads/aviandco/products/5374g-1-a3b747dfd9009bfd.png,https://www.aviandco.com/patek-philippe-5374g-blue-dial-5374-g-001
avi-patek-philippe-5520-p-black-dial-5520-p-001,mismatch,name;reference,"Patek Philippe Grand Complications 5520P-001, Platinum, Black Dial, 42 mm",Patek Philippe Grand Complications,Patek Philippe,NULL,NULL,5520P-001,179900,179900.0,3,3,/api/uploads/aviandco/products/g05520p-001-1-2bea5983e84532cb.png,https://www.aviandco.com/patek-philippe-5520-p-black-dial-5520-p-001
avi-patek-philippe-5726-1a-001-black-dial-5726-1a-006,mismatch,name;price;reference,"Patek Philippe Nautilus 5726A, Moonphase, Steel, Black Index Dial, 40 mm",Patek Philippe Nautilus,Patek Philippe,NULL,NULL,5726A-001,107200,102100.0,12,3,/api/uploads/aviandco/products/pp-nautilus-5726a-001-black-leather-1-1-cf62f5e606f9ac8b.jpg,https://www.aviandco.com/patek-philippe-5726-1a-001-black-dial-5726-1a-006
avi-patek-philippe-5726-1a-014-blue-index-dial-5726-1a-010,mismatch,name;reference,"Patek Philippe Nautilus 5726/1A-014, Moonphase, Stainless Steel, Blue Index Dial, 40 mm",Patek Philippe Nautilus,Patek Philippe,NULL,NULL,5726/1A-014,151000,151000.0,12,3,/api/uploads/aviandco/products/patek-phillipe-nautilus-5726-1a-006-1-454bd095e638f408.jpg,https://www.aviandco.com/patek-philippe-5726-1a-014-blue-index-dial-5726-1a-010
avi-patek-philippe-6007g-010-calatrava-black-dial-6007g-010-2,mismatch,name,"Patek Philippe Calatrava 6007G-010, White Gold, Black Dial, 40 mm",This site can’t be reached,Patek Philippe,NULL,NULL,,35900,0,3,0,/api/uploads/aviandco/products/6007g-010-001-1-1--photoroom-png-photoroom-3730f712a0c25199.png,https://www.aviandco.com/patek-philippe-6007g-010-calatrava-black-dial-6007g-010-2
avi-patek-philippe-6102p-blue-dial-6102-p-001,mismatch,name,"Patek Philippe Grand Complications 6102P-001, Platinum, Blue Dial, Celestial Moon Age, 44 mm",This site can’t be reached,Patek Philippe,NULL,NULL,,349900,0,3,0,/api/uploads/aviandco/products/6102p-1-2-4d4ef5728dc88293.jpg,https://www.aviandco.com/patek-philippe-6102p-blue-dial-6102-p-001
avi-patek-philippe-6104p-black-dial-6104-p-001,mismatch,name;reference,"Patek Philippe Grand Complications 6104R-001, Rose Gold, Black Dial, Celestial Moon Age, 44 mm",Patek Philippe Grand Complications,Patek Philippe,NULL,NULL,6104R-001,639900,639900.0,3,3,/api/uploads/aviandco/products/pkgc07009--1-94-1-12e70d55a842befe.jpg,https://www.aviandco.com/patek-philippe-6104p-black-dial-6104-p-001
avi-patek-philippe-7040g-blue-dial-250-g-001,mismatch,name;reference,"Patek Philippe Grand Complications 7040/250G-001, White Gold, Blue Dial, 36 mm",Patek Philippe Grand Complications,Patek Philippe,NULL,NULL,7040/250G-001,669900,669900.0,3,3,/api/uploads/aviandco/products/7040250g-1-22b6242c3768d585.png,https://www.aviandco.com/patek-philippe-7040g-blue-dial-250-g-001
avi-patek-philippe-annual-calendar-4947g-010-white-dial-4947g-,mismatch,name;reference,"Patek Philippe Annual Calendar 4947G-010, Moonphase, 18K White Gold, Diamond Bezel, White Dial, 38 mm",Patek Philippe Annual Calendar,Patek Philippe,NULL,NULL,4947G-010,59900,59900.0,3,3,/api/uploads/aviandco/products/patek-philippe-annual-calendar-4947g-001-1-df75c041b1f5a45a.jpg,https://www.aviandco.com/patek-philippe-annual-calendar-4947g-010-white-dial-4947g-001
avi-patek-philippe-annual-calendar-5146-1g-010-white-dial-5146,mismatch,name;reference,"Patek Philippe Complications 5146/1G-010, Annual Calendar, 18K White Gold, Ivory Dial, 39 mm",Patek Philippe Complications,Patek Philippe,NULL,NULL,5146/1G-010,40900,40900.0,12,3,/api/uploads/aviandco/products/patek-phillipe-complications-5146-1g-010-1-f609c53d26705ff0.jpg,https://www.aviandco.com/patek-philippe-annual-calendar-5146-1g-010-white-dial-5146-1g-001
avi-patek-philippe-annual-calendar-5146g-010-grey-dial-5146g-0,mismatch,name;reference,"Patek Philippe Complications 5146P-001, Annual Calendar, Platinum, Grey Index Dial, 39 mm",Patek Philippe Complications,Patek Philippe,NULL,NULL,5146P-010,33900,33900.0,12,3,/api/uploads/aviandco/products/patek-phillipe-annual-calendar-5146g-001-1-1-e253dff23b81b51f.jpg,https://www.aviandco.com/patek-philippe-annual-calendar-5146g-010-grey-dial-5146g-001
avi-patek-philippe-annual-calendar-5205g-010-black-dial-5205g-,mismatch,name;reference,"Patek Philippe Complications 5205G-010, Annual Calendar, 18K White Gold, Black Dial, 40 mm",Patek Philippe Complications,Patek Philippe,NULL,NULL,5205G-010,39900,39900.0,3,3,/api/uploads/aviandco/products/5205g-010-1-1-bb642e8057b8dfd1.jpg,https://www.aviandco.com/patek-philippe-annual-calendar-5205g-010-black-dial-5205g-002
avi-patek-philippe-annual-calendar-5205g-013-blue-dial-5205g-0,mismatch,name;price;reference,"Patek Philippe Complications 5205G-013, Annual Calendar, 18K White Gold, Blue Dial, 40 mm",Patek Philippe Complications,Patek Philippe,NULL,NULL,5205G-013,0,46000.0,3,3,/api/uploads/aviandco/products/patek-philippe-complications-5205g-013-002-1-2-c74737719804621b.jpg,https://www.aviandco.com/patek-philippe-annual-calendar-5205g-013-blue-dial-5205g-004
avi-patek-philippe-annual-calendar-5205r-011-green-dial-5205r-,mismatch,name;reference,"Patek Philippe Complications 5205R-011, Annual Calendar, 18K Rose Gold, Sunburst Olive Green Dial, 40 mm",Patek Philippe Complications,Patek Philippe,NULL,NULL,5205R-011,65300,65300.0,12,3,/api/uploads/aviandco/products/patek-philippe-complications-5205r-005-002-1-71eb8df98d10410c.jpg,https://www.aviandco.com/patek-philippe-annual-calendar-5205r-011-green-dial-5205r-010
avi-patek-philippe-annual-calendar-chronograph-5960g-001-blue-,mismatch,name;price;reference,"Patek Philippe Annual Calendar 5960/01G-001, White Gold, Blue Dial, Tiffany Stamp, 40 mm",Patek Philippe Annual Calendar,Patek Philippe,NULL,NULL,5960/01G-001,0,71500.0,7,3,/api/uploads/aviandco/products/patek-philippe-annual-calendar-5960g-001-1-1-beb645aef68f4d42.jpg,https://www.aviandco.com/patek-philippe-annual-calendar-chronograph-5960g-001-blue-dial-tiffany-stamp-5960g-001
avi-patek-philippe-aquanaut-5062-450r-2,mismatch,name;reference,"Patek Philippe Aquanaut 5062/450R, Luce Haute Joaillerie, 18K Rose Gold, Diamond Dial, 39 mm",Patek Philippe Aquanaut,Patek Philippe,NULL,NULL,5062/450R,499900,499900.0,12,3,/api/uploads/aviandco/products/pp-aquanaut-5062-450r-001-taupe-dial-1-1-1-56a9de9a868366d9.jpg,https://www.aviandco.com/patek-philippe-aquanaut-5062-450r-2
avi-patek-philippe-aquanaut-5066-1j-black-dial-g05066-1j-001,mismatch,name;price;reference,"Patek Philippe Aquanaut 5066/1J, Yellow Gold, Black Dial, 34 mm",Patek Philippe Aquanaut,Patek Philippe,NULL,NULL,5066/1J,0,85000.0,3,3,/api/uploads/aviandco/products/patek-philippe-aquanaut-g05066-1j-001-42fbe0ee511c28b3.png,https://www.aviandco.com/patek-philippe-aquanaut-5066-1j-black-dial-g05066-1j-001
avi-patek-philippe-aquanaut-5066a-black-index-dial-5066a-001,mismatch,name;price;reference,"Patek Philippe Aquanaut 5066A, Stainless Steel, Black Index Dial, 36 mm",Patek Philippe Aquanaut,Patek Philippe,NULL,NULL,5066A,0,46500.0,3,3,/api/uploads/aviandco/products/patek-philippe-aquanaut-5066a-001-1-1376e9e06c8daf9e.jpg,https://www.aviandco.com/patek-philippe-aquanaut-5066a-black-index-dial-5066a-001
avi-patek-philippe-aquanaut-5067a-025-blue-dial-g05067a-025-00,mismatch,name;reference,"Patek Philippe Aquanaut 5067A-025, Stainless Steel, Blue Dial, 36 mm",Patek Philippe Aquanaut,Patek Philippe,NULL,NULL,5067A-025,54900,54900.0,3,3,/api/uploads/aviandco/products/patek-philippe-aquanaut-5067a-025-001-1-c6d492fc04d819f2.jpg,https://www.aviandco.com/patek-philippe-aquanaut-5067a-025-blue-dial-g05067a-025-001-1
avi-patek-philippe-aquanaut-5164a-001-black-dial-5164a-010,mismatch,name;price;reference,"Patek Philippe Aquanaut 5164A-001, Travel Time, Stainless Steel, Black Arabic Dial, 40 mm",Patek Philippe Aquanaut,Patek Philippe,NULL,NULL,5164A-001,0,100000.0,3,3,/api/uploads/aviandco/products/patek-philippe-aquanaut-5164a-004-1-1-0193791d0c7c2087.jpg,https://www.aviandco.com/patek-philippe-aquanaut-5164a-001-black-dial-5164a-010
avi-patek-philippe-aquanaut-5164g-001-blue-arabic-dial-5164g-0,mismatch,name;reference,"Patek Philippe Aquanaut 5164G-001, ""Travel Time"", 18K White Gold, Opaline Blue-Gray Arabic Dial, 41 mm (2026)",Patek Philippe Aquanaut,Patek Philippe,NULL,NULL,5164G-001,168400,168400.0,6,3,/api/uploads/aviandco/products/patek-phillipe-aquanaut-5146g-001-1-13890b44778d7b44.jpg,https://www.aviandco.com/patek-philippe-aquanaut-5164g-001-blue-arabic-dial-5164g-006
avi-patek-philippe-aquanaut-5164r-001-brown-dial-5164r-008,mismatch,name;price;reference,"Patek Philippe Aquanaut 5164R-001, ""Travel Time"", 18K Rose Gold, Brown Arabic Dial, 41mm",Patek Philippe Aquanaut,Patek Philippe,NULL,NULL,5164R-001,0,128600.0,3,3,/api/uploads/aviandco/products/5164r-001-1-8-1-1-679cb7d5cc253de4.jpg,https://www.aviandco.com/patek-philippe-aquanaut-5164r-001-brown-dial-5164r-008
avi-patek-philippe-aquanaut-5167-1a-001-black-dial-5167-1a-002,mismatch,name;reference,"Patek Philippe Aquanaut 5167/1A-001, Stainless Steel, Black Arabic Dial, 41 mm",Patek Philippe Aquanaut,Patek Philippe,NULL,NULL,5167/1A-001,81900,81900.0,3,3,/api/uploads/aviandco/products/patek-philippe-aquanaut-5167-1a-001-1-1-579c03a2acbbbfe1.jpg,https://www.aviandco.com/patek-philippe-aquanaut-5167-1a-001-black-dial-5167-1a-002
avi-patek-philippe-aquanaut-5167r-001-brown-dial-5167r-001-010,mismatch,name;reference,"Patek Philippe Aquanaut 5167R-001, 18K Rose Gold, Brown Dial, 40 mm",Patek Philippe Aquanaut,Patek Philippe,NULL,NULL,5167R-001,112300,112300.0,12,3,/api/uploads/aviandco/products/5167r-001-001-1-b47decde790ab19a.jpg,https://www.aviandco.com/patek-philippe-aquanaut-5167r-001-brown-dial-5167r-001-010
avi-patek-philippe-aquanaut-5168g-001-blue-dial-5168g-001-010,mismatch,name;reference,"Patek Philippe Aquanaut 5168G-001, 18K White Gold, Blue Arabic Dial, 42 mm",Patek Philippe Aquanaut,Patek Philippe,NULL,NULL,5168G-001,91900,91900.0,11,3,/api/uploads/aviandco/products/patek-philippe-aquanaut-5168g-001-004-1-1-0cc4f79fb510a927.jpg,https://www.aviandco.com/patek-philippe-aquanaut-5168g-001-blue-dial-5168g-001-010
avi-patek-philippe-aquanaut-5168g-010-green-dial-5168g-010-007,mismatch,name;price;reference,"Patek Philippe Aquanaut 5168G-010, 18K White Gold, Green Arabic Dial, 42 mm",Patek Philippe Aquanaut,Patek Philippe,NULL,NULL,5168G-010,0,117400.0,12,3,/api/uploads/aviandco/products/patek-philippe-aquanaut-5168g-010-007-1-5f9129d72ed734c5.jpg,https://www.aviandco.com/patek-philippe-aquanaut-5168g-010-green-dial-5168g-010-007
avi-patek-philippe-aquanaut-5260-355r-gems-dial-5370-analog-00,mismatch,name,"Patek Philippe Aquanaut 5260/355R-001, Luce, Rose Gold, Gems Index Dial, 39 mm",This site can’t be reached,Patek Philippe,NULL,NULL,,0,0,3,0,/api/uploads/aviandco/products/5260-355r-1-1-dc9e7b839e769658.png,https://www.aviandco.com/patek-philippe-aquanaut-5260-355r-gems-dial-5370-analog-001
avi-patek-philippe-aquanaut-5267-200a-001-black-dial-5267-200a,mismatch,name,"Patek Philippe Aquanaut 5267/200A-001, Stainless Steel, Diamond Bezel, Black Arabic Dial, 39 mm",This site can’t be reached,Patek Philippe,NULL,NULL,,76600,0,3,0,/api/uploads/aviandco/products/patek-philippe-aquanaut-5267-200a-007-1-1-7640183808a0d1b6.jpg,https://www.aviandco.com/patek-philippe-aquanaut-5267-200a-001-black-dial-5267-200a-014
avi-patek-philippe-aquanaut-5267-200a-010-white-dial-5267-200a,mismatch,name;price;reference,"Patek Philippe Aquanaut 5267/200A-010, Stainless Steel, White Arabic Dial, 38 mm",Patek Philippe Aquanaut,Patek Philippe,NULL,NULL,5267/200A-010,0,86800.0,3,3,/api/uploads/aviandco/products/patek-phillipe-aquanaut-5267-200a-1-73210e7bb4887e83.jpg,https://www.aviandco.com/patek-philippe-aquanaut-5267-200a-010-white-dial-5267-200a-010
avi-patek-philippe-aquanaut-5267-200a-011-green-dial-5267-200a,mismatch,name;price;reference,"Patek Philippe Aquanaut 5267/200A-011, Stainless Steel, Diamond Bezel, Green Arabic Dial, 38 mm",Patek Philippe Aquanaut,Patek Philippe,NULL,NULL,5267/200A-011,81700,79100.0,3,3,/api/uploads/aviandco/products/patek-phillipe-aquanaut-5267-200a-009-1-2-627956d948929e23.jpg,https://www.aviandco.com/patek-philippe-aquanaut-5267-200a-011-green-dial-5267-200a-013
avi-patek-philippe-aquanaut-5268-200r-001-white-dial-g05268-20,mismatch,name;reference,"Patek Philippe Aquanaut 5268/200R-001, Rose Gold, White Dial, 39 mm",Patek Philippe Aquanaut,Patek Philippe,NULL,NULL,5268/200R-001,148900,148900.0,3,3,/api/uploads/aviandco/products/patek-philippe-aquanaut-g05268-200r-001-001-1-35d7ae058c88118a.jpg,https://www.aviandco.com/patek-philippe-aquanaut-5268-200r-001-white-dial-g05268-200r-001-001
avi-patek-philippe-aquanaut-5268-200r-010-taupe-dial-5268-200r,mismatch,name;price;reference,"Patek Philippe Aquanaut 5268/200R-010, 18K Rose Gold, Diamond Bezel, Taupe Arabic Dial, 38 mm (2026)",Patek Philippe Aquanaut,Patek Philippe,NULL,NULL,5268/200R-010,0,137800.0,8,3,/api/uploads/aviandco/products/pp-aquanaut-5268-200r-010-1-2-1-1-1-7c2bf4c91c4015cd.jpg,https://www.aviandco.com/patek-philippe-aquanaut-5268-200r-010-taupe-dial-5268-200r-010-008
avi-patek-philippe-aquanaut-5268-461g-001-pave-dial-5268-461g-,mismatch,name;price;reference,"Patek Philippe Aquanaut 5268/461G-001, 18K White Gold, Blue Sapphire Bezel, Pave Diamond Dial, 38 mm",Patek Philippe Aquanaut,Patek Philippe,NULL,NULL,5268/461G-001,0,561100.0,8,3,/api/uploads/aviandco/products/patek-philippe-aquanaut-5268461g-001-1-71146ab5c814753a.jpg,https://www.aviandco.com/patek-philippe-aquanaut-5268-461g-001-pave-dial-5268-461g-001
avi-patek-philippe-aquanaut-5269r-001-blue-dial-5269r-g0001-00,mismatch,name;reference,"Patek Philippe Aquanaut 5269R-001, 18K Rose Gold, Opaline-blue Dial, 39 mm",Patek Philippe Aquanaut,Patek Philippe,NULL,NULL,5269R-001,76900,76900.0,3,3,/api/uploads/aviandco/products/patek-philippe-aquanaut-5269r-001-001-9a1810d58942b824.jpg,https://www.aviandco.com/patek-philippe-aquanaut-5269r-001-blue-dial-5269r-g0001-001
avi-patek-philippe-aquanaut-5650g-001-blue-arabic-dial-5650g-0,mismatch,name;price;reference,"Patek Philippe Aquanaut 5650G-001, Advanced Research, Limited to 500 pcs, 18K White Gold, Blue Arabic Dial, 40 mm",Patek Philippe Aquanaut,Patek Philippe,NULL,NULL,5650G-001,0,561100.0,3,3,/api/uploads/aviandco/products/patek-philippe-aquanaut-g05650g-001-001-1-7ca34616e469bbcc.jpg,https://www.aviandco.com/patek-philippe-aquanaut-5650g-001-blue-arabic-dial-5650g-001
avi-patek-philippe-aquanaut-5968a-001-black-dial-5968a-005,mismatch,name;price;reference,"Patek Philippe Aquanaut 5968A-001, Stainless Steel, Black Arabic Dial, 42 mm",Patek Philippe Aquanaut,Patek Philippe,NULL,NULL,5968A-001,0,153100.0,12,3,/api/uploads/aviandco/products/patek-philippe-aquanaut-5968a-005-1-48076a196126efe5.jpg,https://www.aviandco.com/patek-philippe-aquanaut-5968a-001-black-dial-5968a-005
avi-patek-philippe-aquanaut-5968g-001-blue-arabic-dial-5968g-0,mismatch,name;price;reference;image_count,"Patek Philippe Aquanaut 5968G-001, Chronograph, 18K White Gold, Blue Arabic Dial, 42 mm",Patek Philippe Aquanaut,Patek Philippe,NULL,NULL,5968G-001,0,142900.0,1,3,/api/uploads/aviandco/products/patek-philippe-aquanaut-5968g-blue-1-1-1-1-82a0467138e2491b.jpg,https://www.aviandco.com/patek-philippe-aquanaut-5968g-001-blue-arabic-dial-5968g-001-008
avi-patek-philippe-aquanaut-5968g-010-green-dial-pkaq07177,mismatch,name;price;reference,"Patek Philippe Aquanaut 5968G-010, 18K White Gold, ""Doubled Sealed"", Green Arabic Dial, 42 mm",Patek Philippe Aquanaut,Patek Philippe,NULL,NULL,5968G-010,178600,173500.0,12,3,/api/uploads/aviandco/products/patek-philippe-aquanaut-5968g-010-1-1-acdf8479a4678f30.jpg,https://www.aviandco.com/patek-philippe-aquanaut-5968g-010-green-dial-pkaq07177
avi-patek-philippe-aquanaut-5968r-001-brown-arabic-dial-5968r-,mismatch,name;reference,"Patek Philippe Aquanaut 5968R-001, 18K Rose Gold, Brown Arabic Dial, 42 mm (2026)",Patek Philippe Aquanaut,Patek Philippe,NULL,NULL,5968R-001,163300,163300.0,12,3,/api/uploads/aviandco/products/5968r-001-001-1-1-b21700bad0e7ac4f.jpg,https://www.aviandco.com/patek-philippe-aquanaut-5968r-001-brown-arabic-dial-5968r-001-010
avi-patek-philippe-aquanaut-7968-300r-001-mother-of-pearl-diam,mismatch,name;reference,"Patek Philippe Aquanaut 7968/300R-001, ""Luce"" Chronograph, 18K Rose Gold, Rainbow Diamond Bezel, MOP Diamond Dial, 39 mm",Patek Philippe Aquanaut,Patek Philippe,NULL,NULL,7968/300R-001,428500,428500.0,12,3,/api/uploads/aviandco/products/patek-philippe-aquanaut-7968-300r-001-002-1-cd6432a6659516a5.jpg,https://www.aviandco.com/patek-philippe-aquanaut-7968-300r-001-mother-of-pearl-diamond-dial-7968-300r-001-003
avi-patek-philippe-aquanaut-luce-5261r-001-blue-grey-arabic-di,mismatch,name;reference,"Patek Philippe Aquanaut 5261R-001, Annual Calendar, 18K Rose Gold, Blue-Gray Arabic Dial, 40 mm",Patek Philippe Aquanaut,Patek Philippe,NULL,NULL,5261R-001,183700,183700.0,3,3,/api/uploads/aviandco/products/5261r-001-002-1-1-1-26968449482798cf.jpg,https://www.aviandco.com/patek-philippe-aquanaut-luce-5261r-001-blue-grey-arabic-dial-5261r-001-012
avi-patek-philippe-calatrava-4897g-001-blue-dial-4897g-001,mismatch,name,"Patek Philippe Calatrava 4897G-001, 18K White Gold, Diamond Bezel, Blue Dial, 33 mm",This site can’t be reached,Patek Philippe,NULL,NULL,,0,0,3,0,/api/uploads/aviandco/products/patek-philippe-calatrava-4897g-001-1-8bf0de1392d6c85e.jpg,https://www.aviandco.com/patek-philippe-calatrava-4897g-001-blue-dial-4897g-001
avi-patek-philippe-calatrava-4997-200g-001-blue-dial-4997g-001,mismatch,name;reference,"Patek Philippe Calatrava 4997/200G-001, 18K White Gold, Diamond Bezel, Blue Dial, 35 mm",Patek Philippe Calatrava,Patek Philippe,NULL,NULL,4997/200G-001,29900,29900.0,3,3,/api/uploads/aviandco/products/patek-philippe-calatrava-4997g-001-1-3bf9ccb25a451728.jpg,https://www.aviandco.com/patek-philippe-calatrava-4997-200g-001-blue-dial-4997g-001
avi-patek-philippe-calatrava-5088-100p-platinum-black-dial-38-,mismatch,name;reference,"Patek Philippe Calatrava 5088/100P, Platinum, Black Handengraved Dial, 38 mm",Patek Philippe Calatrava,Patek Philippe,NULL,NULL,5088/100P-001,86900,86900.0,3,3,/api/uploads/aviandco/products/5088-100p-001-1-1--photoroom-png-photoroom-e04448a4a49688ac.png,https://www.aviandco.com/patek-philippe-calatrava-5088-100p-platinum-black-dial-38-mm
avi-patek-philippe-calatrava-5115g-white-dial-5115g-001-001,mismatch,name;price;reference,"Patek Philippe Calatrava 5115G-001, 18K White Gold, White Dial, 35 mm",Patek Philippe Calatrava,Patek Philippe,NULL,NULL,5115G-001,0,16400.0,3,3,/api/uploads/aviandco/products/patek-philippe-calatrava-5115g-001-1-c5d8f942f82fd6fd.jpg,https://www.aviandco.com/patek-philippe-calatrava-5115g-white-dial-5115g-001-001
avi-patek-philippe-calatrava-5120-1j-001-silver-dial-5120-1j-0,mismatch,name,"Patek Philippe Calatrava 5120/1J-001, Yellow Gold, Silver Dial, 35 mm",There has been an error processing your request,Patek Philippe,NULL,NULL,,0,0,10,0,/api/uploads/aviandco/products/pp-calatrava-5120-1j-001-silver-1-1-c6961a48397395af.jpg,https://www.aviandco.com/patek-philippe-calatrava-5120-1j-001-silver-dial-5120-1j-001-001
avi-patek-philippe-calatrava-5123r-001-opaline-dial-5123r-002,mismatch,name;price;reference,"Patek Philippe Calatrava 5123R-001, 18K Rose Gold, Opaline Dial, 38 mm",Patek Philippe Calatrava,Patek Philippe,NULL,NULL,5123R-001,0,19900.0,7,3,/api/uploads/aviandco/products/patek-philippe-calatrava-5123r-001-1-1-9076f26fa269ba22.jpg,https://www.aviandco.com/patek-philippe-calatrava-5123r-001-opaline-dial-5123r-002
avi-patek-philippe-calatrava-5127r-001-silver-dial-5127r-001,mismatch,name;price;reference,"Patek Philippe Calatrava 5127R-001, 18K Rose Gold, Silver Dial, 37 mm",Patek Philippe Calatrava,Patek Philippe,NULL,NULL,5127R-001,0,24900.0,6,3,/api/uploads/aviandco/products/patek-phillipe-calatrava-5127r-001-1-24712892093e97d7.jpg,https://www.aviandco.com/patek-philippe-calatrava-5127r-001-silver-dial-5127r-001
avi-patek-philippe-calatrava-5224r-001-blue-dial-5224r-001,mismatch,name;price;reference;image_count,"Patek Philippe Calatrava 5224R-001, Travel Time Complication, 18K Rose Gold, Blue Dial, 42 mm",Patek Philippe Calatrava,Patek Philippe,NULL,NULL,5224R-001,48500,47500.0,1,3,/api/uploads/aviandco/products/patek-phillipe-calatrava-5224r-001-1-837b772692f65cf6.jpg,https://www.aviandco.com/patek-philippe-calatrava-5224r-001-blue-dial-5224r-001
avi-patek-philippe-calatrava-5226g-001-charcoal-grey-arabic-di,mismatch,name;price;reference,"Patek Philippe Calatrava 5226G-001, 18K White Gold, Grey Arabic Dial, 40 mm",Patek Philippe Calatrava,Patek Philippe,NULL,NULL,5226G-001,0,46500.0,11,3,/api/uploads/aviandco/products/pp-calatrava-5226g-001-1-864e9ab107987e9a.jpg,https://www.aviandco.com/patek-philippe-calatrava-5226g-001-charcoal-grey-arabic-dial-5226g-001-010
avi-patek-philippe-calatrava-5227g-001-ivory-dial-5227g-001-00,mismatch,name;price;reference,"Patek Philippe Calatrava 5227G-001, 18K White Gold, Ivory Index Dial, 39 mm",Patek Philippe Calatrava,Patek Philippe,NULL,NULL,5227G-001,0,28600.0,9,3,/api/uploads/aviandco/products/patek-philippe-calatrava-5227g-001-002-1-b7eedbd84bab967a.jpg,https://www.aviandco.com/patek-philippe-calatrava-5227g-001-ivory-dial-5227g-001-002
avi-patek-philippe-calatrava-5227g-010-black-index-dial-5227g-,mismatch,name;reference,"Patek Philippe Calatrava 5227G-010, 18K White Gold, Black Index Dial, 39 mm (2026)",Patek Philippe Calatrava,Patek Philippe,NULL,NULL,5227G-010,40300,40300.0,8,3,/api/uploads/aviandco/products/patek-philippe-calatrava-5227g-010-002-1-fd2d91352689040e.jpg,https://www.aviandco.com/patek-philippe-calatrava-5227g-010-black-index-dial-5227g-010-003
avi-patek-philippe-calatrava-5227g-015-rose-gilt-opaline-dial-,mismatch,name,"Patek Philippe Calatrava 5227G-015, 18K White Gold, Rose Gilt-Opaline Dial, 39 mm (2026)",This site can’t be reached,Patek Philippe,NULL,NULL,,0,0,3,0,/api/uploads/aviandco/products/patek-philippe-calatrava-g05227g-spy-001-1-264d350f15124211.jpg,https://www.aviandco.com/patek-philippe-calatrava-5227g-015-rose-gilt-opaline-dial-g05227g-spy-001
avi-patek-philippe-calatrava-5227j-001-ivory-dial-g05227j-001,mismatch,name,"Patek Philippe Calatrava 5227J-001, Yellow Gold, Ivory Dial, 39 mm",This site can’t be reached,Patek Philippe,NULL,NULL,,41900,0,3,0,/api/uploads/aviandco/products/patek-philippe-calatrava-5227j-ivory-photoroom-png-photoroom-258b85368b05b408.png,https://www.aviandco.com/patek-philippe-calatrava-5227j-001-ivory-dial-g05227j-001
avi-patek-philippe-calatrava-5227r-001-ivory-dial-g05227r-001,mismatch,name;reference,"Patek Philippe Calatrava 5227R-001, Rose Gold, Ivory Dial, 39 mm",Patek Philippe Calatrava,Patek Philippe,NULL,NULL,5227R-001,41900,41900.0,3,3,/api/uploads/aviandco/products/patek-philippe-calatrava-5227r-ivory-photoroom-png-photoroom-d85ab6bbc73776c9.png,https://www.aviandco.com/patek-philippe-calatrava-5227r-001-ivory-dial-g05227r-001
avi-patek-philippe-calatrava-5296g-010-silver-dial-5296g-002,mismatch,name;price;reference,"Patek Philippe Calatrava 5296G-010, 18K White Gold, Silver Dial, 38 mm",Patek Philippe Calatrava,Patek Philippe,NULL,NULL,5296G-001,0,26900.0,3,3,/api/uploads/aviandco/products/patek-philippe-calatrava-5296-001-1-0dcabb54505c1f1a.jpg,https://www.aviandco.com/patek-philippe-calatrava-5296g-010-silver-dial-5296g-002
avi-patek-philippe-calatrava-5522a-001-blue-dial-5522a-001,mismatch,name;reference,"Patek Philippe Calatrava 5522A-001, Stainless Steel, Blue Dial, 42 mm",Patek Philippe Calatrava,Patek Philippe,NULL,NULL,5522A-001,49900,49900.0,6,3,/api/uploads/aviandco/products/5522a-001-1-5207a6c9f4387295.jpg,https://www.aviandco.com/patek-philippe-calatrava-5522a-001-blue-dial-5522a-001
avi-patek-philippe-calatrava-5924g-001-blue-dial-g05924g-001,mismatch,name;reference,"Patek Philippe Calatrava 5924G-001, Chronograph, White Gold, Blue Dial, 42 mm",Patek Philippe Calatrava,Patek Philippe,NULL,NULL,5924G-001,66900,66900.0,3,3,/api/uploads/aviandco/products/5924g-001-1-1cbc94f84054e6e3.jpg,https://www.aviandco.com/patek-philippe-calatrava-5924g-001-blue-dial-g05924g-001
avi-patek-philippe-calatrava-5924g-0010-green-dial-g05924g-001,mismatch,name;reference,"Patek Philippe Calatrava 5924G-0010, Chronograph, White Gold, Green Dial, 42 mm",Patek Philippe Calatrava,Patek Philippe,NULL,NULL,5924G-0010,64900,64900.0,3,3,/api/uploads/aviandco/products/g05924g-0010-1--photoroom-png-photoroom-2ddb29eaefff5521.png,https://www.aviandco.com/patek-philippe-calatrava-5924g-0010-green-dial-g05924g-0010
avi-patek-philippe-calatrava-6007g-011-black-dial-6007g-001,mismatch,name;reference,"Patek Philippe Calatrava 6007G-011, 18K White Gold, Black Carbon Motif Dial, 40 mm",Patek Philippe Calatrava,Patek Philippe,NULL,NULL,6007G-011,38300,38300.0,3,3,/api/uploads/aviandco/products/6007g-011-1-1--photoroom-png-photoroom-fab08869e463ac05.png,https://www.aviandco.com/patek-philippe-calatrava-6007g-011-black-dial-6007g-001
avi-patek-philippe-calatrava-6119g-001-grey-dial-6119g-002,mismatch,name;reference,"Patek Philippe Calatrava 6119G-001, 18K White Gold, Grey Dial, 39 mm",Patek Philippe Calatrava,Patek Philippe,NULL,NULL,6119G-001,27600,27600.0,3,3,/api/uploads/aviandco/products/patek-philippe-calatrava-6119g-001-1-1-4adc4ae22ef6adf5.jpg,https://www.aviandco.com/patek-philippe-calatrava-6119g-001-grey-dial-6119g-002
avi-patek-philippe-calatrava-6119g-001-grey-dial-6119g-003,mismatch,name;reference,"Patek Philippe Calatrava 6119G-001, 18K White Gold, Grey Dial, 39 mm",Patek Philippe Calatrava,Patek Philippe,NULL,NULL,6119G-001,36800,36800.0,3,3,/api/uploads/aviandco/products/patek-philippe-calatrava-6119g-001-1-1-1-98bfec41bd0b04d9.jpg,https://www.aviandco.com/patek-philippe-calatrava-6119g-001-grey-dial-6119g-003
avi-patek-philippe-calatrava-6119r-001-silver-index-dial-6119r,mismatch,name;reference,"Patek Philippe Calatrava 6119R-001, 18K Rose Gold, Silver Index Dial, 39 mm",Patek Philippe Calatrava,Patek Philippe,NULL,NULL,6119R-001,38800,38800.0,3,3,/api/uploads/aviandco/products/patek-phillipe-calatrava-6119r-002-1-239188f04c5f17eb.jpg,https://www.aviandco.com/patek-philippe-calatrava-6119r-001-silver-index-dial-6119r-005
avi-patek-philippe-calatrava-7200-50g-001-sunburst-sand-beige-,mismatch,name;price;reference,"Patek Philippe Calatrava 7200/50G-001, 18K White Gold, Sunburst Sand Beige Dial, 35 mm (2026)",Patek Philippe Calatrava,Patek Philippe,NULL,NULL,7200/50G-001,0,50000.0,3,3,/api/uploads/aviandco/products/patek-philippe-calatrava-g07200-spy-001-1-6e202fb82e62430b.jpg,https://www.aviandco.com/patek-philippe-calatrava-7200-50g-001-sunburst-sand-beige-dial-g07200-spy-001
avi-patek-philippe-calatrava-7200-50g-012-sunburst-ice-blue-di,mismatch,name;price;reference,"Patek Philippe Calatrava 7200/50G-012, 18K White Gold, Sunburst Ice Blue Dial, 35 mm (2026)",Patek Philippe Calatrava,Patek Philippe,NULL,NULL,7200/50G-012,0,40000.0,3,3,/api/uploads/aviandco/products/patek-philippe-calatrava-g07200-50g-012--spy-002-1-94c127428a68aa5f.jpg,https://www.aviandco.com/patek-philippe-calatrava-7200-50g-012-sunburst-ice-blue-dial-g07200-50g-spy-002
avi-patek-philippe-calatrava-white-gold-small-seconds-37mm-wat,mismatch,name;reference,"Patek Philippe Calatrava 5196G, White Gold, Silver Dial, 37 mm",Patek Philippe Calatrava,Patek Philippe,NULL,NULL,5196G-001,28900,28900.0,3,3,/api/uploads/aviandco/products/pkct07007--1-319-1-0ad8e5eadd8b5ed7.jpg,https://www.aviandco.com/patek-philippe-calatrava-white-gold-small-seconds-37mm-watch-g05196g-001-001
avi-patek-philippe-chronograph-5975g-001-silver-dial-5975g-001,mismatch,name;reference,"Patek Philippe Complications 5975G-001, 18K White Gold, Silver Dial, 40 mm",Patek Philippe Complications,Patek Philippe,NULL,NULL,5975G-001,73900,73900.0,3,3,/api/uploads/aviandco/products/5975g-001-1-1-36d6c13c1689832d.jpg,https://www.aviandco.com/patek-philippe-chronograph-5975g-001-silver-dial-5975g-001
avi-patek-philippe-complications-4936g-001-tahitian-mother-of-,mismatch,name;price;reference,"Patek Philippe Complications 4936G-001, 18K White Gold, Tahitian MOP Roman Dial, 37 mm",Patek Philippe Complications,Patek Philippe,NULL,NULL,4936G-001,0,37800.0,3,3,/api/uploads/aviandco/products/patek-philippe-complications-4936g-002-1-be2a1e921136b5db.jpg,https://www.aviandco.com/patek-philippe-complications-4936g-001-tahitian-mother-of-pearl-roman-dial-4936g-002
avi-patek-philippe-complications-4946g-001-blue-grey-dial-g049,mismatch,name;price;reference,"Patek Philippe Complications 4946G-001, 18K White Gold, Blue-Grey Dial, 38 mm (2026)",Patek Philippe Complications,Patek Philippe,NULL,NULL,4946G-001,0,65000.0,3,3,/api/uploads/aviandco/products/patek-philippe-complications-g04946g-spy-001-1-7a96d8a5f8b45ad1.jpg,https://www.aviandco.com/patek-philippe-complications-4946g-001-blue-grey-dial-g04946g-spy-001
avi-patek-philippe-complications-4947r-001-silver-dial-g04947r,mismatch,name;reference;image_count,"Patek Philippe Complications 4947R-001, Annual Calendar, Rose Gold, Silver Dial, 38 mm",Patek Philippe Complications,Patek Philippe,NULL,NULL,4947R-001,59900,59900.0,1,3,/api/uploads/aviandco/products/patek-philippe-complications-4947r-silver-69fba20921be60ed.png,https://www.aviandco.com/patek-philippe-complications-4947r-001-silver-dial-g04947r-001
avi-patek-philippe-complications-4948g-010-mother-of-pearl-dia,mismatch,name;reference,"Patek Philippe Complications 4948G-010, Annual Calendar, 18K White Gold, MOP Dial, 38 mm",Patek Philippe Complications,Patek Philippe,NULL,NULL,4948G-010,75500,75500.0,3,3,/api/uploads/aviandco/products/patek-philippe-complications-4948g-001-1-3736d61136e84e89.jpg,https://www.aviandco.com/patek-philippe-complications-4948g-010-mother-of-pearl-dial-4948g-001
avi-patek-philippe-complications-4948r-001-mop-dial-g04948r-00,mismatch,name;reference,"Patek Philippe Complications 4948R-001, Annual Calendar, Rose Gold, MOP Dial, 38 mm",Patek Philippe Complications,Patek Philippe,NULL,NULL,4948R-001,81900,81900.0,3,3,/api/uploads/aviandco/products/untitled-design-0a061181f6f68f1f.jpg,https://www.aviandco.com/patek-philippe-complications-4948r-001-mop-dial-g04948r-001
avi-patek-philippe-complications-5036-1r-001-white-roman-dial-,mismatch,name;reference,"Patek Philippe Complications 5036/1R-001, 18K Rose Gold, White Roman Dial, 37 mm",Patek Philippe Complications,Patek Philippe,NULL,NULL,5036/1R-001,44900,44900.0,3,3,/api/uploads/aviandco/products/patek-philippe-complications-5036-1r-001-1-37276465feb845b7.jpg,https://www.aviandco.com/patek-philippe-complications-5036-1r-001-white-roman-dial-5036-1r-001
avi-patek-philippe-complications-5147g-001-blue-dial-5147g-001,mismatch,name;reference,"Patek Philippe Complications 5147G-001, Annual Calendar, 18K White Gold, Blue Dial, 39 mm",Patek Philippe Complications,Patek Philippe,NULL,NULL,5147G-001,56200,56200.0,3,3,/api/uploads/aviandco/products/patek-philippe-complications-5147g-001-1-c7b93f51a1f16dab.jpg,https://www.aviandco.com/patek-philippe-complications-5147g-001-blue-dial-5147g-001
avi-patek-philippe-complications-5172g-001-white-gold-dial-g05,mismatch,name;reference,"Patek Philippe Complications 5172G-001, Chronograph, White Gold, Blue Dial, 41 mm",Patek Philippe Complications,Patek Philippe,NULL,NULL,5172G-001,68900,68900.0,3,3,/api/uploads/aviandco/products/5172g-1-0bbd25161ac81b1c.jpg,https://www.aviandco.com/patek-philippe-complications-5172g-001-white-gold-dial-g05172-001
avi-patek-philippe-complications-5172g-010-rose-dial-g05172g-0,mismatch,name;reference,"Patek Philippe Complications 5172G-010, White Gold, Rose Dial, 41 mm",Patek Philippe Complications,Patek Philippe,NULL,NULL,5172G-010,68900,68900.0,3,3,/api/uploads/aviandco/products/patek-philippe-complications-5172g-salmon-52b5dbfaf8c206af.png,https://www.aviandco.com/patek-philippe-complications-5172g-010-rose-dial-g05172g-010
avi-patek-philippe-complications-5180-1g-001-openworked-dial-5,mismatch,name;price;reference,"Patek Philippe Complications 5180/1G-001, 18K White Gold, Openworked Dial, 39 mm",Patek Philippe Complications,Patek Philippe,NULL,NULL,5180/1G-001,0,84700.0,3,3,/api/uploads/aviandco/products/patek-complications-5180-1g-001-1-1-374bd9e9b9ef8dc1.jpg,https://www.aviandco.com/patek-philippe-complications-5180-1g-001-openworked-dial-5180-1g-001
avi-patek-philippe-complications-5180-1r-001-skeleton-dial-518,mismatch,name;reference,"Patek Philippe Complications 5180/1R-001, 18K Rose Gold, Skeleton Dial, 39 mm",Patek Philippe Complications,Patek Philippe,NULL,NULL,5180/1R-001,97000,97000.0,3,3,/api/uploads/aviandco/products/patek-philippe-complications-51801r-001-1-438ece178f7d26db.jpg,https://www.aviandco.com/patek-philippe-complications-5180-1r-001-skeleton-dial-5180-1r-002
avi-patek-philippe-complications-5205r-010-black-dial-5205r-00,mismatch,name,"Patek Philippe Complications 5205R-010, Annual Calendar, 18K Rose Gold, Black Index Dial, 40 mm",This site can’t be reached,Patek Philippe,NULL,NULL,,56200,0,3,0,/api/uploads/aviandco/products/patek-philippe-complications-5205r-009-1-0343094d0063e882.jpg,https://www.aviandco.com/patek-philippe-complications-5205r-010-black-dial-5205r-009
avi-patek-philippe-complications-5212a-001-opaline-silver-dial,mismatch,name,"Patek Philippe Complications 5212A-001, Complications, Stainless Steel, Opaline Silver Dial, 40 mm",This site can’t be reached,Patek Philippe,NULL,NULL,,0,0,3,0,/api/uploads/aviandco/products/patek-philippe-complications-5212a-002-1-f495ed39e426f9a5.jpg,https://www.aviandco.com/patek-philippe-complications-5212a-001-opaline-silver-dial-5212a-002
avi-patek-philippe-complications-5230p-001-blue-dial-g04947r-0,mismatch,name;reference,"Patek Philippe Complications 5230P-001, World Time, Platinum, Blue Dial, 38 mm",Patek Philippe Complications,Patek Philippe,NULL,NULL,5230P-001,59900,59900.0,3,3,/api/uploads/aviandco/products/g05230p-001-81b676fd460a23ac.png,https://www.aviandco.com/patek-philippe-complications-5230p-001-blue-dial-g04947r-001
avi-patek-philippe-complications-5235-50r-001-graphite-black-d,mismatch,name;reference,"Patek Philippe Complications 5235/50R-001, Annual Calendar Regulator, Rose Gold, Black Dial, 40 mm",Patek Philippe Complications,Patek Philippe,NULL,NULL,5235/50R-001,50900,50900.0,3,3,/api/uploads/aviandco/products/patek-philippe-complications-5235-grey-1-0122039792129b37.png,https://www.aviandco.com/patek-philippe-complications-5235-50r-001-graphite-black-dial-g05235-50r-001
avi-patek-philippe-complications-5249r-001-opaline-matara-brow,mismatch,name;price;reference,"Patek Philippe Complications 5249R-001, 18K Rose Gold, Opaline Matara Brown Dial, 43 mm (2026)",Patek Philippe Complications,Patek Philippe,NULL,NULL,5249R-001,0,420000.0,3,3,/api/uploads/aviandco/products/patek-philippe-complications-g05249r-spy-001-1-2fb6016d2f78f8d3.jpg,https://www.aviandco.com/patek-philippe-complications-5249r-001-opaline-matara-brown-dial-g05249r-spy-001
avi-patek-philippe-complications-5270g-silver-dial-g05270g-001,mismatch,name;reference,"Patek Philippe Complications 5270G, 18K White Gold, Silver Dial, 41 mm",Patek Philippe Complications,Patek Philippe,NULL,NULL,5270G-001,137900,137900.0,12,3,/api/uploads/aviandco/products/patek-phillipe-complications-pkcp07087-5270g-1-a6f0a3146a866f94.jpg,https://www.aviandco.com/patek-philippe-complications-5270g-silver-dial-g05270g-001
avi-patek-philippe-complications-5270p-016-lacquered-blue-dial,mismatch,name;price;reference,"Patek Philippe Grand Complications 5270P-016, Platinum, Lacquered Blue Dial, 41 mm (2026)",Patek Philippe Grand Complications,Patek Philippe,NULL,NULL,5270P-016,0,260000.0,3,3,/api/uploads/aviandco/products/patek-philippe-grand-complications-g05270p-spy-002-1-060a5a40eda02d46.jpg,https://www.aviandco.com/patek-philippe-complications-5270p-016-lacquered-blue-dial-g05270p-spy-002
avi-patek-philippe-complications-5326g-001-gray-dial-g05326g-0,mismatch,name;reference,"Patek Philippe Complications 5326G-001, Annual Calendar, White Gold, Charcoal Gray Dial, 41 mm",Patek Philippe Complications,Patek Philippe,NULL,NULL,5326G-001,77900,77900.0,3,3,/api/uploads/aviandco/products/patek-philippe-complications-5326g-black-grey-21fe860e6b5f6b6d.png,https://www.aviandco.com/patek-philippe-complications-5326g-001-gray-dial-g05326g-001
avi-patek-philippe-complications-5396g-011-silver-dial-g05396g,mismatch,name;price;reference,"Patek Philippe Complications 5396G-011, Annual Calendar, White Gold, Silver Dial, 38 mm",Patek Philippe Complications,Patek Philippe,NULL,NULL,5396G-011,0,45900.0,3,3,/api/uploads/aviandco/products/5396g-001-005166b26dbdb180.jpg,https://www.aviandco.com/patek-philippe-complications-5396g-011-silver-dial-g05396g-011
avi-patek-philippe-complications-5396r-011-silver-dial-g05396r,mismatch,name;reference,"Patek Philippe Complications 5396R-011, Annual Calendar, Rose Gold, Silver Dial, 39 mm",Patek Philippe Complications,Patek Philippe,NULL,NULL,5396R-011,57900,57900.0,3,3,/api/uploads/aviandco/products/patek-philippe-complications-5396r-silver-1f7d238ec079dab5.png,https://www.aviandco.com/patek-philippe-complications-5396r-011-silver-dial-g05396r-011
avi-patek-philippe-complications-5396r-016-sunburst-sand-beige,mismatch,name;price;reference,"Patek Philippe Complications 5396R-016, 18K Rose Gold, Sunburst Sand Beige Dial, 38.5 mm (2026)",Patek Philippe Complications,Patek Philippe,NULL,NULL,5396R-016,0,70000.0,3,3,/api/uploads/aviandco/products/patek-philippe-complications-g05396r-spy-001-1-8b232661a596980e.jpg,https://www.aviandco.com/patek-philippe-complications-5396r-016-sunburst-sand-beige-dial-g05396r-spy-001
avi-patek-philippe-complications-5524g-001-blue-dial-g05524g-0,mismatch,name;reference,"Patek Philippe Complications 5524G-001, Dual Time Zone, White Gold, Blue Dial, 42 mm",Patek Philippe Complications,Patek Philippe,NULL,NULL,5524G-001,52900,52900.0,10,3,/api/uploads/aviandco/products/pp-complications-5524g-001-1-acf0ddd36f485124.jpg,https://www.aviandco.com/patek-philippe-complications-5524g-001-blue-dial-g05524g-001
avi-patek-philippe-complications-5524r-001-brown-dial-g05524r-,mismatch,name,"Patek Philippe Complications 5524R-001, Dual Time Zone, Rose Gold, Brown Sunburst Dial, 42 mm",There has been an error processing your request,Patek Philippe,NULL,NULL,,56900,0,3,0,/api/uploads/aviandco/products/patek-philippe-complications-5524r-brown-09ab82b3f3052838.png,https://www.aviandco.com/patek-philippe-complications-5524r-001-brown-dial-g05524r-001
avi-patek-philippe-complications-5905-1a-001-olive-green-dial-,mismatch,name;reference,"Patek Philippe Complications 5905/1A-001, Annual Calendar, Steel, Olive Green Sunburst Dial, 42 mm",Patek Philippe Complications,Patek Philippe,NULL,NULL,5905/1A-001,58900,58900.0,3,3,/api/uploads/aviandco/products/59051a-001-002-1-56b1b1ddf940b08c.jpg,https://www.aviandco.com/patek-philippe-complications-5905-1a-001-olive-green-dial-g05905-1a-001
avi-patek-philippe-complications-5905r-001-brown-dial-5905r-00,mismatch,name;reference,"Patek Philippe Complications 5905R-001, Annual Calendar, Chronograph, 18K Rose Gold, Brown Dial 42 mm",Patek Philippe Complications,Patek Philippe,NULL,NULL,5905R-001,62900,62900.0,3,3,/api/uploads/aviandco/products/patek-philippe-complications-5905r-006-1-8f6cdc19c8fa3bc7.jpg,https://www.aviandco.com/patek-philippe-complications-5905r-001-brown-dial-5905r-003
avi-patek-philippe-complications-5905r-010-blue-dial-5905r-007,mismatch,name;reference,"Patek Philippe Complications 5905R-010, Annual Calendar, 18K Rose Gold, Blue Index Dial, 42 mm",Patek Philippe Complications,Patek Philippe,NULL,NULL,5905R-010,69400,69400.0,12,3,/api/uploads/aviandco/products/patek-philippe-complications-5905r-004-1-1-1-3519a176dd420874.jpg,https://www.aviandco.com/patek-philippe-complications-5905r-010-blue-dial-5905r-007
avi-patek-philippe-complications-5930p-001-green-dial-5930p-00,mismatch,name;price;reference,"Patek Philippe Complications 5930P-001, World Time, Platinum, Green Opaline Dial, 40 mm",Patek Philippe Complications,Patek Philippe,NULL,NULL,5930P-001,83700,81700.0,11,3,/api/uploads/aviandco/products/patek-phillipe-complications-5930p-001-1-1-1-1-91573ff3a1d2dfb6.jpg,https://www.aviandco.com/patek-philippe-complications-5930p-001-green-dial-5930p-001
avi-patek-philippe-complications-5935a-001-rosegilt-dial-5935a,mismatch,name;reference,"Patek Philippe Complications 5935A-001, World Time, Steel, Rose-gilt Dial, 41 mm",Patek Philippe Complications,Patek Philippe,NULL,NULL,5935A-001,61900,61900.0,3,3,/api/uploads/aviandco/products/luxury-watch-patek-philippe-world-time-flyback-chronograph-steel-opali-e2c1707af26bb1c3.jpg,https://www.aviandco.com/patek-philippe-complications-5935a-001-rosegilt-dial-5935a-001
avi-patek-philippe-complications-5961p-001-blue-dial-5961p-003,mismatch,name;reference,"Patek Philippe Complications 5961P-001, Annual Calendar, Platinum, Baguette Diamond Bezel, Blue Baguette Dial, 40 mm",Patek Philippe Complications,Patek Philippe,NULL,NULL,5961P-001,148000,148000.0,3,3,/api/uploads/aviandco/products/pp-complications-5961p-001-1-1-c969c6a7801bd95f.jpg,https://www.aviandco.com/patek-philippe-complications-5961p-001-blue-dial-5961p-003
avi-patek-philippe-complications-5961r-010-black-diamond-dial-,mismatch,name;reference,"Patek Philippe Complications 5961R-010, 18K Rose Gold, Black Diamond Dial, Baguette Diamond Bezel, 40 mm",Patek Philippe Complications,Patek Philippe,NULL,NULL,5961R-010,163300,163300.0,3,3,/api/uploads/aviandco/products/patek-phlippe-complications-5961r-010-001-1-f7ad9f488d69e8ba.jpg,https://www.aviandco.com/patek-philippe-complications-5961r-010-black-diamond-dial-5961r-010-002
avi-patek-philippe-complications-7121-200g-001-white-gold-dial,mismatch,name;reference,"Patek Philippe Complications 7121/200G-001, Moon Phases, White Gold, Blue Dial, 33 mm",Patek Philippe Complications,Patek Philippe,NULL,NULL,7121/200G-001,389900,389900.0,3,3,/api/uploads/aviandco/products/4948r-001-36f49f5471de8ca3.jpg,https://www.aviandco.com/patek-philippe-complications-7121-200g-001-white-gold-dial-001
avi-patek-philippe-complications-7129j-001-lacquered-carmine-r,mismatch,name;price;reference,"Patek Philippe Complications 7129J-001, 18K Yellow Gold, World Time, Lacquered Carmine Red Dial, 36 mm (2026)",Patek Philippe Complications,Patek Philippe,NULL,NULL,7129J-001,0,65000.0,3,3,/api/uploads/aviandco/products/patek-philippe-complications-g07129j-spy-001-1-635e5e6610bf0eee.jpg,https://www.aviandco.com/patek-philippe-complications-7129j-001-lacquered-carmine-red-dial-g07129j-spy-001
avi-patek-philippe-complications-7150-250r-001-silver-dial-pkc,mismatch,name;price;reference,"Patek Philippe Complications 7150/250R, Chronograph, 18K Rose Gold, Silver Arabic Dial, 38 mm",Patek Philippe Complications,Patek Philippe,NULL,NULL,7150/250R-001,0,51100.0,3,3,/api/uploads/aviandco/products/7150-250r-001-1-e5b93cfce08a4d97.jpg,https://www.aviandco.com/patek-philippe-complications-7150-250r-001-silver-dial-pkcp07082
avi-patek-philippe-complications-7234g-001-blue-dial-g07234g-0,mismatch,name;reference,"Patek Philippe Complications 7234G-001, Dual Time Zone, White Gold, Blue Dial, 37 mm",Patek Philippe Complications,Patek Philippe,NULL,NULL,7234G-001,37900,37900.0,3,3,/api/uploads/aviandco/products/patek-philippe-complications-7234g-blue-291bb8bfdc6d5e27.png,https://www.aviandco.com/patek-philippe-complications-7234g-001-blue-dial-g07234g-001
avi-patek-philippe-complications-annual-calendar-4947-1a-001-b,mismatch,name;reference,"Patek Philippe Complications 4947/1A-001, Steel, Blue Dial, 38 mm",Patek Philippe Complications,Patek Philippe,NULL,NULL,4947/1A-001,43900,43900.0,11,3,/api/uploads/aviandco/products/49471a-002-1-9b2764f9cfaf7915.jpg,https://www.aviandco.com/patek-philippe-complications-annual-calendar-4947-1a-001-blue-dial-4947-1a-0404
avi-patek-philippe-complications-annual-calendar-4947g-010-whi,mismatch,name;price;reference,"Patek Philippe Complications 4947G-010, Annual Calendar, 18K White Gold, Diamond Bezel, White Dial, 38 mm",Patek Philippe Complications,Patek Philippe,NULL,NULL,4947G-010,0,49500.0,10,3,/api/uploads/aviandco/products/patek-philippe-complications-4947g-002-1-4b4ded0efaeef9e1.jpg,https://www.aviandco.com/patek-philippe-complications-annual-calendar-4947g-010-white-dial-4947g-002
avi-patek-philippe-complications-annual-calendar-5205g-001-sil,mismatch,name;reference,"Patek Philippe Complications 5205G-001, Annual Calendar, 18K White Gold, Silver Grey Dial, 40 mm",Patek Philippe Complications,Patek Philippe,NULL,NULL,5205G-001,33900,33900.0,3,3,/api/uploads/aviandco/products/patek-philippe-complications-5205g-005-1-6ea46497c5ca1dfc.jpg,https://www.aviandco.com/patek-philippe-complications-annual-calendar-5205g-001-silver-grey-dial-5205g-005
avi-patek-philippe-complications-rose-gold-skeleton-dial-watch,mismatch,name;reference,"Patek Philippe Complications 5180/1R-002, Rose Gold, Skeleton Dial, 39 mm",Patek Philippe Complications,Patek Philippe,NULL,NULL,5180/1R-002,84900,84900.0,11,3,/api/uploads/aviandco/products/51801r-001-1-1-1812fd8bc5092ead.jpg,https://www.aviandco.com/patek-philippe-complications-rose-gold-skeleton-dial-watch-g05180-1r-002
avi-patek-philippe-cubitus-5821-1a-001-olive-green-dial-5821-1,mismatch,name;price;reference,"Patek Philippe Cubitus 5821/1A-001, Stainless Steel, Sunburst Olive Green Dial, 45 mm",Patek Philippe Cubitus,Patek Philippe,NULL,NULL,5821/1A-001,0,107200.0,12,3,/api/uploads/aviandco/products/patek-philippe-cubitus-58211a-001-1-2-1-1-1-1-1-1-1-fbde3c1d9476432e.jpg,https://www.aviandco.com/patek-philippe-cubitus-5821-1a-001-olive-green-dial-5821-1a-009
avi-patek-philippe-cubitus-5821-1ar-001-blue-dial-5821-1ar-002,mismatch,name;reference,"Patek Philippe Cubitus 5821/1AR-001, Stainless Steel & 18K Rose Gold, Blue Dial, 45 mm",Patek Philippe Cubitus,Patek Philippe,NULL,NULL,5821/1AR-001,106900,106900.0,7,3,/api/uploads/aviandco/products/patek-philippe-cubitus-5821-1ar-002-1-c7ea13461dc7b03c.jpg,https://www.aviandco.com/patek-philippe-cubitus-5821-1ar-001-blue-dial-5821-1ar-002
avi-patek-philippe-cubitus-5822p-001-sunburst-blue-dial-5822p-,mismatch,name;reference,"Patek Philippe Cubitus 5822P-001, Platinum, Sunburst Blue Dial, 45 mm",Patek Philippe Cubitus,Patek Philippe,NULL,NULL,5822P-001,173500,173500.0,12,3,/api/uploads/aviandco/products/patek-philippe-cubitus-5822p-003-1-2-1-1-765304aae3c266e1.jpg,https://www.aviandco.com/patek-philippe-cubitus-5822p-001-sunburst-blue-dial-5822p-009
avi-patek-philippe-cubitus-5840p-001-openworked-dial-g05840p-s,mismatch,name;price;reference,"Patek Philippe Cubitus 5840P-001, Platinum, Openworked Dial, 45 mm (2026)",Patek Philippe Cubitus,Patek Philippe,NULL,NULL,5840P-001,0,200000.0,3,3,/api/uploads/aviandco/products/patek-philippe-cubitus-g05840p-spy-001-1-0a3057df25dd1321.jpg,https://www.aviandco.com/patek-philippe-cubitus-5840p-001-openworked-dial-g05840p-spy-001
avi-patek-philippe-cubitus-7128-1g-001-sunburst-blue-dial-7128,mismatch,name;price;reference,"Patek Philippe Cubitus 7128/1G-001, 18K White Gold, Sunburst Blue Dial, 40 mm",Patek Philippe Cubitus,Patek Philippe,NULL,NULL,7128/1G-001,140800,132700.0,3,3,/api/uploads/aviandco/products/patek-phillipe-cubitus-7128-1g-001-1-dc4ef7d2c6af9f2a.jpg,https://www.aviandco.com/patek-philippe-cubitus-7128-1g-001-sunburst-blue-dial-7128-1g-001
avi-patek-philippe-cubitus-7128-1r-001-sunburst-brown-index-di,mismatch,name;reference,"Patek Philippe Cubitus 7128/1R-001, 18K Rose Gold, Sunburst Brown Index Dial, 40 mm (2026)",Patek Philippe Cubitus,Patek Philippe,NULL,NULL,7128/1R-001,178600,178600.0,3,3,/api/uploads/aviandco/products/patek-phillipe-cubitus-7128-1r-001-1-3b9e7b6590ba675c.jpg,https://www.aviandco.com/patek-philippe-cubitus-7128-1r-001-sunburst-brown-index-dial-7128-1r-002
avi-patek-philippe-golden-ellipse-5738-001r-black-dial-g05738-,mismatch,name;reference,"Patek Philippe Golden Ellipse 5738R-002, Rose Gold, Black Dial, 39 mm",Patek Philippe Golden Ellipse,Patek Philippe,NULL,NULL,5738R-002,49900,49900.0,3,3,/api/uploads/aviandco/products/5738r-002-acffab0db2e87c0e.png,https://www.aviandco.com/patek-philippe-golden-ellipse-5738-001r-black-dial-g05738-2
avi-patek-philippe-golden-ellipse-5738-51g-white-gold-black-di,mismatch,name;reference,"Patek Philippe Golden Ellipse 5738/51G, White gold, Hand engraved Dial, 39 mm",Patek Philippe Golden Ellipse,Patek Philippe,NULL,NULL,5738/51G-001,86900,86900.0,3,3,/api/uploads/aviandco/products/g0573851g-001-bb08d21909ea5c74.png,https://www.aviandco.com/patek-philippe-golden-ellipse-5738-51g-white-gold-black-dial-g05738-001
avi-patek-philippe-golden-ellipse-5738g-001-sunburst-olive-gre,mismatch,name;price;reference,"Patek Philippe Golden Ellipse 5738G-001, 18K White Gold, Sunburst Olive Green Dial, 34.5 x 39.5 mm (2026)",Patek Philippe Golden Ellipse,Patek Philippe,NULL,NULL,5738G-001,0,50000.0,3,3,/api/uploads/aviandco/products/pate-philippe-golden-ellipse-g05738g-spy-001-1-ec6e0bbf46e0b8dc.jpg,https://www.aviandco.com/patek-philippe-golden-ellipse-5738g-001-sunburst-olive-green-dial-g05738g-spy-001
avi-patek-philippe-golden-ellipse-5738p-001-sunburst-blue-dial,mismatch,name;price;reference,"Patek Philippe Golden Ellipse 5738P-001, Platinum, Sunburst Blue Dial, 39 mm",Patek Philippe Golden Ellipse,Patek Philippe,NULL,NULL,5738P-001,0,38800.0,3,3,/api/uploads/aviandco/products/patek-philippe-golden-ellipse-5738p-001-1-4ec226a07c512f18.jpg,https://www.aviandco.com/patek-philippe-golden-ellipse-5738p-001-sunburst-blue-dial-5738p-001
avi-patek-philippe-gondolo-5100r-001-grey-dial-g05100r-002,mismatch,name,"Patek Philippe Gondolo 5100R-001, 18K Rose Gold, Grey Dial, 46 mm",This site can’t be reached,Patek Philippe,NULL,NULL,,0,0,3,0,/api/uploads/aviandco/products/patek-philippe-gondolo-5100r-001-1-1-1-1-d574e32d665122bc.jpg,https://www.aviandco.com/patek-philippe-gondolo-5100r-001-grey-dial-g05100r-002
avi-patek-philippe-gondolo-5135j-001-silver-dial-5135j-001,mismatch,name;price;reference,"Patek Philippe Gondolo 5135J-001, 18K Yellow Gold, Silver Dial, 51 mm",Patek Philippe Gondolo,Patek Philippe,NULL,NULL,5135J-001,0,30499.0,3,3,/api/uploads/aviandco/products/patek-philippe-gondolo-5135j-001-1-55024b97d64aee8f.jpg,https://www.aviandco.com/patek-philippe-gondolo-5135j-001-silver-dial-5135j-001
avi-patek-philippe-gondolo-7099r-001-diamond-dial-g07099r-001-,mismatch,name;price;reference,"Patek Philippe Gondolo 7099R-001, 18K Rose Gold, Diamond Dial, 38.9mm x 29.6mm",Patek Philippe Gondolo,Patek Philippe,NULL,NULL,7099R-001,0,86999.0,9,3,/api/uploads/aviandco/products/patek-philippe-gondolo-7099r-001-1-9cc74c389816379c.jpg,https://www.aviandco.com/patek-philippe-gondolo-7099r-001-diamond-dial-g07099r-001-spy001
avi-patek-philippe-grand-complications-5160-500g-001-silver-ar,mismatch,name;reference,"Patek Philippe Grand Complications 5160/500G-001, Perpetual Calendar, 18K White Gold, Silver Arabic Dial, 38 mm",Patek Philippe Grand Complications,Patek Philippe,NULL,NULL,5160/500G-001,183700,183700.0,3,3,/api/uploads/aviandco/products/patek-philippe-grand-complications-5160-001-1-73d94d6ed9fedad0.jpg,https://www.aviandco.com/patek-philippe-grand-complications-5160-500g-001-silver-arabic-dial-5160-001
avi-patek-philippe-grand-complications-5204g-001-green-dial-52,mismatch,name;reference,"Patek Philippe Grand Complications 5204G-001, Perpetual Calendar, White Gold, Green Dial, 40 mm",Patek Philippe Grand Complications,Patek Philippe,NULL,NULL,5204G-001,209900,209900.0,3,3,/api/uploads/aviandco/products/img-5212-d077e398eab7dc73.jpg,https://www.aviandco.com/patek-philippe-grand-complications-5204g-001-green-dial-5204g-001-1
avi-patek-philippe-grand-complications-5204g-010-sunburst-navy,mismatch,name;price;reference,"Patek Philippe Grand Complications 5204G-010, 18K White Gold, Sunburst Navy Blue Dial, 40 mm (2026)",Patek Philippe Grand Complications,Patek Philippe,NULL,NULL,5204G-010,0,400000.0,3,3,/api/uploads/aviandco/products/patek-philippe-grand-complications-g05204g-spy-001-1-cc7c69bf66d0cc9f.jpg,https://www.aviandco.com/patek-philippe-grand-complications-5204g-010-sunburst-navy-blue-dial-g05204g-spy-001
avi-patek-philippe-grand-complications-5208r-001-black-dial-52,mismatch,name;price;reference,"Patek Philippe Grand Complications 5208R-001, 18K Rose Gold, Black Dial, 42 mm",Patek Philippe Grand Complications,Patek Philippe,NULL,NULL,5208R-001,0,1299900.0,3,3,/api/uploads/aviandco/products/patek-philippe-grand-complications-5208r-001-1-1-cc0a0fa64c2956e3.jpg,https://www.aviandco.com/patek-philippe-grand-complications-5208r-001-black-dial-5208r-001
avi-patek-philippe-grand-complications-5236p-011-charcoal-grey,mismatch,name;price;reference,"Patek Philippe Grand Complications 5236P-011, Platinum, Charcoal Grey Dial, 41 mm (2026)",Patek Philippe Grand Complications,Patek Philippe,NULL,NULL,5236P-011,0,165000.0,3,3,/api/uploads/aviandco/products/patek-philippe-grand-complications-g05236p-spy-001-1-351b7eff3fba67c5.jpg,https://www.aviandco.com/patek-philippe-grand-complications-5236p-011-charcoal-grey-dial-g05236p-spy-001
avi-patek-philippe-grand-complications-5270g-014-blue-dial-527,mismatch,name;price;reference,"Patek Philippe Grand Complications 5270G-014, 18K White Gold, Blue Dial, 41 mm",Patek Philippe Grand Complications,Patek Philippe,NULL,NULL,5270G-014,0,147999.0,3,3,/api/uploads/aviandco/products/patek-philippe-grand-complications-5270g-014-002-1-5d324bddd2e7c3dc.jpg,https://www.aviandco.com/patek-philippe-grand-complications-5270g-014-blue-dial-5270g-014
avi-patek-philippe-grand-complications-5270j-001-silver-dial-g,mismatch,name;reference,"Patek Philippe Grand Complications 5270J-001, Perpetual Calendar, Yellow Gold, Silver Dial, 41 mm",Patek Philippe Grand Complications,Patek Philippe,NULL,NULL,5270J-001,158900,158900.0,3,3,/api/uploads/aviandco/products/patek-philippe-grand-complications-5270j-367370b116c618e7.png,https://www.aviandco.com/patek-philippe-grand-complications-5270j-001-silver-dial-g05270j-001
avi-patek-philippe-grand-complications-5270p-001-blue-blue-g05,mismatch,name;reference,"Patek Philippe Grand Complications 5370P-001, Perpetual Calendar, Platinum, Blue Dial, 41 mm",Patek Philippe Grand Complications,Patek Philippe,NULL,NULL,5370P-001,195900,195900.0,3,3,/api/uploads/aviandco/products/5370p-1-578ea0d51d13f31b.png,https://www.aviandco.com/patek-philippe-grand-complications-5270p-001-blue-blue-g05270p-001
avi-patek-philippe-grand-complications-5270p-001-salmon-dial-5,mismatch,name;reference,"Patek Philippe Grand Complications 5270P-001, Perpetual Calendar Chronograph, Platinum, Salmon Dial, 41 mm",Patek Philippe Grand Complications,Patek Philippe,NULL,NULL,5270P-001,178600,178600.0,3,3,/api/uploads/aviandco/products/patek-philippe-grand-complications-5270p-005-1-fe193805576eb04d.jpg,https://www.aviandco.com/patek-philippe-grand-complications-5270p-001-salmon-dial-5270p-005
avi-patek-philippe-grand-complications-5270p-015-g05270p-spy-0,mismatch,name;price;reference,"Patek Philippe Grand Complications 5270P-015, Platinum, Sunburst Charcoal Grey Dial, 41 mm (2026)",Patek Philippe Grand Complications,Patek Philippe,NULL,NULL,5270P-015,0,260000.0,3,3,/api/uploads/aviandco/products/patek-philippe-grand-complications-g05270p-spy-001-1-2f29771e81ead906.jpg,https://www.aviandco.com/patek-philippe-grand-complications-5270p-015-g05270p-spy-001
avi-patek-philippe-grand-complications-5270p-017-lacquered-red,mismatch,name,"Patek Philippe Grand Complications 5270P-017, Platinum, Lacquered Red Dial, 41 mm (2026)",This site can’t be reached,Patek Philippe,NULL,NULL,,0,0,3,0,/api/uploads/aviandco/products/patek-grand-complications-g05270p-spy-003-84c951a9a7fa43d9.jpg,https://www.aviandco.com/patek-philippe-grand-complications-5270p-017-lacquered-red-dial-g05270p-003
avi-patek-philippe-grand-complications-5271-11p-010-blue-dial-,mismatch,name;reference,"Patek Philippe Grand Complications 5271/11P-010, Perpetual Calendar, Platinum, Sapphire Bezel, Laquered Blue Dial, 41mm (2026)",Patek Philippe Grand Complications,Patek Philippe,NULL,NULL,5271/11P-010,607000,607000.0,3,3,/api/uploads/aviandco/products/patek-philippe-grand-complications-5271-11p-001-1-1-a8db85b9da740154.jpg,https://www.aviandco.com/patek-philippe-grand-complications-5271-11p-010-blue-dial-5271-11p-003
avi-patek-philippe-grand-complications-5271-12p-010-laquered-r,mismatch,name;reference,"Patek Philippe Grand Complications 5271/12P, Platinum, Lacquered Red Dial, 41 mm",Patek Philippe Grand Complications,Patek Philippe,NULL,NULL,5271/12P-010,598900,598900.0,3,3,/api/uploads/aviandco/products/5271-12p-001-1-6fb2218ca8561cb2.jpg,https://www.aviandco.com/patek-philippe-grand-complications-5271-12p-010-laquered-red-dial-g05271-12p-001
avi-patek-philippe-grand-complications-5320g-001-cream-dial-g0,mismatch,name;reference,"Patek Philippe Grand Complications 5320G-001, Perpetual Calendar, White Dial, Cream Dial, 40 mm",Patek Philippe Grand Complications,Patek Philippe,NULL,NULL,5320G-001,61900,61900.0,3,3,/api/uploads/aviandco/products/patek-philippe-grand-complications-5320g-cream-4522fcfc2846827a.png,https://www.aviandco.com/patek-philippe-grand-complications-5320g-001-cream-dial-g05320g-001
avi-patek-philippe-grand-complications-5320g-001-pink-salmon-d,mismatch,name;reference,"Patek Philippe Complications 5320G-011, Perpetual Calendar, 18K White Gold, Pink Salmon Dial, 40 mm",Patek Philippe Complications,Patek Philippe,NULL,NULL,5320G-011,83700,83700.0,3,3,/api/uploads/aviandco/products/patek-philippe-grand-complications-5320g-f24f393403698b36.png,https://www.aviandco.com/patek-philippe-grand-complications-5320g-001-pink-salmon-dial-5320g-002
avi-patek-philippe-grand-complications-5322g-001-navy-blue-dia,mismatch,name;price;reference,"Patek Philippe Grand Complications 5322G-001, 18K White Gold, Navy Blue Dial, 41 mm (2026)",Patek Philippe Grand Complications,Patek Philippe,NULL,NULL,5322G-001,0,300000.0,3,3,/api/uploads/aviandco/products/patek-philippe-grand-complications-g05322g-spy-001-1-b8455376de48ce3b.jpg,https://www.aviandco.com/patek-philippe-grand-complications-5322g-001-navy-blue-dial-g05322g-spy-001
avi-patek-philippe-grand-complications-5322g-010-textured-gree,mismatch,name;price;reference,"Patek Philippe Grand Complications 5322G-010, 18K White Gold, Textured Green Dial, 41 mm (2026)",Patek Philippe Grand Complications,Patek Philippe,NULL,NULL,5322G-010,0,300000.0,3,3,/api/uploads/aviandco/products/patek-philippe-grand-complications-g05322g-spy-002-1-ece20a2f5bfd1787.jpg,https://www.aviandco.com/patek-philippe-grand-complications-5322g-010-textured-green-dial-g05322g-spy-002
avi-patek-philippe-grand-complications-5327g-001-blue-arabic-d,mismatch,name;reference,"Patek Philippe Grand Complications 5327G-001, Perpetual Calendar, 18K White Gold, Sunburst Royal Blue Arabic Dial, 39mm",Patek Philippe Grand Complications,Patek Philippe,NULL,NULL,5327G-001,66400,66400.0,12,3,/api/uploads/aviandco/products/patek-philippe-grand-complicatons-5327g-001-1-5f6ef9e69c6280de.jpg,https://www.aviandco.com/patek-philippe-grand-complications-5327g-001-blue-arabic-dial-5327g-001
avi-patek-philippe-grand-complications-5327r-001-silver-dial-5,mismatch,name;reference;image_count,"Patek Philippe Grand Complications 5327R-001, Perpetual Calendar, 18K Rose Gold, Silver Dial, 39 mm",Patek Philippe Grand Complications,Patek Philippe,NULL,NULL,5327R-001,102900,102900.0,1,3,/api/uploads/aviandco/products/patek-philippe-grand-complications-5327r-001-1-829cf16798f4470c.jpg,https://www.aviandco.com/patek-philippe-grand-complications-5327r-001-silver-dial-5327r-001
avi-patek-philippe-grand-complications-5380g-001-ice-blue-dial,mismatch,name,"Patek Philippe Grand Complications 5308G-001, White Gold, Ice Blue Dial, 42 mm",This site can’t be reached,Patek Philippe,NULL,NULL,,3199900,0,3,0,/api/uploads/aviandco/products/patek-philippe-grand-complications-5308g-001-1-250609544790bc3a.jpg,https://www.aviandco.com/patek-philippe-grand-complications-5380g-001-ice-blue-dial-g05308g-001
avi-patek-philippe-grand-complications-5496p-014-brown-dial-54,mismatch,name;reference,"Patek Philippe Grand Complications 5496P-014, Perpetual Calendar, Platinum, Brown Index Dial, 39 mm",Patek Philippe Grand Complications,Patek Philippe,NULL,NULL,5496P-014,57900,57900.0,12,3,/api/uploads/aviandco/products/pp-grand-complications-5496p-014-1-6c8337990c65b07f.jpg,https://www.aviandco.com/patek-philippe-grand-complications-5496p-014-brown-dial-5496p-014-001
avi-patek-philippe-grand-complications-5971p-001-black-dial-59,mismatch,name;reference,"Patek Philippe Grand Complications 5971P-001, Platinum, Black Dial, Diamond Bezel, 40 mm",Patek Philippe Grand Complications,Patek Philippe,NULL,NULL,5971P-001,459000,459000.0,8,3,/api/uploads/aviandco/products/patek-philippe-grand-complications-5971p-001-1-6579e7dff5a1f5fb.jpg,https://www.aviandco.com/patek-philippe-grand-complications-5971p-001-black-dial-5971p-001
avi-patek-philippe-grand-complications-6105g-001-celestial-bla,mismatch,name;price;reference,"Patek Philippe Grand Complications 6105G-001, ""Celestial Sunrise and Sunset"", 18K White Gold, Black Dial, 47 mm (2026)",Patek Philippe Grand Complications,Patek Philippe,NULL,NULL,6105G-001,0,450000.0,3,3,/api/uploads/aviandco/products/patek-philippe-grand-complications-g06105g-spy-001-1-baa213c27e22468e.jpg,https://www.aviandco.com/patek-philippe-grand-complications-6105g-001-celestial-black-dial-g06105g-spy-001
avi-patek-philippe-grand-complications-7047g-001-navy-blue-dia,mismatch,name;price;reference,"Patek Philippe Grand Complications 7047G-001, 18K White Gold, Navy Blue Dial, 38 mm (2026)",Patek Philippe Grand Complications,Patek Philippe,NULL,NULL,7047G-001,0,600000.0,3,3,/api/uploads/aviandco/products/rolex-grand-complications-g07047g-spy-001-1-1-936f36cf8f1fba63.jpg,https://www.aviandco.com/patek-philippe-grand-complications-7047g-001-navy-blue-dial-g07047g-spy-001
avi-patek-philippe-grand-complications-7140g-001-silver-dial-g,mismatch,name;reference,"Patek Philippe Grand Complications 7140G-001, Perpetual Calendar, White Gold, Silver Dial, 35 mm",Patek Philippe Grand Complications,Patek Philippe,NULL,NULL,7140G-001,81900,81900.0,3,3,/api/uploads/aviandco/products/patek-philippe-grand-complications-7140g-1ff9a33794a486f4.jpg,https://www.aviandco.com/patek-philippe-grand-complications-7140g-001-silver-dial-g07140g-001
avi-patek-philippe-grand-complications-7140r-001-silver-dial-7,mismatch,name;reference,"Patek Philippe Grand Complications 7140R-001, Perpetual Calendar,18K Rose Gold, Silver Dial, 35 mm",Patek Philippe Grand Complications,Patek Philippe,NULL,NULL,7140R-001,77900,77900.0,3,3,/api/uploads/aviandco/products/7140r-001--86753-2efe9adbf91df164.jpg,https://www.aviandco.com/patek-philippe-grand-complications-7140r-001-silver-dial-7140r-001
avi-patek-philippe-grand-complications-g05236p-platinum-rose-g,mismatch,name;reference,"Patek Philippe Grand Complications 5236P, Platinum, Rose-gilt Dial, 41 mm",Patek Philippe Grand Complications,Patek Philippe,NULL,NULL,5236P-010,97900,97900.0,3,3,/api/uploads/aviandco/products/g05236p-010-1-d194902e6cbf7c77.jpg,https://www.aviandco.com/patek-philippe-grand-complications-g05236p-platinum-rose-gilt-dial-41-mm
avi-patek-philippe-grand-complications-g05520rg-rose-gold-silv,mismatch,name;reference,"Patek Philippe Grand Complications 5520RG, Rose Gold, Silvery Opaline Dial, 38 mm",Patek Philippe Grand Complications,Patek Philippe,NULL,NULL,5160/500R-001,208900,208900.0,3,3,/api/uploads/aviandco/products/5160-500r-001-53201c7520645f6f.jpg,https://www.aviandco.com/patek-philippe-grand-complications-g05520rg-rose-gold-silvery-opaline-dial-38-mm
avi-patek-philippe-grand-complications-g05520rg-rose-white-gol,mismatch,name;reference,"Patek Philippe Grand Complications 5520RG, Rose & White Gold, Gray Sunburst Dial, 42 mm",Patek Philippe Grand Complications,Patek Philippe,NULL,NULL,5520RG-001,174900,174900.0,3,3,/api/uploads/aviandco/products/g05520rg-001-c7ec939beda86939.jpg,https://www.aviandco.com/patek-philippe-grand-complications-g05520rg-rose-white-gold-gray-sunburst-dial-42-mm
avi-patek-philippe-grand-complications-rose-gold-black-dial-ce,mismatch,name;reference,"Patek Philippe Grand Complications 6102R-001, Celestial Moon Age, Rose Gold, Black Dial, 44 mm",Patek Philippe Grand Complications,Patek Philippe,NULL,NULL,6102R-001,384900,384900.0,3,3,/api/uploads/aviandco/products/grand-complication-d4e71c3b3e93e2bc.jpg,https://www.aviandco.com/patek-philippe-grand-complications-rose-gold-black-dial-celestial-age-44mm-watch-g06102r-01
avi-patek-philippe-grand-complications-skeleton-dial-g05316-50,mismatch,name;reference,"Patek Philippe Grand Complications 5316/50P-001, Platinum, Skeleton Dial, 40 mm",Patek Philippe Grand Complications,Patek Philippe,NULL,NULL,5316/50P-001,1949900,1949900.0,3,3,/api/uploads/aviandco/products/patek-philippe-complications-g05316-50p-001-1-8c98ba438e569efe.jpg,https://www.aviandco.com/patek-philippe-grand-complications-skeleton-dial-g05316-50p-001-001
avi-patek-philippe-natilus-7010-1r-010-grey-dial-g07010-1r-11,mismatch,name;price;reference,"Patek Philippe Nautilus 7010/1R-010, 18K Rose Gold, Diamond Bezel, Grey Dial, 32 mm",Patek Philippe Nautilus,Patek Philippe,NULL,NULL,7010/1R-010,0,79900.0,3,3,/api/uploads/aviandco/products/patek-philippe-nautilus-7010-1r-010-1-3ce1dfd213917447.jpg,https://www.aviandco.com/patek-philippe-natilus-7010-1r-010-grey-dial-g07010-1r-11
avi-patek-philippe-nautilus-3710-1a-001-black-dial-g03710-1a-0,mismatch,name;price;reference,"Patek Philippe Nautilus 3710/1A-001, Stainless Steel, Black Dial, 42 mm",Patek Philippe Nautilus,Patek Philippe,NULL,NULL,3710/1A-001,0,79900.0,3,3,/api/uploads/aviandco/products/patek-philippe-nautilus-g03710-1a-001-1-f8e90dae67984fc5.jpg,https://www.aviandco.com/patek-philippe-nautilus-3710-1a-001-black-dial-g03710-1a-001
avi-patek-philippe-nautilus-3711-1g-001-black-dial-g03711-1g-0,mismatch,name,"Patek Philippe Nautilus 3711/1G-001, White Gold, Black Dial, 42 mm",This site can’t be reached,Patek Philippe,NULL,NULL,,0,0,3,0,/api/uploads/aviandco/products/patek-philippe-nautilis-g03711-1g-001-001-1-8c199948856e9086.jpg,https://www.aviandco.com/patek-philippe-nautilus-3711-1g-001-black-dial-g03711-1g-001-001
avi-patek-philippe-nautilus-3800-1-pave-dial-3800-1-001,mismatch,name,"Patek Philippe Nautilus 3800/1, 18K Yellow Gold, Diamond Bezel, Pave Dial, 38 mm",This site can’t be reached,Patek Philippe,NULL,NULL,,0,0,12,0,/api/uploads/aviandco/products/patek-phillipe-nautilus-3800-1-001-1-4ab383220a4a40ab.jpg,https://www.aviandco.com/patek-philippe-nautilus-3800-1-pave-dial-3800-1-001
avi-patek-philippe-nautilus-3800-1j-pave-dial-3800-1j-001,mismatch,name,"Patek Philippe Nautilus 3800/1J, 18K Yellow Gold, Pave Dial, 38 mm",This site can’t be reached,Patek Philippe,NULL,NULL,,0,0,12,0,/api/uploads/aviandco/products/patek-phillipe-nautilus-3800-1j-001-1-a906230b23772cc4.jpg,https://www.aviandco.com/patek-philippe-nautilus-3800-1j-pave-dial-3800-1j-001
avi-patek-philippe-nautilus-3800-400g-001-white-dial-g03800-40,mismatch,name,"Patek Philippe Nautilus 3800/400G-001, White Gold, White Dial, 37 mm",This site can’t be reached,Patek Philippe,NULL,NULL,,0,0,3,0,/api/uploads/aviandco/products/patek-philippe-3800-400g-001-001-1-a38bd333f6d140dc.jpg,https://www.aviandco.com/patek-philippe-nautilus-3800-400g-001-white-dial-g03800-400g-001-001
avi-patek-philippe-nautilus-40mm-18k-rose-gold-chronograph-wat,mismatch,name;price;reference,"Patek Philippe Nautilus 5980/1R-001, 18K Rose Gold, ""Single Sealed"", Black Dial, 40 mm",Patek Philippe Nautilus,Patek Philippe,NULL,NULL,5980/1R-001,239800,234700.0,12,3,/api/uploads/aviandco/products/patek-phillipe-nautilus-5980-1r-001-1-1-1-1-755b2f27917c5dba.jpg,https://www.aviandco.com/patek-philippe-nautilus-40mm-18k-rose-gold-chronograph-watch-5980-1r-001-07089
avi-patek-philippe-nautilus-5711-110p-001-grey-dial-g05711-110,mismatch,name;price;reference,"Patek Philippe Nautilus 5711/110P-001, Platinum, Grey Dial, 39 mm",Patek Philippe Nautilus,Patek Philippe,NULL,NULL,5711/110P-001,0,584900.0,3,3,/api/uploads/aviandco/products/patek-philippe-nautilus-5711-110p-001-001-1-b21d9da6a1d7572f.jpg,https://www.aviandco.com/patek-philippe-nautilus-5711-110p-001-grey-dial-g05711-110p-001-001
avi-patek-philippe-nautilus-5711-111p-black-dial-g05711-111p-0,mismatch,name;price;reference,"Patek Philippe Nautilus 5711/111P, Platinum, Black Dial, 40 mm",Patek Philippe Nautilus,Patek Philippe,NULL,NULL,5711/111P,0,849900.0,3,3,/api/uploads/aviandco/products/patek-philippe-nautilus-g05711-111p-001-e3fab210b091ae6f.jpg,https://www.aviandco.com/patek-philippe-nautilus-5711-111p-black-dial-g05711-111p-001
avi-patek-philippe-nautilus-5711-112p-001-grey-dial-5711-112p-,mismatch,name;price;reference,"Patek Philippe Nautilus 5711/112P-001, Platinum, Ruby Bezel, Grey Dial, 40 mm",Patek Philippe Nautilus,Patek Philippe,NULL,NULL,5711/112P-001,0,899900.0,3,3,/api/uploads/aviandco/products/patek-philippe-nautilus-5711-112p-001-b58ded62ec911c54.jpg,https://www.aviandco.com/patek-philippe-nautilus-5711-112p-001-grey-dial-5711-112p-001
avi-patek-philippe-nautilus-5711-113p-001-black-dial-g05711-11,mismatch,name;reference,"Patek Philippe Nautilus 5711/113P-001, Platinum, Black Dial, 40 mm",Patek Philippe Nautilus,Patek Philippe,NULL,NULL,5711/113P-001,1549900,1549900.0,3,3,/api/uploads/aviandco/products/patek-philippe-nautilus-g05711-113p-001-001-1-f50e2f3447e31c0b.jpg,https://www.aviandco.com/patek-philippe-nautilus-5711-113p-001-black-dial-g05711-113p-001
avi-patek-philippe-nautilus-5711-1a-011-white-index-dial-5711-,mismatch,name;reference,"Patek Philippe Nautilus 5711/1A-011, Stainless Steel, White Index Dial, 40 mm",Patek Philippe Nautilus,Patek Philippe,NULL,NULL,5711/1A-011,130600,130600.0,3,3,/api/uploads/aviandco/products/5711-1a-006-1-274a40af7597d6f1.jpg,https://www.aviandco.com/patek-philippe-nautilus-5711-1a-011-white-index-dial-5711-1a-023
avi-patek-philippe-nautilus-5711-1a-014-green-dial-5711-1a-017,mismatch,name;reference,"Patek Philippe Nautilus 5711/1A-014, Stainless Steel, Olive Green Index Dial, 40 mm",Patek Philippe Nautilus,Patek Philippe,NULL,NULL,5711/1A-014,250000,250000.0,3,3,/api/uploads/aviandco/products/patek-philippe-nautilus-5711-1a-017-1-70d9ff0c911dedbe.jpg,https://www.aviandco.com/patek-philippe-nautilus-5711-1a-014-green-dial-5711-1a-017
avi-patek-philippe-nautilus-5711-1a-blue-dial-5711-1a-019,mismatch,name;price;reference,"Patek Philippe Nautilus 5711/1A-010, Stainless Steel, Blue Dial, 40 mm",Patek Philippe Nautilus,Patek Philippe,NULL,NULL,5711/1A-010,0,137800.0,12,3,/api/uploads/aviandco/products/patek-philippe-nautilus-5711-1a-013-1-1-5445ccdab23ff4b2.jpg,https://www.aviandco.com/patek-philippe-nautilus-5711-1a-blue-dial-5711-1a-019
avi-patek-philippe-nautilus-5711-1r-001-brown-dial-g05711-1r-0,mismatch,name;reference,"Patek Philippe Nautilus 5711/1R, 18K Rose Gold, Brown Index Dial, 40 mm",Patek Philippe Nautilus,Patek Philippe,NULL,NULL,5711/1R-001,205900,205900.0,3,3,/api/uploads/aviandco/products/patek-philippe-nautilus-5711-1r-brown-1-2-1-1-1-f920a2a167f5ebce.jpg,https://www.aviandco.com/patek-philippe-nautilus-5711-1r-001-brown-dial-g05711-1r-007
avi-patek-philippe-nautilus-5712-1a-001-steel-blue-dial-5712-1,mismatch,name;reference,"Patek Philippe Nautilus 5712/1A-001, Moonphase, Stainless Steel, Blue Index Dial, 40 mm",Patek Philippe Nautilus,Patek Philippe,NULL,NULL,5712/1A-001,130600,130600.0,3,3,/api/uploads/aviandco/products/1-1-4-1-1-1-faf56a8b55c950e4.jpg,https://www.aviandco.com/patek-philippe-nautilus-5712-1a-001-steel-blue-dial-5712-1a-017
avi-patek-philippe-nautilus-5712-1a-001-tiffany-stamp-blue-ind,mismatch,name;reference,"Patek Philippe Nautilus 5712/1A-001, Tiffany Stamp, Moonphase, Stainless Steel, Blue Index Dial, 40 mm",Patek Philippe Nautilus,Patek Philippe,NULL,NULL,5712/1A-001,250000,250000.0,7,3,/api/uploads/aviandco/products/patek-philippe-nautilus-5712-1a-016-1-1-d2ca74ff520e177d.jpg,https://www.aviandco.com/patek-philippe-nautilus-5712-1a-001-tiffany-stamp-blue-index-dial-5712-1a-016
avi-patek-philippe-nautilus-5712-1r-brown-dial-5712-1r-011,mismatch,name;price;reference,"Patek Philippe Nautilus 5712/1R-001, 18K Rose Gold, Brown Dial, 40 mm",Patek Philippe Nautilus,Patek Philippe,NULL,NULL,5712/1R-001,285700,280600.0,9,3,/api/uploads/aviandco/products/patek-philippe-nautilus-5712-1r-001-001-1-1-cfdc05ddf81e421b.jpg,https://www.aviandco.com/patek-philippe-nautilus-5712-1r-brown-dial-5712-1r-011
avi-patek-philippe-nautilus-5712g-001-grey-dial-5712g-001-005,mismatch,name;reference,"Patek Philippe Nautilus 5712G-001, 18K White Gold, Grey Dial, 40 mm",Patek Philippe Nautilus,Patek Philippe,NULL,NULL,5712G-001,81700,81700.0,3,3,/api/uploads/aviandco/products/patek-philippe-nautilus-5712g-001-002-1-1-66a2281f9d13ba29.jpg,https://www.aviandco.com/patek-philippe-nautilus-5712g-001-grey-dial-5712g-001-005
avi-patek-philippe-nautilus-5712r-001-brown-dial-g05712r-001-0,mismatch,name;reference,"Patek Philippe Nautilus 5712R-001, Moon Phases, 18K Rose Gold, Black Brown, Index Dial, 40 mm",Patek Philippe Nautilus,Patek Philippe,NULL,NULL,5712R-001,119900,119900.0,3,3,/api/uploads/aviandco/products/patek-philippe-nautilus-5712r-001-1-19e0a88870e58984.jpg,https://www.aviandco.com/patek-philippe-nautilus-5712r-001-brown-dial-g05712r-001-003
avi-patek-philippe-nautilus-5719-1g-001-diamond-pave-dial-5719,mismatch,name,"Patek Philippe Nautilus 5719/1G-001, 18K White Gold, Diamond Pave Dial, 40 mm",This site can’t be reached,Patek Philippe,NULL,NULL,,600000,0,3,0,/api/uploads/aviandco/products/patek-philippe-nautilus-5719-1g-001-002-1-38106226cdbc6892.jpg,https://www.aviandco.com/patek-philippe-nautilus-5719-1g-001-diamond-pave-dial-5719-1g-001-002
avi-patek-philippe-nautilus-5723-1r-001-gold-dial-5723-1r-001,mismatch,name,"Patek Philippe Nautilus 5723/1R-001, 18K Rose Gold, Gold Dial, Diamond Bezel, 42 mm",This site can’t be reached,Patek Philippe,NULL,NULL,,0,0,10,0,/api/uploads/aviandco/products/patek-philippe-nautilus-5723-1r-001-1-1-fd88cabedec45252.jpg,https://www.aviandco.com/patek-philippe-nautilus-5723-1r-001-gold-dial-5723-1r-001
avi-patek-philippe-nautilus-5740-1g-001-blue-dial-5740-1g-001-,mismatch,name,"Patek Philippe Nautilus 5740/1G-001, Perpetual Calendar, 18K White Gold, Blue Dial, 40 mm, (2025)",This site can’t be reached,Patek Philippe,NULL,NULL,,279900,0,10,0,/api/uploads/aviandco/products/patek-philippe-nautilus-5740-1g-001-007-1-2aac4b8dbf9b30ed.jpg,https://www.aviandco.com/patek-philippe-nautilus-5740-1g-001-blue-dial-5740-1g-001-014
avi-patek-philippe-nautilus-5810-1g-001-sunburst-blue-dial-g05,mismatch,name;price;reference,"Patek Philippe Nautilus 5810/1G-001, 18K White Gold, Sunburst Blue Dial, 41 mm (2026)",Patek Philippe Nautilus,Patek Philippe,NULL,NULL,5810/1G-001,0,100000.0,3,3,/api/uploads/aviandco/products/patek-philippe-nautilus-g05810-1g-spy-001-1-40d41090853c943e.jpg,https://www.aviandco.com/patek-philippe-nautilus-5810-1g-001-sunburst-blue-dial-g05810-1g-spy-001
avi-patek-philippe-nautilus-5810g-001-sunburst-blue-dial-g0581,mismatch,name;price;reference,"Patek Philippe Nautilus 5810G-001, 18K White Gold, Sunburst Blue Dial, 41 mm (2026)",Patek Philippe Nautilus,Patek Philippe,NULL,NULL,5810G-001,0,85000.0,3,3,/api/uploads/aviandco/products/patek-philippe-nautilus-g05810g-spy-001-1-dfd0334391cacc6c.jpg,https://www.aviandco.com/patek-philippe-nautilus-5810g-001-sunburst-blue-dial-g05810g-spy-001
avi-patek-philippe-nautilus-5811-1g-blue-dial-5811-1g-009,mismatch,name;price;reference,"Patek Philippe Nautilus 5811/1G, 18K White Gold, Blue Index Dial, 41 mm",Patek Philippe Nautilus,Patek Philippe,NULL,NULL,5811/1G,0,176500.0,3,3,/api/uploads/aviandco/products/5811-1g-001-1-1-1-1-1-1-8d59712692d2ac80.jpg,https://www.aviandco.com/patek-philippe-nautilus-5811-1g-blue-dial-5811-1g-009
avi-patek-philippe-nautilus-5976-1g-blue-diamond-dial-5976-1g-,mismatch,name;price;reference,"Patek Philippe Nautilus 5976/1G, ""40th Anniversary"", 18K White Gold, Blue Diamond Dial, 44 mm",Patek Philippe Nautilus,Patek Philippe,NULL,NULL,5976/1G,0,346900.0,12,3,/api/uploads/aviandco/products/patek-philippe-nautilus-5976-1g-005-1-4ffd16549136ee2d.jpg,https://www.aviandco.com/patek-philippe-nautilus-5976-1g-blue-diamond-dial-5976-1g-005
avi-patek-philippe-nautilus-5980-1a-001-blue-dial-5980-1a-001,mismatch,name;reference,"Patek Philippe Nautilus 5980/1A-001, Stainless Steel, Blue Dial, 40 mm",Patek Philippe Nautilus,Patek Philippe,NULL,NULL,5980/1A-001,124900,124900.0,3,3,/api/uploads/aviandco/products/patek-philippe-nautilus-5980-1a-001-1-4305eaa1e33cf055.jpg,https://www.aviandco.com/patek-philippe-nautilus-5980-1a-001-blue-dial-5980-1a-001
avi-patek-philippe-nautilus-5980-1ar-001-blue-dial-5980-1ar-00,mismatch,name;price;reference,"Patek Philippe Nautilus 5980/1AR-001, Stainless Steel & 18K Rose Gold, Blue Dial, 40 mm",Patek Philippe Nautilus,Patek Philippe,NULL,NULL,5980/1AR-001,132700,131100.0,3,3,/api/uploads/aviandco/products/patek-phillipe-nautilus-59801ar-004-1-1-90b539dd8ee86f28.jpg,https://www.aviandco.com/patek-philippe-nautilus-5980-1ar-001-blue-dial-5980-1ar-007
avi-patek-philippe-nautilus-5980-60g-001-blue-dial-5980-60g-00,mismatch,name;price;reference,"Patek Philippe Nautilus 5980/60G-001, 18K White Gold, Blue-gray Dial, 40 mm",Patek Philippe Nautilus,Patek Philippe,NULL,NULL,5980/60G-001,0,193900.0,3,3,/api/uploads/aviandco/products/patek-phillipe-nautilus-5980-60g-001-1-1-1-1-1-ce69f99d69b07a53.jpg,https://www.aviandco.com/patek-philippe-nautilus-5980-60g-001-blue-dial-5980-60g-005
avi-patek-philippe-nautilus-5980r-001-chocolate-dial-pknt-7329,mismatch,name;price;reference,"Patek Philippe Nautilus 5980R-001, Tiffany Stamp, 18K Rose Gold, Brown Index Dial, 40 mm",Patek Philippe Nautilus,Patek Philippe,NULL,NULL,5980R-001,199000,188800.0,3,3,/api/uploads/aviandco/products/f-ptk-tiffnautlschrgrph-rosgldbrwndil-5980r--11-08-32af7fb020310d2d.jpg,https://www.aviandco.com/patek-philippe-nautilus-5980r-001-chocolate-dial-pknt-7329
avi-patek-philippe-nautilus-5990-1400g-001-black-diamond-dial-,mismatch,name,"Patek Philippe Nautilus 5990/1400G-001, 18K White Gold, Diamond Bezel, Black Diamond Dial, 40 mm",There has been an error processing your request,Patek Philippe,NULL,NULL,,0,0,4,0,/api/uploads/aviandco/products/patek-philippe-nautilus-time-travel-5990-gem-set-1-1-9826b0e57c7c907a.jpg,https://www.aviandco.com/patek-philippe-nautilus-5990-1400g-001-black-diamond-dial-5990-1400g-001
avi-patek-philippe-nautilus-5990-1423g-001-charcoal-gray-dial-,mismatch,name;price;reference,"Patek Philippe Nautilus 5990/1423G-001, 18K White Gold, Charcoal Gray Dial, 41 mm",Patek Philippe Nautilus,Patek Philippe,NULL,NULL,5990/1423G-001,0,2800000.0,3,3,/api/uploads/aviandco/products/patek-philippe-nautilus-5990-1423g-001-1-a6708fe6ce7b207b.jpg,https://www.aviandco.com/patek-philippe-nautilus-5990-1423g-001-charcoal-gray-dial-g0-5990-1423-001
avi-patek-philippe-nautilus-5990-1a-001-black-dial-g05990-1a-0,mismatch,name;reference,"Patek Philippe Nautilus 5990/1A-001, Stainless Steel, Black Dial, 40 mm",Patek Philippe Nautilus,Patek Philippe,NULL,NULL,5990/1A-001,134700,134700.0,5,3,/api/uploads/aviandco/products/patek-phillipe-nautilus-5990-1a-011-1-5209b37ba10fe760.jpg,https://www.aviandco.com/patek-philippe-nautilus-5990-1a-001-black-dial-g05990-1a-011
avi-patek-philippe-nautilus-5990-1a-001-black-index-dial-5990-,mismatch,name;reference,"Patek Philippe Nautilus 5990/1A-001, Stainless Steel, Black Index Dial, 40 mm",Patek Philippe Nautilus,Patek Philippe,NULL,NULL,5990/1A-001,122500,122500.0,3,3,/api/uploads/aviandco/products/patek-phillipe-nautilus-5990-1a-011-1-2-04c779751769ee45.jpg,https://www.aviandco.com/patek-philippe-nautilus-5990-1a-001-black-index-dial-5990-1a-014
avi-patek-philippe-nautilus-5990-1a-011-blue-dial-g05990-1a-01,mismatch,name;reference,"Patek Philippe Nautilus 5990/1A-011, Stainless Steel, Blue Index Dial 40 mm",Patek Philippe Nautilus,Patek Philippe,NULL,NULL,5990/1A-011,172900,172900.0,9,3,/api/uploads/aviandco/products/pp-nautilus-5990-1a-011-blue-1-3-1-1-180fa1df5070769e.jpg,https://www.aviandco.com/patek-philippe-nautilus-5990-1a-011-blue-dial-g05990-1a-011-001
avi-patek-philippe-nautilus-5990-1r-001-blue-index-dial-5990-1,mismatch,name;price;reference,"Patek Philippe Nautilus 5990/1R-001, 18K Rose Gold, Blue Index Dial, 40 mm",Patek Philippe Nautilus,Patek Philippe,NULL,NULL,5990/1R-001,0,306100.0,3,3,/api/uploads/aviandco/products/patek-philippe-nautilis-5990-1r-1-2-1-1-2-2-321fe9eb07f43016.jpg,https://www.aviandco.com/patek-philippe-nautilus-5990-1r-001-blue-index-dial-5990-1r-024
avi-patek-philippe-nautilus-7010-1g-010-001-grey-dial-7010-1g-,mismatch,name;reference,"Patek Philippe Nautilus 7010/1G-010, 18K White Gold, Diamond Bezel, Grey Dial, 32 mm",Patek Philippe Nautilus,Patek Philippe,NULL,NULL,7010/1G-010,74900,74900.0,3,3,/api/uploads/aviandco/products/patek-philippe-nautilus-7010-1g-010-001-6c8190c8a7f22aef.jpg,https://www.aviandco.com/patek-philippe-nautilus-7010-1g-010-001-grey-dial-7010-1g-001
avi-patek-philippe-nautilus-7010-1g-013-azure-blue-dial-7010-1,mismatch,name;reference,"Patek Philippe Nautilus 7010/1G-013, 18K White Gold, Diamond Bezel, Azure Blue Wave Dial, 32 mm (2026)",Patek Philippe Nautilus,Patek Philippe,NULL,NULL,7010/1G-013,112300,112300.0,3,3,/api/uploads/aviandco/products/patek-philippe-nautilus-7010-1g-013-001-1-1-1-92e62452c4872402.jpg,https://www.aviandco.com/patek-philippe-nautilus-7010-1g-013-azure-blue-dial-7010-1g-005
avi-patek-philippe-nautilus-7010-1r-011-silver-dial-g07010-1r-,mismatch,name;reference,"Patek Philippe Nautilus 7010/1R-011, Rose Gold, Silver Dial, 32 mm",Patek Philippe Nautilus,Patek Philippe,NULL,NULL,7010/1R-011,103900,103900.0,9,3,/api/uploads/aviandco/products/patek-philippe-nautilus-7010-1r-011-1-f782390a652a6091.jpg,https://www.aviandco.com/patek-philippe-nautilus-7010-1r-011-silver-dial-g07010-1r-011
avi-patek-philippe-nautilus-7010-1r-013-purple-dial-7010-1r-01,mismatch,name;price;reference,"Patek Philippe Nautilus 7010/1R-013, 18K Rose Gold, Diamond Bezel, Purple Dial, 32 mm",Patek Philippe Nautilus,Patek Philippe,NULL,NULL,7010/1R-013,0,148000.0,12,3,/api/uploads/aviandco/products/7010r-002-1-3-1-1-1-fa7e66ded9748593.jpg,https://www.aviandco.com/patek-philippe-nautilus-7010-1r-013-purple-dial-7010-1r-013
avi-patek-philippe-nautilus-7010g-013-azure-blue-dial-7010g-01,mismatch,name;price;reference,"Patek Philippe Nautilus 7010G-013, 18K White Gold, Azure Blue Dial, 32 mm",Patek Philippe Nautilus,Patek Philippe,NULL,NULL,7010G-013,0,81700.0,4,3,/api/uploads/aviandco/products/patek-philippe-nautilus-7010g-013-001-1-1-438176be2fd9bf0a.jpg,https://www.aviandco.com/patek-philippe-nautilus-7010g-013-azure-blue-dial-7010g-013-001
avi-patek-philippe-nautilus-7010r-011-silver-dial-g07010r-011,mismatch,name;reference,"Patek Philippe Nautilus 7010R-011, Rose Gold, Diamond Bezel, Silver Dial, 32 mm",Patek Philippe Nautilus,Patek Philippe,NULL,NULL,7010R-011,64900,64900.0,9,3,/api/uploads/aviandco/products/pp-nautilus-7010r-011-silver-1-37f83012c1a65d57.jpg,https://www.aviandco.com/patek-philippe-nautilus-7010r-011-silver-dial-g07010r-011
avi-patek-philippe-nautilus-7010r-013-purple-dial-7010r-013-00,mismatch,name;price;reference,"Patek Philippe Nautilus 7010R-013, 18K Rose Gold, Diamond Bezel, Purple Dial, 32 mm",Patek Philippe Nautilus,Patek Philippe,NULL,NULL,7010R-013,81700,79600.0,3,3,/api/uploads/aviandco/products/patek-philippe-nautilus-7010r-001-1-181d78751e7737f1.jpg,https://www.aviandco.com/patek-philippe-nautilus-7010r-013-purple-dial-7010r-013-005
avi-patek-philippe-nautilus-7118-1200a-001-blue-index-dial-711,mismatch,name;reference,"Patek Philippe Nautilus 7118/1200A-001, Stainless Steel, Diamond Bezel, Blue Index Dial, 35 mm (2026)",Patek Philippe Nautilus,Patek Philippe,NULL,NULL,7118/1200A-001,117400,117400.0,12,3,/api/uploads/aviandco/products/patek-philippe-nautilus-7118-1200a-007-1-1-86dd9ed1b0271210.jpg,https://www.aviandco.com/patek-philippe-nautilus-7118-1200a-001-blue-index-dial-7118-1200a-009
avi-patek-philippe-nautilus-7118-1200a-010-silver-dial-g07118-,mismatch,name;reference,"Patek Philippe Nautilus 7118/1200A-010, Stainless Steel, Silver Dial, 35 mm",Patek Philippe Nautilus,Patek Philippe,NULL,NULL,7118/1200A-010,129900,129900.0,3,3,/api/uploads/aviandco/products/patek-phillippe-nautilus-g07118-1200a-010-001-1-4c519a8643bb915b.jpg,https://www.aviandco.com/patek-philippe-nautilus-7118-1200a-010-silver-dial-g07118-1200a-010-001
avi-patek-philippe-nautilus-7118-1200a-011-gray-dial-g07118-12,mismatch,name;reference,"Patek Philippe Nautilus 7118/1200A-011, Stainless Steel, Gray Opaline Dial, 35 mm",Patek Philippe Nautilus,Patek Philippe,NULL,NULL,7118/1200A-011,118900,118900.0,12,3,/api/uploads/aviandco/products/pp-nautilus-7118-1200a-011-gray-dial-1-1-1-1-e9591d8246e3c19d.jpg,https://www.aviandco.com/patek-philippe-nautilus-7118-1200a-011-gray-dial-g07118-1200a-011
avi-patek-philippe-nautilus-7118-1200a-011-grey-opaline-dial-7,mismatch,name;reference,"Patek Philippe Nautilus 7118/1200A-011, Stainless Steel, Diamond Bezel, Grey Opaline Dial, 35 mm",Patek Philippe Nautilus,Patek Philippe,NULL,NULL,7118/1200A-011,118400,118400.0,3,3,/api/uploads/aviandco/products/patek-philippe-nautilus-7118-1200a-008-1-723df0e8d371a0ff.jpg,https://www.aviandco.com/patek-philippe-nautilus-7118-1200a-011-grey-opaline-dial-7118-1200a-008
avi-patek-philippe-nautilus-7118-1200r-001-silver-opaline-dial,mismatch,name;reference,"Patek Philippe Nautilus 7118/1200R-001, 18K Rose Gold, Diamond Bezel, Silver Opaline Dial, 35 mm",Patek Philippe Nautilus,Patek Philippe,NULL,NULL,7118/1200R-001,199000,199000.0,3,3,/api/uploads/aviandco/products/patek-phillipe-nautilus-7118-1200r-013-1-c2f7f4cdf0d30069.jpg,https://www.aviandco.com/patek-philippe-nautilus-7118-1200r-001-silver-opaline-dial-7118-1200r-013
avi-patek-philippe-nautilus-7118-1450r-001-pave-dial-7118-1450,mismatch,name;price;reference,"Patek Philippe Nautilus 7118/1450R-001, 18K Rose Gold, Pave Dial, 35 mm",Patek Philippe Nautilus,Patek Philippe,NULL,NULL,7118/1450R-001,459100,443800.0,12,3,/api/uploads/aviandco/products/patek-phillipe-nautilus-7118-1450r-001-1-2e3646ecab7031c0.jpg,https://www.aviandco.com/patek-philippe-nautilus-7118-1450r-001-pave-dial-7118-1450r-001
avi-patek-philippe-nautilus-7118-1a-001-blue-dial-7118-1a-004,mismatch,name;price;reference,"Patek Philippe Nautilus 7118/1A-001, Steel, Blue Dial, 35 mm",Patek Philippe Nautilus,Patek Philippe,NULL,NULL,7118/1A-001,91900,89300.0,3,3,/api/uploads/aviandco/products/patek-philippe-nautilus-7118-1a-004-1-d97f9663878de61d.jpg,https://www.aviandco.com/patek-philippe-nautilus-7118-1a-001-blue-dial-7118-1a-004
avi-patek-philippe-nautilus-7118-1a-010-silver-dial-7118-1a-00,mismatch,name,"Patek Philippe Nautilus 7118/1A-010, Stainless Steel, Silver Dial, 35 mm",There has been an error processing your request,Patek Philippe,NULL,NULL,,98900,0,3,0,/api/uploads/aviandco/products/patek-philippe-nautilus-7118-1a-003-1-8dcdec2ced1e5047.jpg,https://www.aviandco.com/patek-philippe-nautilus-7118-1a-010-silver-dial-7118-1a-003
avi-patek-philippe-nautilus-7118-1a-011-grey-opaline-index-dia,mismatch,name;price;reference,"Patek Philippe Nautilus 7118/1A-011, Stainless Steel, Gray Opaline Index Dial, 35 mm (2026)",Patek Philippe Nautilus,Patek Philippe,NULL,NULL,7118/1A-011,0,91900.0,12,3,/api/uploads/aviandco/products/patek-philippe-nautilus-7118-1a-005-1-bf9fa1b85ec634ec.jpg,https://www.aviandco.com/patek-philippe-nautilus-7118-1a-011-grey-opaline-index-dial-7118-1a-005
avi-patek-philippe-nautilus-7118-1r-010-gold-index-dial-7118-1,mismatch,name,"Patek Philippe Nautilus 7118/1R-010, Tiffany Stamp, 18K Rose Gold, Golden Opaline Dial, 35 mm",There has been an error processing your request,Patek Philippe,NULL,NULL,,173500,0,3,0,/api/uploads/aviandco/products/patek-philippe-nautilus-7118-1r-004-1-41c8956e44d1afaa.jpg,https://www.aviandco.com/patek-philippe-nautilus-7118-1r-010-gold-index-dial-7118-1r-004
avi-patek-philippe-nautilus-7118-1r-010-gold-opaline-dial-7118,mismatch,name;price;reference,"Patek Philippe Nautilus 7118/1R-010, 18K Rose Gold, Gold Opaline Dial, 35 mm",Patek Philippe Nautilus,Patek Philippe,NULL,NULL,7118/1R-010,0,134900.0,12,3,/api/uploads/aviandco/products/patek-philippe-nautilus-7118-1r-002-1-1-ce14f1b5d24b98f5.jpg,https://www.aviandco.com/patek-philippe-nautilus-7118-1r-010-gold-opaline-dial-7118-1r-005
avi-patek-philippe-nautilus-joaillerie-7118-1300r-rose-gold-sp,mismatch,name;reference,"Patek Philippe Nautilus 7118-1300R-001, ""Joaillerie"", 18K Rose Gold, Spessartite Bezel, Rose Gold Baguette Dial, 35 mm",Patek Philippe Nautilus,Patek Philippe,NULL,NULL,7118/1300R-001,260200,260200.0,12,3,/api/uploads/aviandco/products/patek-phillpe-nautilus-7118-1300r-002-1-2b51b87f6676e645.jpg,https://www.aviandco.com/patek-philippe-nautilus-joaillerie-7118-1300r-rose-gold-spessartite-baguette-dial-7118-1300r-004
avi-patek-philippe-nautlius-5723-112r-001-brown-dial-g05723-11,mismatch,name;price;reference,"Patek Philippe Nautilus 5723/112R-001, Rose Gold, Brown Dial, 41 mm",Patek Philippe Nautilus,Patek Philippe,NULL,NULL,5723/112R-001,0,959900.0,3,3,/api/uploads/aviandco/products/patek-philippe-nautilus-5723-112r-001-001-1-70cb4732fdf57307.jpg,https://www.aviandco.com/patek-philippe-nautlius-5723-112r-001-brown-dial-g05723-112r-001
avi-patek-philippe-perpetual-calendar-chronograph-5270p-014-gr,mismatch,name;price;reference,"Patek Philippe Perpetual Calendar 5270P-014, Perpetual Calendar, Platinum, Green Dial, 41 mm",Patek Philippe Perpetual Calendar,Patek Philippe,NULL,NULL,5270P-014,168400,163300.0,3,3,/api/uploads/aviandco/products/patek-philippe-grand-complications-5270p-014-1-3-6e081dc94b6519af.jpg,https://www.aviandco.com/patek-philippe-perpetual-calendar-chronograph-5270p-014-green-dial-5270p-004
avi-patek-philippe-rose-gold-7300r-001-brown-dial-g07300r-001,mismatch,name;reference,"Patek Philippe Twenty-4 7300/1200R-001, Rose Gold, Brown Dial, 36 mm",Patek Philippe Twenty-4,Patek Philippe,NULL,NULL,7300/1200R,57900,57900.0,6,3,/api/uploads/aviandco/products/pkt490002--1-111-1-acd31af5f49e633b.jpg,https://www.aviandco.com/patek-philippe-rose-gold-7300r-001-brown-dial-g07300r-001
avi-patek-philippe-twenty-4-4910-1200a-001-blue-dial-g04910-00,mismatch,name,"Patek Philippe Twenty-4 4910/1200A-001, Stainless Steel, Blue Dial, 30 mm",There has been an error processing your request,Patek Philippe,NULL,NULL,,21900,0,8,0,/api/uploads/aviandco/products/pkt490008--1-155-1-2f5c36ce81a8535a.jpg,https://www.aviandco.com/patek-philippe-twenty-4-4910-1200a-001-blue-dial-g04910-001
avi-patek-philippe-twenty-4-4910-1200a-011-green-dial-4910-120,mismatch,name;price;reference,"Patek Philippe Twenty-4 4910/1200A-011, Stainless Steel, Diamond Bezel, Green Dial, 30 mm",Patek Philippe Twenty-4,Patek Philippe,NULL,NULL,4910/1200A-011,0,20900.0,3,3,/api/uploads/aviandco/products/patek-philippe-twenty-4910-1200a-004-1-e32306321c2032c8.jpg,https://www.aviandco.com/patek-philippe-twenty-4-4910-1200a-011-green-dial-4910-1200a-004
avi-patek-philippe-twenty-4-4910-1201r-010-purple-dial-g04910-,mismatch,name;reference,"Patek Philippe Twenty-4 4910/1201R-010, 18K Rose Gold, Gem Bezel, Purple Dial, 30 mm",Patek Philippe Twenty-4,Patek Philippe,NULL,NULL,4910/1201R-010,44900,44900.0,3,3,/api/uploads/aviandco/products/patek-phillipe-twenty-4-49101201r-001-1-3-778589d2700b9a74.jpg,https://www.aviandco.com/patek-philippe-twenty-4-4910-1201r-010-purple-dial-g04910-1201r-001
avi-patek-philippe-twenty-4-7300-1200a-001-blue-dial-7300-1200,mismatch,name;price;reference,"Patek Philippe Twenty-4 7300/1200A-001, Stainless Steel, Blue Arabic Numerals Dial, 36 mm",Patek Philippe Twenty-4,Patek Philippe,NULL,NULL,7300/1200A-001,0,27600.0,3,3,/api/uploads/aviandco/products/patek-philippe-twenty-4-7300-1200a-1-1-1-e651320da4f4de36.jpg,https://www.aviandco.com/patek-philippe-twenty-4-7300-1200a-001-blue-dial-7300-1200a-003
avi-patek-philippe-twenty-4-7300-1200a-011-green-arabic-dial-7,mismatch,name;reference,"Patek Philippe Twenty-4 7300/1200A-011, Stainless Steel, Diamond Bezel, Olive Green Arabic Dial, 36 mm (2026)",Patek Philippe Twenty-4,Patek Philippe,NULL,NULL,7300/1200A-011,29100,29100.0,3,3,/api/uploads/aviandco/products/patek-philippe-twenty-4-7300-1200a-006-1-2ca264ce2cbdfcde.jpg,https://www.aviandco.com/patek-philippe-twenty-4-7300-1200a-011-green-arabic-dial-7300-1200a-006
avi-patek-philippe-twenty-4-7300-1200r-001-brown-sunburst-dial,mismatch,name;price;reference,"Patek Philippe Twenty-4 7300/1200R-001, 18K Rose Gold, Diamond Bezel, Brown Sunburst Dial, 36MM",Patek Philippe Twenty-4,Patek Philippe,NULL,NULL,7300/1200R-001,57200,55100.0,3,3,/api/uploads/aviandco/products/patek-philippe-twenty-4-7300-1200r-002-1-20485399aaea0283.jpg,https://www.aviandco.com/patek-philippe-twenty-4-7300-1200r-001-brown-sunburst-dial-7300-1200r-002
avi-patek-philippe-twenty-4-7300-1200r-011-champagne-dial-7300,mismatch,name;price;reference,"Patek Philippe Twenty-4 7300/1200R-011, 18K Rose Gold, Diamond Bezel, Rose Dial, 36 mm",Patek Philippe Twenty-4,Patek Philippe,NULL,NULL,7300/1200R-011,56200,54100.0,4,3,/api/uploads/aviandco/products/patek-philippe-twenty-4-7300-1200r-011-001-1-a8f7d34ba97e7a42.jpg,https://www.aviandco.com/patek-philippe-twenty-4-7300-1200r-011-champagne-dial-7300-1200r-011-001
avi-patek-philippe-twenty-4-7300r-010-silver-satin-dial-g07300,mismatch,name;reference,"Patek Philippe Twenty-4 7300/1200R-010, Rose Gold, Silver Satin Dial, 36 mm",Patek Philippe Twenty-4,Patek Philippe,NULL,NULL,7300/1200R,56900,56900.0,3,3,/api/uploads/aviandco/products/pkt490003--1-418-1-4db0c23fe27baac7.jpg,https://www.aviandco.com/patek-philippe-twenty-4-7300r-010-silver-satin-dial-g07300-1200-010
avi-patek-philippe-twenty-4-olive-green-dial-g07300-1200a-011,mismatch,name;reference,"Patek Philippe Twenty-4 7300/1200A-011, Steel, Olive Green Dial, 36 mm",Patek Philippe Twenty-4,Patek Philippe,NULL,NULL,7300/1200A-011,28900,28900.0,3,3,/api/uploads/aviandco/products/green-olive-d9e8a673384c9267.jpg,https://www.aviandco.com/patek-philippe-twenty-4-olive-green-dial-g07300-1200a-011
avi-patek-philippe-world-time-5131g-010-silver-enamel-cloisonn,mismatch,name;reference,"Patek Philippe World Time 5131G-010, World Time, 18K White Gold, Enamel Cloisonne Dial, 40 mm",Patek Philippe World Time,Patek Philippe,NULL,NULL,5131G-010,108200,108200.0,3,3,/api/uploads/aviandco/products/patek-philippe-world-time-5131g-001-1-783575cea882d6b1.jpg,https://www.aviandco.com/patek-philippe-world-time-5131g-010-silver-enamel-cloisonne-dial-5131g-001
avi-patek-philippe-world-time-5231g-001-silver-enamel-cloisonn,mismatch,name;reference,"Patek Philippe World Time 5231G-001, 18K White Gold, Enamel Grand Feu Cloisonne Dial, 39 mm",Patek Philippe World Time,Patek Philippe,NULL,NULL,5231G-001,114300,114300.0,3,3,/api/uploads/aviandco/products/patek-philippe-world-time-5231g-001-1-7ab0dda39ba34edb.jpg,https://www.aviandco.com/patek-philippe-world-time-5231g-001-silver-enamel-cloisonne-dial-5231g-001
avi-patek-philippe-world-time-5330g-001-blue-dial-5330g-001,mismatch,name;price;reference,"Patek Philippe Complications 5330G-001, World Time, 18K White Gold, Blue Grey Opaline Dial, 40 mm",Patek Philippe Complications,Patek Philippe,NULL,NULL,5330G-001,0,75900.0,3,3,/api/uploads/aviandco/products/patek-philippe-complications-5300g-001-1-1-f5ee81d3c8647919.jpg,https://www.aviandco.com/patek-philippe-world-time-5330g-001-blue-dial-5330g-001
avi-patek-philippe-world-time-7130g-015-blue-dial-7130g-002,mismatch,name;price;reference,"Patek Philippe Complications 7130G-015, 18K White Gold, Diamond Bezel, Blue Dial, 36 mm",Patek Philippe Complications,Patek Philippe,NULL,NULL,7130G-015,0,77499.0,3,3,/api/uploads/aviandco/products/7130g-002-1-12703edc2c451a8b.jpg,https://www.aviandco.com/patek-philippe-world-time-7130g-015-blue-dial-7130g-002
avi-patek-philippe-world-time-7130g-016-blue-dial-7130g-003,mismatch,name;reference,"Patek Philippe Complications 7130G-016, World Time, 18K White Gold, Diamond Bezel, Blue Dial, 36 mm",Patek Philippe Complications,Patek Philippe,NULL,NULL,7130G-016,55900,55900.0,3,3,/api/uploads/aviandco/products/7130g-003-1-ba1c719f8f774941.jpg,https://www.aviandco.com/patek-philippe-world-time-7130g-016-blue-dial-7130g-003
avi-patek-philippe-world-time-7130r-014-green-dial-g07130r-3,mismatch,name;reference,"Patek Philippe Complications 7130R-014, World Time, 18K Rose Gold, Diamond Bezel, Green Dial, 36 mm",Patek Philippe Complications,Patek Philippe,NULL,NULL,7130R-014,55900,55900.0,8,3,/api/uploads/aviandco/products/7130r-001-1-1--1-ff78977ca81ee654.jpg,https://www.aviandco.com/patek-philippe-world-time-7130r-014-green-dial-g07130r-3
avi-patek-phillipe-complications-5205r-001-white-dial-5205r-00,mismatch,name;reference,"Patek Philippe Complications 5205R-001, Annual Calendar, 18K Rose Gold, White Dial, 40 mm",Patek Philippe Complications,Patek Philippe,NULL,NULL,5205R-001,47900,47900.0,3,3,/api/uploads/aviandco/products/5205r-007-1-296970e03a753480.jpg,https://www.aviandco.com/patek-phillipe-complications-5205r-001-white-dial-5205r-007
avi-richard-mille-brown-pvd-titanium-automatic-divers-47mm-wat,mismatch,name;price;reference,"Richard Mille RM 028 Titanium Diver Pvd, Skeleton Dial, 47 mm",Richard Mille RM 028,Richard Mille,NULL,NULL,RM028,0,158100.0,10,3,/api/uploads/aviandco/products/g0rm028-001-1-aebe85480c06ed5c.jpg,https://www.aviandco.com/richard-mille-brown-pvd-titanium-automatic-divers-47mm-watch-g0rm028-001
avi-richard-mille-g0-rm-005-18k-rose-gold-skeleton-dial-45-mm,mismatch,name;reference,"Richard Mille RM 005 18K Rose Gold, Skeleton Dial, 45 mm",Richard Mille RM 005,Richard Mille,NULL,NULL,RM005,122900,122900.0,8,3,/api/uploads/aviandco/products/g0rm005rg-01-83ae0e7d55191d86.jpg,https://www.aviandco.com/richard-mille-g0-rm-005-18k-rose-gold-skeleton-dial-45-mm
avi-richard-mille-mclaren-orange-skeleton-dial-g0m11-03-001,mismatch,name;price;reference,"Richard Mille RM 11-03 McLaren Carbon TPT, Skeleton Dial, Orange Strap, 50 mm",Richard Mille RM 11-03,Richard Mille,NULL,NULL,RM11-03,0,399900.0,9,3,/api/uploads/aviandco/products/m11306687--12-1-e73b9530818b8ebc.jpg,https://www.aviandco.com/richard-mille-mclaren-orange-skeleton-dial-g0m11-03-001
avi-richard-mille-rafael-nadal-edition-grey-anthracite-polymer,mismatch,name;price;reference,"Richard Mille RM 27-01 Grey Anthracite Polymer, Tourbillon Skeleton Dial, 46 mm",Richard Mille RM 27-01,Richard Mille,NULL,NULL,RM27-01,0,816000.0,9,3,/api/uploads/aviandco/products/g0rm27-01-001-1-26c32d9442d19aa5.jpg,https://www.aviandco.com/richard-mille-rafael-nadal-edition-grey-anthracite-polymer-47mm-watch-g0rm-27-01
avi-richard-mille-rm-004-v3-asia-edition-skeleton-dial-g0rm-00,mismatch,name;reference,"Richard Mille RM 004-V3 Asia Edition, Carbon, Skeleton Dial, 42 mm",Richard Mille RM 004-V3,Richard Mille,NULL,NULL,RM004,484900,484900.0,11,3,/api/uploads/aviandco/products/m00407002--1-277-1-7a4c913401951baf.jpg,https://www.aviandco.com/richard-mille-rm-004-v3-asia-edition-skeleton-dial-g0rm-004-v3-spy-001
avi-richard-mille-rm-005-skeleton-dial-g0rm005-004,mismatch,name;price;reference,"Richard Mille RM 005 White Gold, Skeleton Dial, 45 mm",Richard Mille RM 005,Richard Mille,NULL,NULL,RM005,0,95900.0,12,3,/api/uploads/aviandco/products/richard-mille-rm005-rm005-003-1-1-beec61c24f6ea79c.jpg,https://www.aviandco.com/richard-mille-rm-005-skeleton-dial-g0rm005-004
avi-richard-mille-rm-011-skeleton-dial-g0-rm011-01,mismatch,name;reference,"Richard Mille RM 011 Titanium, Skeleton Dial, 50 mm",Richard Mille RM 011,Richard Mille,NULL,NULL,RM011,168900,168900.0,3,3,/api/uploads/aviandco/products/g0rm011-ti-01-22b0edf1e42a79ec.jpg,https://www.aviandco.com/richard-mille-rm-011-skeleton-dial-g0-rm011-01
avi-richard-mille-rm-011-skeleton-dial-g0-rm011-spy003,mismatch,name;reference,"Richard Mille RM 011 Ceramic, Skeleton Dial, 50 mm",Richard Mille RM 011,Richard Mille,NULL,NULL,RM011,359900,359900.0,3,3,/api/uploads/aviandco/products/richard-mille-rm011-g0rm011-spy001-1-85e5b768ec0aa9b4.jpg,https://www.aviandco.com/richard-mille-rm-011-skeleton-dial-g0-rm011-spy003
avi-richard-mille-rm-011-skeleton-dial-g0m01107090,mismatch,name;price;reference,"Richard Mille RM011 ""Felipe Massa"", Full Titanium DLC, Limited Edition, Black Kite, Skeleton Dial, 50 mm",Richard Mille RM011,Richard Mille,NULL,NULL,RM011,0,306100.0,9,3,/api/uploads/aviandco/products/richard-mille-rm011-1-2-588e2e48bb41f58c.jpg,https://www.aviandco.com/richard-mille-rm-011-skeleton-dial-g0m01107090
avi-richard-mille-rm-011-skeleton-dial-g0rm011-020,mismatch,name;price;reference;image_count,"Richard Mille RM 011 ""Felippe Massa"", Flyback Chronograph, Red TPT Quartz, Skeleton Dial, 50 mm",Richard Mille RM 011,Richard Mille,NULL,NULL,RM011,0,265300.0,1,3,/api/uploads/aviandco/products/richard-mille-rm011-020-1-9638db0524b93435.jpg,https://www.aviandco.com/richard-mille-rm-011-skeleton-dial-g0rm011-020
avi-richard-mille-rm-011-skeleton-dial-m01107072,mismatch,name;price;reference,"Richard Mille RM 011 Full Titanium, Sand Blast Edition, Skeleton Dial, 45 mm",Richard Mille RM 011,Richard Mille,NULL,NULL,RM011,0,248900.0,3,3,/api/uploads/aviandco/products/m01107005--1-59-1-a8d34aeb2907b685.jpg,https://www.aviandco.com/richard-mille-rm-011-skeleton-dial-m01107072
avi-richard-mille-rm-011-skeleton-dial-m01107091,mismatch,name;price;reference,"Richard Mille RM 011 Canada Ltd Edition, 18K Rose Gold, Skeleton Dial, 50 mm",Richard Mille RM 011,Richard Mille,NULL,NULL,RM011,0,234700.0,6,3,/api/uploads/aviandco/products/rm011-1-d5c51e7a1d5d406f.jpg,https://www.aviandco.com/richard-mille-rm-011-skeleton-dial-m01107091
avi-richard-mille-rm-011-skeleton-dial-rm011-002,mismatch,name;price;reference,"Richard Mille RM 011 ""Felipe Massa"", Americas Ltd Edition, Skeleton Dial, 50 mm",Richard Mille RM 011,Richard Mille,NULL,NULL,RM011,0,200122.98,3,3,/api/uploads/aviandco/products/richard-mille-felipe-massa-amercias-blue-1-1595fbc1a18ddfe0.jpg,https://www.aviandco.com/richard-mille-rm-011-skeleton-dial-rm011-002
avi-richard-mille-rm-011-transparent-dial-g0rm011-spy001,mismatch,name;price;reference,"Richard Mille RM 011 Carbon, Transparent Dial, 50 mm",Richard Mille RM 011,Richard Mille,NULL,NULL,RM011,0,260000.0,3,3,/api/uploads/aviandco/products/richard-mille-rm011-g0rm011-spy001-e57b64c798d2943a.jpg,https://www.aviandco.com/richard-mille-rm-011-transparent-dial-g0rm011-spy001
avi-richard-mille-rm-011-transparent-dial-g0rm011-spy005,mismatch,name;reference;image_count,"Richard Mille RM 011 Brown Ceramic, Skeleton Dial, 50 mm",Richard Mille RM 011,Richard Mille,NULL,NULL,RM011,278900,278900.0,1,3,/api/uploads/aviandco/products/richard-mille-rm011-g0rm011-spy005-1-1-40eed3c9fab9d10f.jpg,https://www.aviandco.com/richard-mille-rm-011-transparent-dial-g0rm011-spy005
avi-richard-mille-rm-016-openworked-dial-g0rm-016-spy001,mismatch,name;reference,"Richard Mille RM 016 White Gold, Openworked Dial, 40 mm",Richard Mille RM 016,Richard Mille,NULL,NULL,RM016,83900,83900.0,3,3,/api/uploads/aviandco/products/richard-mille-rm-016-g0rm-016-spy001-8dd0cf3cef15522a.jpg,https://www.aviandco.com/richard-mille-rm-016-openworked-dial-g0rm-016-spy001
avi-richard-mille-rm-016-skeleton-dial-g0m01607004,mismatch,name;price;reference,Richard Mille RM 016 Titanium Ultra Thin Limited Edition Americas Skeleton Dial Watch,Richard Mille RM 016,Richard Mille,NULL,NULL,RM016,0,75799.0,3,3,/api/uploads/aviandco/products/m01607004--1-352-1-fe62c956f58c01b4.jpg,https://www.aviandco.com/richard-mille-rm-016-skeleton-dial-g0m01607004
avi-richard-mille-rm-030-skeleton-dial-g0rm030-011-01,mismatch,name;reference,"Richard Mille RM 030 White Ceramic, ""Le mans Classic"", Skeleton Dial, 50 mm",Richard Mille RM 030,Richard Mille,NULL,NULL,RM030,256000,256000.0,3,3,/api/uploads/aviandco/products/g0rm030-011-1-745cda97e71719b3.jpg,https://www.aviandco.com/richard-mille-rm-030-skeleton-dial-g0rm030-011-01
avi-richard-mille-rm-030-transparent-dial-g0rm030-spy002,mismatch,name;price;reference,"Richard Mille RM 030 ""Americas"", Black Carbon, Transparent Dial, 42 mm",Richard Mille RM 030,Richard Mille,NULL,NULL,RM030,0,230000.0,3,3,/api/uploads/aviandco/products/richard-mille-rm030-g0rm030-spy001-1-25ea68b076912be5.jpg,https://www.aviandco.com/richard-mille-rm-030-transparent-dial-g0rm030-spy002
avi-richard-mille-rm-030-transparent-dial-m03007043,mismatch,name;price;reference,"Richard Mille RM 030 Limited Edition, Full Rose Gold, Transparent Dial, 50 mm",Richard Mille RM 030,Richard Mille,NULL,NULL,RM030,0,199000.0,3,3,/api/uploads/aviandco/products/richard-mille-rm030-red-rose-gold-1-3eadfddecc8ec32a.jpg,https://www.aviandco.com/richard-mille-rm-030-transparent-dial-m03007043
avi-richard-mille-rm-033-skeleton-dial-rm-033-001,mismatch,name;reference,"Richard Mille RM 033 Titanium, Ultra Thin, Skeleton Dial, 46 mm",Richard Mille RM 033,Richard Mille,NULL,NULL,RM033,90800,90800.0,12,3,/api/uploads/aviandco/products/richard-mille-rm033-001-1-2025cae70de1edc2.jpg,https://www.aviandco.com/richard-mille-rm-033-skeleton-dial-rm-033-001
avi-richard-mille-rm-035-skeleton-dial-rm035-007,mismatch,name;price;reference,"Richard Mille RM 035 ""Baby Nadal"", Carbon, Skeleton Dial, 48 mm",Richard Mille RM 035,Richard Mille,NULL,NULL,RM035,0,199000.0,12,3,/api/uploads/aviandco/products/richard-mille-rm035-005-1-0f9a7a22e7fd0a09.jpg,https://www.aviandco.com/richard-mille-rm-035-skeleton-dial-rm035-007
avi-richard-mille-rm-052-skull-motif-dial-g0rm052-001-01,mismatch,name;price;reference,"Richard Mille RM 052 Blue Carbon NTPT, Tourbillon, Skull Motif Dial, 50 mm",Richard Mille RM 052,Richard Mille,NULL,NULL,RM052,0,2040000.0,3,3,/api/uploads/aviandco/products/g0rm052-001-1-5a024e368a2bd055.jpg,https://www.aviandco.com/richard-mille-rm-052-skull-motif-dial-g0rm052-001-01
avi-richard-mille-rm-052-skull-motif-dial-g0rm052-001-02,mismatch,name;reference,"Richard Mille RM 052 Black Ceramic, Tourbillon, Skull Motif Dial, 50 mm",Richard Mille RM 052,Richard Mille,NULL,NULL,RM052,1500000,1500000.0,3,3,/api/uploads/aviandco/products/g0rm052-001-2-6d41bfbbf5528cc6.jpg,https://www.aviandco.com/richard-mille-rm-052-skull-motif-dial-g0rm052-001-02
avi-richard-mille-rm-07-01-skeleton-diamond-dial-rm07-01-012,mismatch,name;price;reference,"Richard Mille RM 07-01 TZP Pink Ceramic & 18K White Gold, Skeleton Diamond Dial, 46 mm",Richard Mille RM 07-01,Richard Mille,NULL,NULL,RM07-01,0,290800.0,12,3,/api/uploads/aviandco/products/richard-mille-rm07-01-012-1-3152de702dab193b.jpg,https://www.aviandco.com/richard-mille-rm-07-01-skeleton-diamond-dial-rm07-01-012
avi-richard-mille-rm-07-04-skeleton-dial-g0rm07-04-001,mismatch,name;price;reference,"Richard Mille RM 07-04 Pink Quartz TPT, Skeleton Dial, 30 mm",Richard Mille RM 07-04,Richard Mille,NULL,NULL,RM07-04,0,390000.0,3,3,/api/uploads/aviandco/products/richard-mille-rm07-04-g0rm07-04-001-1-8b7890a1e6bfaee9.jpg,https://www.aviandco.com/richard-mille-rm-07-04-skeleton-dial-g0rm07-04-001
avi-richard-mille-rm-11-01-skeleton-dial-g0rm11-01-002,mismatch,name;price;reference,"Richard Mille RM 11-01 Titanium, ""Roberto Mancini"", Skeleton Dial, 50 mm",Richard Mille RM 11-01,Richard Mille,NULL,NULL,RM11-01,0,200000.0,3,3,/api/uploads/aviandco/products/g0rm11-01-002-1-51f64ff2f0c574e4.jpg,https://www.aviandco.com/richard-mille-rm-11-01-skeleton-dial-g0rm11-01-002
avi-richard-mille-rm-11-02-skeleton-dial-g0rm11-02-003,mismatch,name;price;reference,"Richard Mille RM 11-02 18K Rose Gold & Titanium, Skeleton Dial, 50 mm",Richard Mille RM 11-02,Richard Mille,NULL,NULL,RM11-02,0,209900.0,3,3,/api/uploads/aviandco/products/rm11-02-003-1-b1206996b06813ee.jpg,https://www.aviandco.com/richard-mille-rm-11-02-skeleton-dial-g0rm11-02-003
avi-richard-mille-rm-11-02-skeleton-dial-rm11-02-004,mismatch,name;price;reference,"Richard Mille RM 11-02 Titanium, Flyback Chronograph, Skeleton Dial, 50 mm",Richard Mille RM 11-02,Richard Mille,NULL,NULL,RM11-02,0,207900.0,5,3,/api/uploads/aviandco/products/richard-mille-rm11-02-004-1-9a8c8e194ec5e675.jpg,https://www.aviandco.com/richard-mille-rm-11-02-skeleton-dial-rm11-02-004
avi-richard-mille-rm-11-03-skeleton-dial-g0rm11-03-spy003,mismatch,name;reference,"Richard Mille RM 11-03 Rose Gold, Skeleton Dial, 45 mm",Richard Mille RM 11-03,Richard Mille,NULL,NULL,RM11-03,325900,325900.0,4,3,/api/uploads/aviandco/products/richard-mille-rm11-03-orange-1-1-00004f3b9ed8117b.jpg,https://www.aviandco.com/richard-mille-rm-11-03-skeleton-dial-g0rm11-03-spy003
avi-richard-mille-rm-11-03-skeleton-dial-rm11-03-033,mismatch,name;reference,"Richard Mille RM 11-03 Chronograph & 18K White Gold, Diamond Bezel, Skeleton Dial, 50 mm",Richard Mille RM 11-03,Richard Mille,NULL,NULL,RM11-03,369900,369900.0,3,3,/api/uploads/aviandco/products/richard-mille-rm11-03-033-1-cea023bc76552364.jpg,https://www.aviandco.com/richard-mille-rm-11-03-skeleton-dial-rm11-03-033
avi-richard-mille-rm-11-03-skeleton-dial-rm11-03-035,mismatch,name;reference,"Richard Mille RM 11-03 Carbon Fiber and Titanium, Flyback Chronograph, Skeleton Dial, 50 mm",Richard Mille RM 11-03,Richard Mille,NULL,NULL,RM11-03,290800,290800.0,3,3,/api/uploads/aviandco/products/richard-mille-rm11-03-035-1-3121fa4308d527b0.jpg,https://www.aviandco.com/richard-mille-rm-11-03-skeleton-dial-rm11-03-035
avi-richard-mille-rm-11-03-skeleton-dial-rm11-03-036,mismatch,name;price;reference,"Richard Mille RM 11-03 Flyback Chronograph, 18K Rose Gold, Skeleton Dial, 44 mm",Richard Mille RM 11-03,Richard Mille,NULL,NULL,RM11-03,265300,260200.0,12,3,/api/uploads/aviandco/products/richard-mille-rm-11-03-036-1-ad2d8f4b721c5147.jpg,https://www.aviandco.com/richard-mille-rm-11-03-skeleton-dial-rm11-03-036
avi-richard-mille-rm-11-04-skeleton-dial-g0rm11-04-002,mismatch,name;reference,"Richard Mille RM 11-04 Black Carbon, ""Roberto Mancini"", Skeleton Dial, 50 mm",Richard Mille RM 11-04,Richard Mille,NULL,NULL,RM11-04,349900,349900.0,3,3,/api/uploads/aviandco/products/g0rm11-04-001-1-5c86435e3ffd6021.jpg,https://www.aviandco.com/richard-mille-rm-11-04-skeleton-dial-g0rm11-04-002
avi-richard-mille-rm-17-01-rg-skeleton-dial-g0rm17-01-ca-2,mismatch,name;price;reference,"Richard Mille RM 17-01 Black Ceramic, Tourbillon, Skeleton Dial, 48 mm",Richard Mille RM 17-01,Richard Mille,NULL,NULL,RM17-01-RG,0,612000.0,3,3,/api/uploads/aviandco/products/richard-mille-rm17-01-black-ceramic-cfbb8e72a6800627.jpg,https://www.aviandco.com/richard-mille-rm-17-01-rg-skeleton-dial-g0rm17-01-ca-2
avi-richard-mille-rm-17-01-skeleton-dial-g0rm17-01-001,mismatch,name;price;reference,"Richard Mille RM 17-01 Black Carbon, Tourbillon, Skeleton Dial, 48 mm",Richard Mille RM 17-01,Richard Mille,NULL,NULL,RM17-01,0,612000.0,3,3,/api/uploads/aviandco/products/richard-mille-rm17-01-black-carbon-tpt-1-ce08ee91035689e3.jpg,https://www.aviandco.com/richard-mille-rm-17-01-skeleton-dial-g0rm17-01-001
avi-richard-mille-rm-17-01-skeleton-dial-g0rm17-01-ca-001,mismatch,name;price;reference,"Richard Mille RM 17-01 Carbon TPT, Limited Edition Tourbillon, Skeleton Dial, 48 mm",Richard Mille RM 17-01,Richard Mille,NULL,NULL,RM17-01,0,612000.0,3,3,/api/uploads/aviandco/products/g0rm17-01-ca-001-1-f6b8ac9600d70344.jpg,https://www.aviandco.com/richard-mille-rm-17-01-skeleton-dial-g0rm17-01-ca-001
avi-richard-mille-rm-35-01-skeleton-dial-rm-35-01-004,mismatch,name;reference,"Richard Mille RM 35-01 ""Rafael Nadal"", Black Carbon, Skeleton Dial, 42 mm",Richard Mille RM 35-01,Richard Mille,NULL,NULL,RM35-01,280600,280600.0,12,3,/api/uploads/aviandco/products/richard-mille-rm35-01-004-1-727846ab676c1197.jpg,https://www.aviandco.com/richard-mille-rm-35-01-skeleton-dial-rm-35-01-004
avi-richard-mille-rm-35-03-skeleton-dial-g0rm35-03-003,mismatch,name;reference,"Richard Mille RM 35-03 White Carbon, Skeleton Dial, 50 mm",Richard Mille RM 35-03,Richard Mille,NULL,NULL,RM35-03,535000,535000.0,12,3,/api/uploads/aviandco/products/richard-mille-rm35-03-003-1-1-e3a94b693fa6c469.jpg,https://www.aviandco.com/richard-mille-rm-35-03-skeleton-dial-g0rm35-03-003
avi-richard-mille-rm-35-03-transparent-dial-rm35-03-006,mismatch,name;price;reference,"Richard Mille RM 35-03 ""Rafael Nadal"", Black Carbon TPT, Skeleton Dial, 50 mm",Richard Mille RM 35-03,Richard Mille,NULL,NULL,RM35-03,0,479900.0,3,3,/api/uploads/aviandco/products/rm35-03-006-1-0e2da657ba52e04b.jpg,https://www.aviandco.com/richard-mille-rm-35-03-transparent-dial-rm35-03-006
avi-richard-mille-rm-38-02-skeleton-dial-g0rm38-02-spy001,mismatch,name;price;reference,"Richard Mille RM 38-02 ""Bubba Watson"", Tourbillion White Pink Quartz TPT, Skeleton Dial, 43 mm",Richard Mille RM 38-02,Richard Mille,NULL,NULL,RM38-02,0,2250000.0,3,3,/api/uploads/aviandco/products/richard-mille-rm38-02-g0rm38-02-spy001-1-43b90bdd06cc71d8.jpg,https://www.aviandco.com/richard-mille-rm-38-02-skeleton-dial-g0rm38-02-spy001
avi-richard-mille-rm-43-01-skeleton-dial-g0rm-43-01-spy-001,mismatch,name;price;reference,"Richard Mille RM 43-01 ""Ferrari"", Carbon TPT, Skeleton Dial, 43 mm",Richard Mille RM 43-01,Richard Mille,NULL,NULL,RM43-01,0,2300000.0,3,3,/api/uploads/aviandco/products/richard-mille-rm43-01-g0rm-43-01-spy-001-1-abffcab03379bcc0.jpg,https://www.aviandco.com/richard-mille-rm-43-01-skeleton-dial-g0rm-43-01-spy-001
avi-richard-mille-rm-52-06-transparent-dial-rm52-06-001,mismatch,name;price;reference,"Richard Mille RM 52-06 Tourbillon Mask Watch, Limited Edition of 18 pcs, Red White Quartz TPT, Transparent Dial, 49 mm",Richard Mille RM 52-06,Richard Mille,NULL,NULL,RM52-06,0,1275100.0,3,3,/api/uploads/aviandco/products/richard-mille-rm52-06-001-1-e408320c9e23deec.jpg,https://www.aviandco.com/richard-mille-rm-52-06-transparent-dial-rm52-06-001
avi-richard-mille-rm-56-02-skeleton-dial-g0rm56-02-001,mismatch,name;price;reference,"Richard Mille RM 56-02 Sapphire Crystal, Tourbillon, Skeleton Dial, 50 mm",Richard Mille RM 56-02,Richard Mille,NULL,NULL,RM56-02,0,3060000.0,3,3,/api/uploads/aviandco/products/g0rm56-02-001-b558256c82b32ad8.jpg,https://www.aviandco.com/richard-mille-rm-56-02-skeleton-dial-g0rm56-02-001
avi-richard-mille-rm-61-01-skeleton-dial-black-ceramic-ltd-150,mismatch,name;price;reference,"Richard Mille RM 61-01 ""Yohan Blake"", Limited to 100 pcs, TZP Black Ceramic, Skeleton Dial, 50 mm",Richard Mille RM 61-01,Richard Mille,NULL,NULL,RM61-01,0,239800.0,3,3,/api/uploads/aviandco/products/richard-mille-rm61-01-007-1-391604fd6e8d7d22.jpg,https://www.aviandco.com/richard-mille-rm-61-01-skeleton-dial-black-ceramic-ltd-150-rm61-01-007
avi-richard-mille-rm-61-01-skeleton-dial-black-ceramic-rm61-01,mismatch,name;reference,"Richard Mille RM 61-01 ""Yohan Blake"", TZP Black Ceramic, Skeleton Dial, 50 mm",Richard Mille RM 61-01,Richard Mille,NULL,NULL,RM61-01,219400,219400.0,3,3,/api/uploads/aviandco/products/richard-mille-rm61-01-008-1-896033bee4666a1c.jpg,https://www.aviandco.com/richard-mille-rm-61-01-skeleton-dial-black-ceramic-rm61-01-008
avi-richard-mille-rm-75-01-skeleton-dial-g0rm-75-01-001,mismatch,name;price;reference,"Richard Mille RM 75-01 Sapphire Flying Tourbillion, Skeleton Dial, 47 mm",Richard Mille RM 75-01,Richard Mille,NULL,NULL,RM75-01,0,2018000.0,3,3,/api/uploads/aviandco/products/richard-mille-rm-75-01-rm-75-01-001-fdf31747aeaad5d4.jpg,https://www.aviandco.com/richard-mille-rm-75-01-skeleton-dial-g0rm-75-01-001
avi-richard-mille-rm-75-01-skeleton-dial-g0rm-75-01-002,mismatch,name;price;reference,"Richard Mille RM 75-01 Sapphire Pink Flying Tourbillion, Skeleton Dial, 47 mm",Richard Mille RM 75-01,Richard Mille,NULL,NULL,RM75-01,0,2258000.0,3,3,/api/uploads/aviandco/products/richard-mille-rm-75-01-rm-75-01-002-e15fcc67d90425f8.jpg,https://www.aviandco.com/richard-mille-rm-75-01-skeleton-dial-g0rm-75-01-002
avi-richard-mille-rm-75-01-skeleton-dial-g0rm-75-01-003,mismatch,name;price;reference,"Richard Mille RM 75-01 Sapphire Blue Flying Tourbillion, Skeleton Dial, 47 mm",Richard Mille RM 75-01,Richard Mille,NULL,NULL,RM75-01,0,2238000.0,3,3,/api/uploads/aviandco/products/richard-mille-rm-75-01-rm-75-01-003-ff4d7c99ac69cad9.jpg,https://www.aviandco.com/richard-mille-rm-75-01-skeleton-dial-g0rm-75-01-003
avi-richard-mille-rm-88-skeleton-dial-g0rm88-001-01,mismatch,name;price;reference,"Richard Mille RM 88 White Ceramic, ""Smiley"" Tourbillon, Skeleton Dial, 48 mm",Richard Mille RM 88,Richard Mille,NULL,NULL,RM88,0,3264000.0,3,3,/api/uploads/aviandco/products/g0rm88-001-1-cb34fc1f5e0c01fd.jpg,https://www.aviandco.com/richard-mille-rm-88-skeleton-dial-g0rm88-001-01
avi-richard-mille-rm-up-01-ferrari-skeleton-dial-g0rmup-001-01,mismatch,name;price;reference,"Richard Mille RM UP-01 Ferrari Titanium, ""World's Thinnest"", Skeleton Dial, 51 mm",Richard Mille RM UP-01 Ferrari,Richard Mille,NULL,NULL,RMup-01,0,2040000.0,3,3,/api/uploads/aviandco/products/rm-ferrari-d6c938b7b17aacb9.jpg,https://www.aviandco.com/richard-mille-rm-up-01-ferrari-skeleton-dial-g0rmup-001-01
avi-richard-mille-rm004-v3-skeleton-dial-rm004-001,mismatch,name;price;reference,"Richard Mille RM 004 18K Rose Gold, Skeleton Dial, 50 mm",Richard Mille RM 004,Richard Mille,NULL,NULL,RM004,0,484599.0,12,3,/api/uploads/aviandco/products/rm004-v3-002-1-c6bdc862d9ece516.jpg,https://www.aviandco.com/richard-mille-rm004-v3-skeleton-dial-rm004-001
avi-richard-mille-rm005-skeleton-dial-rm005-005,mismatch,name;price;reference,"Richard Mille RM 005 18K Rose Gold, Skeleton Dial, 45 mm",Richard Mille RM 005,Richard Mille,NULL,NULL,RM005,112300,107200.0,3,3,/api/uploads/aviandco/products/richard-mille-rm005-005-1-8caa82be8ad4bc33.jpg,https://www.aviandco.com/richard-mille-rm005-skeleton-dial-rm005-005
avi-richard-mille-rm007-skeleton-dial-rm007-001,mismatch,name;price;reference,"Richard Mille RM 007 Titanium, Skeleton Roman Dial, 45 mm",Richard Mille RM 007,Richard Mille,NULL,NULL,RM007,0,119032.98,12,3,/api/uploads/aviandco/products/rm007-001-1-deff04f56b4d14ff.jpg,https://www.aviandco.com/richard-mille-rm007-skeleton-dial-rm007-001
avi-richard-mille-rm007-skeleton-diamond-dial-rm007-002,mismatch,name;price;reference,"Richard Mille RM 007 18K White Gold, Skeleton Diamond Dial, 31 mm",Richard Mille RM 007,Richard Mille,NULL,NULL,RM007,0,117400.0,3,3,/api/uploads/aviandco/products/richard-mille-rm007-rm007-002-1-b8cb36424844f710.jpg,https://www.aviandco.com/richard-mille-rm007-skeleton-diamond-dial-rm007-002
avi-richard-mille-rm010-skeleton-dial-g0-rm010-001,mismatch,name;price;reference,"Richard Mille RM 010 Rose Gold, Transparent Dial, 48 mm",Richard Mille RM 010,Richard Mille,NULL,NULL,RM010,0,125900.0,8,3,/api/uploads/aviandco/products/m01007007--1-15-1-9ef48a0dafafe62d.jpg,https://www.aviandco.com/richard-mille-rm010-skeleton-dial-g0-rm010-001
avi-richard-mille-rm010-skeleton-dial-rm010-003,mismatch,name;reference,"Richard Mille RM 010 18K White Gold, Skeleton Dial, 48 mm",Richard Mille RM 010,Richard Mille,NULL,NULL,RM010,132700,132700.0,3,3,/api/uploads/aviandco/products/richard-mille-rm010-rm010-002-1-1-7b99a1103b1d0ae8.jpg,https://www.aviandco.com/richard-mille-rm010-skeleton-dial-rm010-003
avi-richard-mille-rm010-skeleton-dial-rm010-005,mismatch,name;price;reference;image_count,"Richard Mille RM 010 ""Sepang GP Edition"", Limited to 20 pcs, Titanium, Skeleton Dial, 48 mm",Richard Mille RM 010,Richard Mille,NULL,NULL,RM010,0,137800.0,1,3,/api/uploads/aviandco/products/richard-mille-rm010-005-1-20b6eef1bb0cbcbe.jpg,https://www.aviandco.com/richard-mille-rm010-skeleton-dial-rm010-005
avi-richard-mille-rm010-transparent-dial-g0rm010-001,mismatch,name;reference,"Richard Mille RM 010 18K White Gold, Transparent Dial, 48 mm",Richard Mille RM 010,Richard Mille,NULL,NULL,RM010,136900,136900.0,3,3,/api/uploads/aviandco/products/richard-mille-rm010-wg-yellow-1-c221eaf247b3aba9.jpg,https://www.aviandco.com/richard-mille-rm010-transparent-dial-g0rm010-001
avi-richard-mille-rm011-05-skeleton-dial-g0-rm011-05-002,mismatch,name,"Richard Mille RM 11-05 Black Carbon TPT, Skeleton Dial, 50 mm",There has been an error processing your request,Richard Mille,NULL,NULL,,0,0,3,0,/api/uploads/aviandco/products/g0rm11-05-01-001-a5c6876fbf3e0897.jpg,https://www.aviandco.com/richard-mille-rm011-05-skeleton-dial-g0-rm011-05-002
avi-richard-mille-rm011-openworked-dial-g0rm011-004,mismatch,name;price;reference,"Richard Mille RM 011 ""Felipe Massa"", Baby Blue Ceramic, Openworked Dial, 50 mm",Richard Mille RM 011,Richard Mille,NULL,NULL,RM011-FM,0,335000.0,3,3,/api/uploads/aviandco/products/richard-mille-rm-011-g0rm011-spy002-1-4766dafcc0c81752.jpg,https://www.aviandco.com/richard-mille-rm011-openworked-dial-g0rm011-004
avi-richard-mille-rm011-skeleton-dial-g0rm-011-013,mismatch,name;reference,"Richard Mille RM 011 ""Felipe Massa"", 18K Rose Gold, Titanium, Skeleton Dial, 50 mm",Richard Mille RM 011,Richard Mille,NULL,NULL,RM011,194900,194900.0,12,3,/api/uploads/aviandco/products/richard-mille-rm011-rg-titanium-1-1-1-a732bb8f5b57fce5.jpg,https://www.aviandco.com/richard-mille-rm011-skeleton-dial-g0rm-011-013
avi-richard-mille-rm011-skeleton-dial-g0rm-011-spy004,mismatch,name;reference,"Richard Mille RM 011 Black Carbon, ""Felipe Massa"", Skeleton Dial, 40 mm",Richard Mille RM 011,Richard Mille,NULL,NULL,RM011,188900,188900.0,3,3,/api/uploads/aviandco/products/richard-mille-rm-011-g0rm-011-spy002-24d889e68da77da1.jpg,https://www.aviandco.com/richard-mille-rm011-skeleton-dial-g0rm-011-spy004
avi-richard-mille-rm011-skeleton-dial-g0rm-011ao-001,mismatch,name;price;reference;image_count,"Richard Mille RM011 ""Felipe Massa"", Ivory, 18K Full Rose Gold, Skeleton Dial",Richard Mille RM011,Richard Mille,NULL,NULL,RM011,0,301000.0,1,3,/api/uploads/aviandco/products/rm011ao-001-1-51f13dd9dafc3b3f.jpg,https://www.aviandco.com/richard-mille-rm011-skeleton-dial-g0rm-011ao-001
avi-richard-mille-rm011-skeleton-dial-g0rm011-001,mismatch,name;price;reference;image_count,"Richard Mille RM 011 ""Felipe Massa"", Carbon, Skeleton Arabic Dial, 50 mm",Richard Mille RM 011,Richard Mille,NULL,NULL,RM011,0,260000.0,1,3,/api/uploads/aviandco/products/rm011-001-1-2-02812a5065ff8744.jpg,https://www.aviandco.com/richard-mille-rm011-skeleton-dial-g0rm011-001
avi-richard-mille-rm011-skeleton-dial-g0rm011-spy002,mismatch,name;reference;image_count,"Richard Mille RM 011 AK TI ""Felipe Massa"", Titanium, Skeleton Dial, 40 mm",Richard Mille RM 011,Richard Mille,NULL,NULL,RM011,165000,165000.0,1,3,/api/uploads/aviandco/products/richard-mille-rm-011-g0rm011-spy001-9560b174ac898e52.jpg,https://www.aviandco.com/richard-mille-rm011-skeleton-dial-g0rm011-spy002
avi-richard-mille-rm011-skeleton-dial-rm011-007,mismatch,name;price;reference,"Richard Mille RM 011 Felipe Massa, Titanium, Skeleton Dial, 50 mm",Richard Mille RM 011,Richard Mille,NULL,NULL,RM011,0,168400.0,12,3,/api/uploads/aviandco/products/rm011-007-1-d1a5d1c794797e07.jpg,https://www.aviandco.com/richard-mille-rm011-skeleton-dial-rm011-007
avi-richard-mille-rm011-skeleton-dial-rm011-016,mismatch,name;reference,"Richard Mille RM 011 ""Midnight Fire"", Skeleton Dial, 50 mm",Richard Mille RM 011,Richard Mille,NULL,NULL,RM011,188900,188900.0,6,3,/api/uploads/aviandco/products/stockm01107064--1-66-1-82841fdb8d1c0367.jpg,https://www.aviandco.com/richard-mille-rm011-skeleton-dial-rm011-016
avi-richard-mille-rm011-skeleton-dial-rm011-017,mismatch,name;price;reference,"Richard Mille RM 011 White Ceramic, Skeleton Dial, 50 mm",Richard Mille RM 011,Richard Mille,NULL,NULL,RM011,0,321399.0,3,3,/api/uploads/aviandco/products/richard-mille-rm-011-1-7282f47ecaa1a724.jpg,https://www.aviandco.com/richard-mille-rm011-skeleton-dial-rm011-017
avi-richard-mille-rm011-skeleton-dial-rm011-018,mismatch,name;reference,"Richard Mille RM 011 18K Rose Gold, Skeleton Dial, 50 mm",Richard Mille RM 011,Richard Mille,NULL,NULL,RM011,229900,229900.0,6,3,/api/uploads/aviandco/products/m01107020--1-499-1-fbef285003d78d5f.jpg,https://www.aviandco.com/richard-mille-rm011-skeleton-dial-rm011-018
avi-richard-mille-rm011-skeleton-dial-rm011-025,mismatch,name;reference,"Richard Mille RM 011 ""Felipe Massa"", 18K Rose Gold & Titanium, Skeleton Dial, 50 mm",Richard Mille RM 011,Richard Mille,NULL,NULL,RM011,193900,193900.0,10,3,/api/uploads/aviandco/products/richard-mille-rm011-025-1-15c846737ae6bf47.jpg,https://www.aviandco.com/richard-mille-rm011-skeleton-dial-rm011-025
avi-richard-mille-rm011-yellow-flash-skeleton-dial-rm011-027,mismatch,name;price;reference,"Richard Mille RM 011 Felipe Massa, Yellow Flash Chronograph, Limited to 50 pcs, Carbon TPZ, Skeleton Dial, 50 mm",Richard Mille RM 011,Richard Mille,NULL,NULL,RM011,244900,209200.0,12,3,/api/uploads/aviandco/products/richard-mille-rm011-021-1-c13fcc04b0a19ca9.jpg,https://www.aviandco.com/richard-mille-rm011-yellow-flash-skeleton-dial-rm011-027
avi-richard-mille-rm016-full-rose-gold-transparent-skeleton-di,mismatch,name;reference,"Richard Mille RM 016 Full Rose Gold Transparent Skeleton Dial, 38 mm",Richard Mille RM 016,Richard Mille,NULL,NULL,RM016,75000,75000.0,3,3,/api/uploads/aviandco/products/richard-mille-rm-016-ultra-thin-white-gold-2020-richard-mille-40267710-d77c87c2585baa82.jpg,https://www.aviandco.com/richard-mille-rm016-full-rose-gold-transparent-skeleton-dial-watch-g0m01607005
avi-richard-mille-rm022-carbon-tourbillon-aerodyne-42mm-g0rm02,mismatch,name;price;reference,"Richard Mille RM 022 Limited Edition Carbon Tourbillon Aerodyne, 42 mm",Richard Mille RM 022,Richard Mille,NULL,NULL,RM022-CA-FQ-03,0,800000.0,3,3,/api/uploads/aviandco/products/m02207003--1-94-1-957f9ead4febd7d7.jpg,https://www.aviandco.com/richard-mille-rm022-carbon-tourbillon-aerodyne-42mm-g0rm022-ca-fq-03
avi-richard-mille-rm028-skeleton-dial-rm028-001,mismatch,name;price;reference,"Richard Mille RM 028 Titanium, Skeleton Dial, 47 mm",Richard Mille RM 028,Richard Mille,NULL,NULL,RM028,0,84900.0,3,3,/api/uploads/aviandco/products/richard-mille-rm028-001-1-a30d85223a61b66d.jpg,https://www.aviandco.com/richard-mille-rm028-skeleton-dial-rm028-001
avi-richard-mille-rm028-skeleton-dial-rm028-002,mismatch,name;reference;image_count,"Richard Mille RM 028 Titanium, Blue Skeleton Dial, 47 mm",Richard Mille RM 028,Richard Mille,NULL,NULL,RM028,112300,112300.0,1,3,/api/uploads/aviandco/products/richard-mille-rm028-002-1-e29dbb34f80876aa.jpg,https://www.aviandco.com/richard-mille-rm028-skeleton-dial-rm028-002
avi-richard-mille-rm029-transparent-dial-g0rm029-005,mismatch,name;price;reference;image_count,"Richard Mille RM 029 18K Rose Gold, Transparent Dial, 48 mm",Richard Mille RM 029,Richard Mille,NULL,NULL,RM029,0,148000.0,1,3,/api/uploads/aviandco/products/richard-mille-rm029-005-1-1-287bfe949c524258.jpg,https://www.aviandco.com/richard-mille-rm029-transparent-dial-g0rm029-005
avi-richard-mille-rm029-transparent-dial-rm029-006,mismatch,name;reference,"Richard Mille RM 029 18K Rose Gold, Transparent Dial, 48 mm",Richard Mille RM 029,Richard Mille,NULL,NULL,RM029,142900,142900.0,3,3,/api/uploads/aviandco/products/richard-mille-rm029-006-1-4f63df7b6e9d01da.jpg,https://www.aviandco.com/richard-mille-rm029-transparent-dial-rm029-006
avi-richard-mille-rm030-skeleton-dial-g0rm030-spy001,mismatch,name,"Richard Mille RM 030 Blue Ceramic, Skeleton Dial, 43 mm",This site can’t be reached,Richard Mille,NULL,NULL,,0,0,3,0,/api/uploads/aviandco/products/richard-mille-rm-030-blue-ceramic-36d20a83be7e6da7.jpg,https://www.aviandco.com/richard-mille-rm030-skeleton-dial-g0rm030-spy001
avi-richard-mille-rm030-transparent-dial-g0rm030-003,mismatch,name;price;reference;image_count,"Richard Mille RM 030 Americas Limited Edtion, Carbon, Transparent Dial, 50 mm",Richard Mille RM 030,Richard Mille,NULL,NULL,RM030,0,239800.0,1,3,/api/uploads/aviandco/products/rm030-003-1-6-cb5219a7808b3bfb.jpg,https://www.aviandco.com/richard-mille-rm030-transparent-dial-g0rm030-003
avi-richard-mille-rm030-transparent-dial-g0rm030-10-001,mismatch,name;reference,"Richard Mille RM 030 Titanium, Skeleton Dial, 50 mm",Richard Mille RM 030,Richard Mille,NULL,NULL,RM030,169900,169900.0,10,3,/api/uploads/aviandco/products/richard-mille-rm030-black-transparent-1-1-89e3ff0e17b4dd84.jpg,https://www.aviandco.com/richard-mille-rm030-transparent-dial-g0rm030-10-001
avi-richard-mille-rm030-transparent-dial-rm030-007,mismatch,name;reference,"Richard Mille RM 030 Japan Red Edition, Ceramic, Transparent Dial, 50 mm",Richard Mille RM 030,Richard Mille,NULL,NULL,RM030,289900,289900.0,10,3,/api/uploads/aviandco/products/rm030-007-1-fba098f9af0af879.jpg,https://www.aviandco.com/richard-mille-rm030-transparent-dial-rm030-007
avi-richard-mille-rm030-transparent-dial-rm030-013,mismatch,name;price;reference,"Richard Mille RM 030 18K Rose Gold, Transparent Dial, 50 mm",Richard Mille RM 030,Richard Mille,NULL,NULL,RM030,0,199000.0,11,3,/api/uploads/aviandco/products/m03006063--1-216-1-1ce43a416c81350a.jpg,https://www.aviandco.com/richard-mille-rm030-transparent-dial-rm030-013
avi-richard-mille-rm032-dark-diver-skeleton-dial-rm032-003,mismatch,name;price;reference,"Richard Mille RM 032 ""Dark Diver"", Limited to 30 pcs, Titanium, Skeleton Dial, 50 mm",Richard Mille RM 032,Richard Mille,NULL,NULL,RM032,0,97000.0,3,3,/api/uploads/aviandco/products/richard-mille-rm032-001-1-1-4df9af08b21b84c5.jpg,https://www.aviandco.com/richard-mille-rm032-dark-diver-skeleton-dial-rm032-003
avi-richard-mille-rm032-skeleton-dial-rm032-002,mismatch,name;price;reference,"Richard Mille RM 032 AK Titanium, Skeleton Dial, 50 mm",Richard Mille RM 032,Richard Mille,NULL,NULL,RM032,0,75000.0,3,3,/api/uploads/aviandco/products/richard-mille-rm032-002-1-40064ffab297a4c5.jpg,https://www.aviandco.com/richard-mille-rm032-skeleton-dial-rm032-002
avi-richard-mille-rm035-02-skeleton-dial-g0rm035-02-spy001,mismatch,name;reference,"Richard Mille RM 35-02 Red Quartz TPT, ""Rafael Nadal"", Skeleton Dial, 50 mm",Richard Mille RM 35-02,Richard Mille,NULL,NULL,RM35-02,279900,279900.0,3,3,/api/uploads/aviandco/products/richard-mille-rm35-02-g0rm35-02-spy001-1-e65b212820f0fa6b.jpg,https://www.aviandco.com/richard-mille-rm035-02-skeleton-dial-g0rm035-02-spy001
avi-richard-mille-rm035-transparent-dial-rm035-001,mismatch,name,"Richard Mille RM 035 Ceramic & 18K Rose Gold, ""Americas Black Toro"", Transparent Dial, 50 mm",There has been an error processing your request,Richard Mille,NULL,NULL,,389900,0,3,0,/api/uploads/aviandco/products/rm035-001-1-07fdb3342fd9c4e2.jpg,https://www.aviandco.com/richard-mille-rm035-transparent-dial-rm035-001
avi-richard-mille-rm037-skeleton-dial-g0rm037-7009,mismatch,name,"Richard Mille RM 037 18K White Gold, Skeleton Diamond Dial, 34 mm",There has been an error processing your request,Richard Mille,NULL,NULL,,0,0,3,0,/api/uploads/aviandco/products/richard-mille-rm037-blue-1-8a18b732185a4873.jpg,https://www.aviandco.com/richard-mille-rm037-skeleton-dial-g0rm037-7009
avi-richard-mille-rm037-skeleton-dial-rm037-008,mismatch,name;price;reference,"Richard Mille RM 037 Black TPT, Carbon, 18K Rose Gold, Skeleton Dial, 52 mm",Richard Mille RM 037,Richard Mille,NULL,NULL,RM037,0,239800.0,4,3,/api/uploads/aviandco/products/richard-mille-rm037-black-carbon-1-1-1-862cee97d83feb54.jpg,https://www.aviandco.com/richard-mille-rm037-skeleton-dial-rm037-008
avi-richard-mille-rm037-skeleton-dial-rm07-005,mismatch,name;reference,"Richard Mille RM 037 Carbon & 18K Rose Gold, Diamond Set, Skeleton Dial, 53 mm",Richard Mille RM 037,Richard Mille,NULL,NULL,RM037,275000,275000.0,12,3,/api/uploads/aviandco/products/richard-mille-rm037-005-1-616822a334bb5427.jpg,https://www.aviandco.com/richard-mille-rm037-skeleton-dial-rm07-005
avi-richard-mille-rm037-skeleton-index-dial-rm037-013,mismatch,name,"Richard Mille RM 037 18K Rose Gold & Diamonds, Skeleton Index Dial, 53 mm",This site can’t be reached,Richard Mille,NULL,NULL,,0,0,12,0,/api/uploads/aviandco/products/richard-mille-rm037-013-1-589ed6a43a9c4265.jpg,https://www.aviandco.com/richard-mille-rm037-skeleton-index-dial-rm037-013
avi-richard-mille-rm037-skeleton-red-jasper-dial-rm037-010,mismatch,name;price;reference;image_count,"Richard Mille RM 037 18K White Gold, Skeleton Red Jasper Roman Dial, 53 mm",Richard Mille RM 037,Richard Mille,NULL,NULL,RM037,0,377500.0,1,3,/api/uploads/aviandco/products/richard-mille-rm037-010-1-f4cbf2c0060c28e3.jpg,https://www.aviandco.com/richard-mille-rm037-skeleton-red-jasper-dial-rm037-010
avi-richard-mille-rm037-skelton-dial-rm037-007,mismatch,name;reference,"Richard Mille RM 037 18K Rose Gold & Carbon, Skeleton Dial, 53 mm",Richard Mille RM 037,Richard Mille,NULL,NULL,RM037,209900,209900.0,4,3,/api/uploads/aviandco/products/richard-mille-rm037-007-1-c86b8fb21e6ac759.jpg,https://www.aviandco.com/richard-mille-rm037-skelton-dial-rm037-007
avi-richard-mille-rm037-transparent-dial-g0rm037-009,mismatch,name;reference;image_count,"Richard Mille RM 037 18K Rose Gold, Transparent Roman Dial, 53 mm",Richard Mille RM 037,Richard Mille,NULL,NULL,RM037,119999,119999.0,1,3,/api/uploads/aviandco/products/rm037-004-1-4-1-c53601cc85041d1f.jpg,https://www.aviandco.com/richard-mille-rm037-transparent-dial-g0rm037-009
avi-richard-mille-rm055-skeleton-dial-rm055-013,mismatch,name;reference;image_count,"Richard Mille RM 055 ""Bubba Watson"", White Ceramic, Skeleton Dial, 50 mm",Richard Mille RM 055,Richard Mille,NULL,NULL,RM055,349000,349000.0,1,3,/api/uploads/aviandco/products/richard-mille-rm055-004-1-1-2c1407f1b3319562.jpg,https://www.aviandco.com/richard-mille-rm055-skeleton-dial-rm055-013
avi-richard-mille-rm055-skeleton-dial-rm055-014,mismatch,name;price;reference,"Richard Mille RM 055 ""Bubba Watson"", Black NTPT Carbon & 18K Rose Gold, Diamond Bezel, Skeleton Dial, 50 mm",Richard Mille RM 055,Richard Mille,NULL,NULL,RM055,0,290800.0,3,3,/api/uploads/aviandco/products/richard-mille-bubba-watson-rm055-008-1-e3ce5a96425c213b.jpg,https://www.aviandco.com/richard-mille-rm055-skeleton-dial-rm055-014
avi-richard-mille-rm055-transparent-dial-g0rm-055-001,mismatch,name;reference,"Richard Mille RM055 Bubba Watson Ceramic, Dubai Limited Edition, Transparent Dial, 49 mm",Richard Mille RM055,Richard Mille,NULL,NULL,RM055,399900,399900.0,3,3,/api/uploads/aviandco/products/richard-mille-rm055-bubba-watson-dubai-1-6afcdbc5b5631c56.jpg,https://www.aviandco.com/richard-mille-rm055-transparent-dial-g0rm-055-001
avi-richard-mille-rm055-transparent-dial-g0rm055-007,mismatch,name;price;reference,"Richard Mille RM 055 Grey Bubba Watson, Limited to 100pcs, Transparent Dial, 50 mm",Richard Mille RM 055,Richard Mille,NULL,NULL,RM055,0,400000.0,3,3,/api/uploads/aviandco/products/m05507012-1-1180c7235e23b538.jpg,https://www.aviandco.com/richard-mille-rm055-transparent-dial-g0rm055-007
avi-richard-mille-rm055-transparent-dial-rm055-010,mismatch,name;price;reference,"Richard Mille RM 055 ""Bubba Watson"" Asia Edition, Black Ceramic, Transparent Dial, 50 mm",Richard Mille RM 055,Richard Mille,NULL,NULL,RM055,0,295900.0,3,3,/api/uploads/aviandco/products/bubba-watson-titanium-asia-edition-rm055-skeleton-watch-01-1-52e2bc8f770b3ca1.jpg,https://www.aviandco.com/richard-mille-rm055-transparent-dial-rm055-010
avi-richard-mille-rm07-01-diamond-pave-skeleton-dial-g0rm07-01,mismatch,name;reference,"Richard Mille RM 07-01 18K Rose Gold, Diamond Pave Skeleton Dial, 46 mm",Richard Mille RM 07-01,Richard Mille,NULL,NULL,RM07-01,359900,359900.0,5,3,/api/uploads/aviandco/products/richard-mille-rm07-01-005-2-2-c225cdd68acaee51.jpg,https://www.aviandco.com/richard-mille-rm07-01-diamond-pave-skeleton-dial-g0rm07-01-005
avi-richard-mille-rm07-01-skeleton-dial-g0rm07-01-007,mismatch,name;reference,"Richard Mille RM 07-01 Ceramic & 18K White Gold, Skeleton Dial, 45 mm",Richard Mille RM 07-01,Richard Mille,NULL,NULL,RM07-01,385900,385900.0,3,3,/api/uploads/aviandco/products/richard-mille-rm07-01-007-1-2-a1cc88536fd91586.jpg,https://www.aviandco.com/richard-mille-rm07-01-skeleton-dial-g0rm07-01-007
avi-richard-mille-rm07-01-skeleton-dial-g0rm07-01-spy002,mismatch,name;reference,"Richard Mille RM 07-01 Carbon TPT, Skeleton Dial, 31 mm",Richard Mille RM 07-01,Richard Mille,NULL,NULL,RM07-01,240000,240000.0,3,3,/api/uploads/aviandco/products/richard-mille-rm07-01-g0rm07-01-spy002-8c8946e69ef8b5db.jpg,https://www.aviandco.com/richard-mille-rm07-01-skeleton-dial-g0rm07-01-spy002
avi-richard-mille-rm07-01-skeleton-dial-g0rm07-01-spy003,mismatch,name,"Richard Mille RM 07-01 Carbon TPT, Transparent Dial, 45 mm",There has been an error processing your request,Richard Mille,NULL,NULL,,219900,0,3,0,/api/uploads/aviandco/products/richard-mille-rm07-01-g0rm07-01-spy003-36d3999e0aad8a25.jpg,https://www.aviandco.com/richard-mille-rm07-01-skeleton-dial-g0rm07-01-spy003
avi-richard-mille-rm07-01-skeleton-dial-g0rm07-01-spy004,mismatch,name;price;reference,"Richard Mille RM 07-01 TZP Ceramic, Skeleton Dial, 45 mm",Richard Mille RM 07-01,Richard Mille,NULL,NULL,RM07-01,0,560000.0,3,3,/api/uploads/aviandco/products/richard-mille-rm07-01-g0rm07-01-spy-004-1-fe21923d69583244.jpg,https://www.aviandco.com/richard-mille-rm07-01-skeleton-dial-g0rm07-01-spy004
avi-richard-mille-rm07-01-skeleton-dial-g0rm07-01-spy005,mismatch,name;price;reference,"Richard Mille RM 07-01 TZP Ceramic, Skeleton Dial, 45 mm",Richard Mille RM 07-01,Richard Mille,NULL,NULL,RM07-01,0,560000.0,3,3,/api/uploads/aviandco/products/richard-mille-rm07-01-g0rm07-01-spy-005-1-450b820824b87d1b.jpg,https://www.aviandco.com/richard-mille-rm07-01-skeleton-dial-g0rm07-01-spy005
avi-richard-mille-rm07-01-skeleton-dial-g0rm07-01-spy006,mismatch,name;price;reference,"Richard Mille RM 07-01 TZP Ceramic, Skeleton Dial, 45 mm",Richard Mille RM 07-01,Richard Mille,NULL,NULL,RM07-01,0,560000.0,3,3,/api/uploads/aviandco/products/richard-mille-rm07-01-g0rm07-01-spy-006-1-b9e1e9c5ec95ada8.jpg,https://www.aviandco.com/richard-mille-rm07-01-skeleton-dial-g0rm07-01-spy006
avi-richard-mille-rm07-01-skeleton-dial-rm07-01-009,mismatch,name;price;reference,"Richard Mille RM 07-01 Ceramic & 18K White Gold, Skeleton Dial, 45 mm",Richard Mille RM 07-01,Richard Mille,NULL,NULL,RM07-01,0,265300.0,3,3,/api/uploads/aviandco/products/richard-mille-rm07-01-009-1-3709505a272aae91.jpg,https://www.aviandco.com/richard-mille-rm07-01-skeleton-dial-rm07-01-009
avi-richard-mille-rm07-01-skeleton-dial-rm07-01-010,mismatch,name;price;reference,"Richard Mille RM 07-01 18K Rose Gold, Array of Diamonds, Skeleton Dial, 46 mm",Richard Mille RM 07-01,Richard Mille,NULL,NULL,RM07-01,0,433600.0,12,3,/api/uploads/aviandco/products/richard-mille-rm07-01-003-1-1-c6687072bc60610c.jpg,https://www.aviandco.com/richard-mille-rm07-01-skeleton-dial-rm07-01-010
avi-richard-mille-rm07-01-transparent-dial-rm07-01-002,mismatch,name;price;reference,"Richard Mille RM 07-01 Carbon TPT, 18K Rose Gold, Diamond Set, Skeleton Dial, 47 mm",Richard Mille RM 07-01,Richard Mille,NULL,NULL,RM07-01,0,349900.0,3,3,/api/uploads/aviandco/products/richard-mille-rm007-01-002-1-8bfa3ed7ffa07228.jpg,https://www.aviandco.com/richard-mille-rm07-01-transparent-dial-rm07-01-002
avi-richard-mille-rm07-01-transparent-dial-rm07-01-008,mismatch,name;price;reference,"Richard Mille RM 07-01 Ceramic, Transparent Dial, 46 mm",Richard Mille RM 07-01,Richard Mille,NULL,NULL,RM07-01,0,280600.0,3,3,/api/uploads/aviandco/products/richard-mille-rm07-01-008-1-96b8fc3e19488c57.jpg,https://www.aviandco.com/richard-mille-rm07-01-transparent-dial-rm07-01-008
avi-richard-mille-rm07-02-transparent-dial-g0rm07-02-001,mismatch,name;price;reference,"Richard Mille RM 07-01 18K Rose Gold, Carbon TPT, Diamond Set, Transparent Dial 39 mm",Richard Mille RM 07-01,Richard Mille,NULL,NULL,RM07-01,0,349900.0,3,3,/api/uploads/aviandco/products/richard-mille-rm07-01-black-diamonds-1-8f5b3d7c014b7361.jpg,https://www.aviandco.com/richard-mille-rm07-02-transparent-dial-g0rm07-02-001
avi-richard-mille-rm07-04-skeleton-dial-g0rm07-04-spy001,mismatch,name;reference,"Richard Mille RM 07-04 Salmon Quartz TPT, Skeleton Dial, 30 mm",Richard Mille RM 07-04,Richard Mille,NULL,NULL,RM07-04,366900,366900.0,3,3,/api/uploads/aviandco/products/richard-mille-rm07-04-g0rm07-04-spy001-1-8ca1cbe078eeb2d4.jpg,https://www.aviandco.com/richard-mille-rm07-04-skeleton-dial-g0rm07-04-spy001
avi-richard-mille-rm07-04-skeleton-dial-g0rm07-04-spy002,mismatch,name;reference,"Richard Mille RM 07-04 Green Quartz TPT, Skeleton Dial, 30 mm",Richard Mille RM 07-04,Richard Mille,NULL,NULL,RM07-04,439900,439900.0,3,3,/api/uploads/aviandco/products/richard-mille-rm-07-04-g0rm07-04-spy002-1-e0717b87108034fb.jpg,https://www.aviandco.com/richard-mille-rm07-04-skeleton-dial-g0rm07-04-spy002
avi-richard-mille-rm07-04-skeleton-dial-g0rm07-04-spy003,mismatch,name;reference,"Richard Mille RM 07-04 Blue Quartz TPT, Skeleton Dial, 30 mm",Richard Mille RM 07-04,Richard Mille,NULL,NULL,RM07-04,359900,359900.0,3,3,/api/uploads/aviandco/products/richard-mille-rm-07-04-g0rm07-04-spy003-8a6fdd7bed50d649.jpg,https://www.aviandco.com/richard-mille-rm07-04-skeleton-dial-g0rm07-04-spy003
avi-richard-mille-rm07-04-transparent-dial-rm07-04-001,mismatch,name;reference,"Richard Mille RM07-04 Carbon, Transparent Dial, 31 mm",Richard Mille RM07-04,Richard Mille,NULL,NULL,RM07-04,280600,280600.0,3,3,/api/uploads/aviandco/products/richard-mille-rm07-04-001-1-f4b56e8af4c713e1.jpg,https://www.aviandco.com/richard-mille-rm07-04-transparent-dial-rm07-04-001
avi-richard-mille-rm11-03-01-skeleton-dial-g0-rm11-01-002,mismatch,name;price;reference,"Richard Mille RM 11-03 Titanium, Skeleton Dial, 50 mm",Richard Mille RM 11-03,Richard Mille,NULL,NULL,RM11-03,0,346084.98,3,3,/api/uploads/aviandco/products/g0rm11-03-01-001-b856d57ab6f212d0.jpg,https://www.aviandco.com/richard-mille-rm11-03-01-skeleton-dial-g0-rm11-01-002
avi-richard-mille-rm11-03-01-skeleton-dial-g0-rm11-03-001,mismatch,name;price;reference,"Richard Mille RM 11-03 Black NTPT, Skeleton Dial, 50 mm",Richard Mille RM 11-03,Richard Mille,NULL,NULL,RM11-03,0,432580.98,5,3,/api/uploads/aviandco/products/m11307030--1-1-1-4bd8095cabff0826.jpg,https://www.aviandco.com/richard-mille-rm11-03-01-skeleton-dial-g0-rm11-03-001
avi-richard-mille-rm11-03-01-skeleton-dial-g0-rm11-03-002,mismatch,name;reference,"Richard Mille RM 11-03 Rose Gold & Titanium, Skeleton Dial, 50 mm",Richard Mille RM 11-03,Richard Mille,NULL,NULL,RM11-03,269900,269900.0,12,3,/api/uploads/aviandco/products/rm11-03-003-1-c7de86fefdefe3d7.jpg,https://www.aviandco.com/richard-mille-rm11-03-01-skeleton-dial-g0-rm11-03-002
avi-richard-mille-rm11-03-skeleton-dial-g0rm11-03-023,mismatch,name;price;reference,"Richard Mille RM 11-03 ""Jean Todt"", NTPT Blue & Black Carbon, Skeleton Dial, 50 mm",Richard Mille RM 11-03,Richard Mille,NULL,NULL,RM11-03,0,468280.98,11,3,/api/uploads/aviandco/products/richard-mille-rm11-03-rm11-03-023-1-83fcc546f5b66c4e.jpg,https://www.aviandco.com/richard-mille-rm11-03-skeleton-dial-g0rm11-03-023
avi-richard-mille-rm11-03-skeleton-dial-g0rm11-03-23-01,mismatch,name;reference,"Richard Mille RM 11-03 Red TPT, Skeleton Dial, 50 mm",Richard Mille RM 11-03,Richard Mille,NULL,NULL,RM11-03,289900,289900.0,12,3,/api/uploads/aviandco/products/m11307014--1-250-1-1-3fc4237025944ac1.jpg,https://www.aviandco.com/richard-mille-rm11-03-skeleton-dial-g0rm11-03-23-01
avi-richard-mille-rm11-03-skeleton-dial-g0rm11-03-spy-001,mismatch,name;price;reference,"Richard Mille RM 11-03 White Ceramic, Skeleton Dial, 50 mm",Richard Mille RM 11-03,Richard Mille,NULL,NULL,RM11-03,0,500000.0,3,3,/api/uploads/aviandco/products/richard-mille-rm11-03-g0rm11-03-spy001-1-1-6aa1ea7347caf764.jpg,https://www.aviandco.com/richard-mille-rm11-03-skeleton-dial-g0rm11-03-spy-001
avi-richard-mille-rm11-03-skeleton-dial-g0rm11-03-spy-002,mismatch,name;price;reference,"Richard Mille RM 11-03 Black Ceramic, Skeleton Dial, 50 mm",Richard Mille RM 11-03,Richard Mille,NULL,NULL,RM11-03,0,380000.0,3,3,/api/uploads/aviandco/products/richard-mille-rm11-03-g0rm11-03-spy002-1-fc9a3947396536d5.jpg,https://www.aviandco.com/richard-mille-rm11-03-skeleton-dial-g0rm11-03-spy-002
avi-richard-mille-rm11-03-skeleton-dial-rm11-03-026,mismatch,name;price;reference,"Richard Mille RM 11-03 Titanium, Skeleton Dial, 50 mm",Richard Mille RM 11-03,Richard Mille,NULL,NULL,RM11-03,0,204100.0,12,3,/api/uploads/aviandco/products/richard-mille-rm11-03-026-1-73d75da0a3a3d548.jpg,https://www.aviandco.com/richard-mille-rm11-03-skeleton-dial-rm11-03-026
avi-richard-mille-rm21-02-skeleton-dial-rm21-02-001,mismatch,name;price;reference,"Richard Mille RM 21-02 Tourbillon Aerodyne, Carbon, Skeleton Dial, 43 mm",Richard Mille RM 21-02,Richard Mille,NULL,NULL,RM21-02,0,918100.0,3,3,/api/uploads/aviandco/products/richard-mille-rm21-02-001-1-2d180a7dcd7eebb8.jpg,https://www.aviandco.com/richard-mille-rm21-02-skeleton-dial-rm21-02-001
avi-richard-mille-rm27-03-rafael-nadal-limited-edition-quartz-,mismatch,name;price;reference,"Richard Mille RM27-03 ""Rafael Nadal"" Limited Edition, Quartz TPT Watch, 42 mm",Richard Mille RM27-03,Richard Mille,NULL,NULL,RM27-03,0,1250000.0,3,3,/api/uploads/aviandco/products/m27307001--1-254-1-91d1d03030b5677e.jpg,https://www.aviandco.com/richard-mille-rm27-03-rafael-nadal-limited-edition-quartz-tpt-watch-rm27-g0rm27-03-001
avi-richard-mille-rm27-05-skeleton-dial-g0rm27-05-001,mismatch,name;reference,"Richard Mille RM 27-05 ""Rafael Nadal"", Manual Winding Flying Tourbillon, Carbon, Skeleton Dial, 37 mm",Richard Mille RM 27-05,Richard Mille,NULL,NULL,RM27-05,2350000,2350000.0,3,3,/api/uploads/aviandco/products/richard-mille-rm27-05ca-1-b5106f5cad4c3c9c.jpg,https://www.aviandco.com/richard-mille-rm27-05-skeleton-dial-g0rm27-05-001
avi-richard-mille-rm30-01-skeleton-dial-g0rm30-01-004,mismatch,name;price;reference,"Richard Mille RM 30-01 ""Le Mans Classic"", Titanium, Skeleton Dial, 50 mm",Richard Mille RM 30-01,Richard Mille,NULL,NULL,RM30-01,0,279900.0,3,3,/api/uploads/aviandco/products/richard-mille-rm30-01-g0rm30-01-004-1-10919353709787c8.jpg,https://www.aviandco.com/richard-mille-rm30-01-skeleton-dial-g0rm30-01-004
avi-richard-mille-rm30-01-skeleton-dial-g0rm30-01-spy-001,mismatch,name;reference,"Richard Mille RM 30-01 Ceramic, Skeleton Dial, 42 mm",Richard Mille RM 30-01,Richard Mille,NULL,NULL,RM30-01,409900,409900.0,3,3,/api/uploads/aviandco/products/richard-mille-rm30-01-g0rm30-01-spy-001-9533d56f5b2e6b04.jpg,https://www.aviandco.com/richard-mille-rm30-01-skeleton-dial-g0rm30-01-spy-001
avi-richard-mille-rm30-01-skeleton-dial-rm30-01-003,mismatch,name;reference,"Richard Mille RM 30-01 18K Rose Gold & Titanium, Skeleton Dial, 50 mm",Richard Mille RM 30-01,Richard Mille,NULL,NULL,RM30-01,280600,280600.0,8,3,/api/uploads/aviandco/products/richard-mille-rm30-01-003-1-fc4b1dd1b81d8a5a.jpg,https://www.aviandco.com/richard-mille-rm30-01-skeleton-dial-rm30-01-003
avi-richard-mille-rm30-01-skeleton-dial-rm30-01-005,mismatch,name,"Richard Mille RM 30-01 Titanium, Skeleton Dial, 50 mm",This site can’t be reached,Richard Mille,NULL,NULL,,265300,0,3,0,/api/uploads/aviandco/products/richard-mille-rm30-01-005-1-85f25d27a90b8320.jpg,https://www.aviandco.com/richard-mille-rm30-01-skeleton-dial-rm30-01-005
avi-richard-mille-rm33-02-transparent-dial-g0rm33-02-001,mismatch,name,"Richard Mille RM 33-02 Carbon TPT, 18K Rose Gold, Transparent Dial, 42 mm",This site can’t be reached,Richard Mille,NULL,NULL,,140000,0,12,0,/api/uploads/aviandco/products/richard-mille-rm-33-02-1a-1-ff780bfc1fbd43e7.jpg,https://www.aviandco.com/richard-mille-rm33-02-transparent-dial-g0rm33-02-001
avi-richard-mille-rm33-03-skeleton-dial-g0rm33-03-001,mismatch,name;price;reference,"Richard Mille RM 33-03 Carbon TPT, Skeleton Dial, 42 mm",Richard Mille RM 33-03,Richard Mille,NULL,NULL,RM33-03,0,139900.0,3,3,/api/uploads/aviandco/products/richard-mille-rm33-03-rm33-03-001-1-9fff00d36f1665c4.jpg,https://www.aviandco.com/richard-mille-rm33-03-skeleton-dial-g0rm33-03-001
avi-richard-mille-rm35-02-rafael-nadal-transparent-dial-rm35-0,mismatch,name;reference,"Richard Mille RM 35-02 ""Rafael Nadal"", Red TPT, Transparent Dial, 50 mm",Richard Mille RM 35-02,Richard Mille,NULL,NULL,RM35-02,260200,260200.0,12,3,/api/uploads/aviandco/products/m35207006--1-46-1-1-57f130e6c292e6d3.jpg,https://www.aviandco.com/richard-mille-rm35-02-rafael-nadal-transparent-dial-rm35-02-004
avi-richard-mille-rm35-02-skeleton-dial-g0rm35-02-spy002,mismatch,name;reference,"Richard Mille RM 35-02 Carbon, Skeleton Dial, 45 mm",Richard Mille RM 35-02,Richard Mille,NULL,NULL,RM35-02,365000,365000.0,3,3,/api/uploads/aviandco/products/richard-mille-g0rm35-02-spy002-74c75351d4143e17.jpg,https://www.aviandco.com/richard-mille-rm35-02-skeleton-dial-g0rm35-02-spy002
avi-richard-mille-rm35-03-rafael-nadal-transparent-dial-rm35-0,mismatch,name;price;reference,"Richard Mille RM 35-03 ""Rafael Nadal"", Blue Carbon TPT, Transparent Dial, 50 mm",Richard Mille RM 35-03,Richard Mille,NULL,NULL,RM35-03,0,443800.0,5,3,/api/uploads/aviandco/products/richard-mille-rm35-03-001-1-06d5a86e7efc4f3c.jpg,https://www.aviandco.com/richard-mille-rm35-03-rafael-nadal-transparent-dial-rm35-03-010
avi-richard-mille-rm37-01-skeleton-dial-rm37-01-012,mismatch,name;price;reference,"Richard Mille RM 37-01 Black NTPT, Carbon, Skeleton Dial, 52 mm",Richard Mille RM 37-01,Richard Mille,NULL,NULL,RM37-01,0,178600.0,3,3,/api/uploads/aviandco/products/richard-mille-rm-037-01-011-1-1-a74a94563aa03607.jpg,https://www.aviandco.com/richard-mille-rm37-01-skeleton-dial-rm37-01-012
avi-richard-mille-rm38-01-skeleton-dial-g0rm38-01-spy001,mismatch,name;price;reference,"Richard Mille RM 38-01 ""Bubba Watson"", White Quartz TPT, Skeleton Dial, 50 mm",Richard Mille RM 38-01,Richard Mille,NULL,NULL,RM38-01,0,1600000.0,3,3,/api/uploads/aviandco/products/richard-mille-rm38-01-g0rm38-01-spy001-441b9ad1da2a3898.jpg,https://www.aviandco.com/richard-mille-rm38-01-skeleton-dial-g0rm38-01-spy001
avi-richard-mille-rm40-01-mclaren-speedtail-skeleton-dial-g0rm,mismatch,name;reference,"Richard Mille RM40-01 ""McLaren Speedtail"", Titanium, Skeleton Arabic Dial, 48 mm",Richard Mille RM40-01,Richard Mille,NULL,NULL,RM40-01,639900,639900.0,3,3,/api/uploads/aviandco/products/richard-mille-rm-40-01-001-1-201a67abe99cd88d.jpg,https://www.aviandco.com/richard-mille-rm40-01-mclaren-speedtail-skeleton-dial-g0rm40-01-001
avi-richard-mille-rm41-01-skeleton-dial-g0rm41-01-spy001,mismatch,name;price;reference,"Richard Mille RM 41-01 ""Soccer"", Basalt TPT, Skeleton Dial, 43 mm",Richard Mille RM 41-01,Richard Mille,NULL,NULL,RM41-01,0,2000000.0,3,3,/api/uploads/aviandco/products/richard-mille-rm41-01-g0rm41-01-spy001-1-b0c3258200e0c6a9.jpg,https://www.aviandco.com/richard-mille-rm41-01-skeleton-dial-g0rm41-01-spy001
avi-richard-mille-rm52-06-sekeleton-dial-g0rm52-06-spy001,mismatch,name;reference,"Richard Mille RM 52-06 Blue Quartz TPT, Skeleton Dial, 43 mm",Richard Mille RM 52-06,Richard Mille,NULL,NULL,RM52-06,1500000,1500000.0,3,3,/api/uploads/aviandco/products/richard-mille-rm52-06-g0rm52-06-spy001-b9e9fece6c29ab24.jpg,https://www.aviandco.com/richard-mille-rm52-06-sekeleton-dial-g0rm52-06-spy001
avi-richard-mille-rm55-01-skeleton-dial-g0rm55-01-spy-001,mismatch,name;price;reference,"Richard Mille RM 55-01 White Quartz TPT, Skeleton Dial, 38 mm (2026)",Richard Mille RM 55-01,Richard Mille,NULL,NULL,RM55-01,0,155000.0,3,3,/api/uploads/aviandco/products/richard-mille-rm-55-01-g0rm-55-01-spy-001-1-196239806d938770.jpg,https://www.aviandco.com/richard-mille-rm55-01-skeleton-dial-g0rm55-01-spy-001
avi-richard-mille-rm55-01-skeleton-dial-g0rm55-01-spy-002,mismatch,name;price;reference,"Richard Mille RM 55-01 Grey Quartz TPT, Skeleton Dial, 38 mm (2026)",Richard Mille RM 55-01,Richard Mille,NULL,NULL,RM55-01,0,155000.0,3,3,/api/uploads/aviandco/products/richard-mille-rm-55-01-g0rm-55-01-spy-002-73fb9bbb7a858d85.jpg,https://www.aviandco.com/richard-mille-rm55-01-skeleton-dial-g0rm55-01-spy-002
avi-richard-mille-rm55-01-skeleton-dial-g0rm55-01-spy-003,mismatch,name;price;reference,"Richard Mille RM 55-01 Black Carbon TPT, Skeleton Dial, 38 mm (2026)",Richard Mille RM 55-01,Richard Mille,NULL,NULL,RM55-01,0,155000.0,3,3,/api/uploads/aviandco/products/richard-mille-rm-55-01-g0rm-55-01-spy-003-06b96283e060ff00.jpg,https://www.aviandco.com/richard-mille-rm55-01-skeleton-dial-g0rm55-01-spy-003
avi-richard-mille-rm56-01-transparent-dial-g0rm56-01-001,mismatch,name;price;reference,"Richard Mille RM 56-01 Tourbillon Brown Sapphire, Skeleton Dial, 50 mm",Richard Mille RM 56-01,Richard Mille,NULL,NULL,RM56-01,0,4346524.98,6,3,/api/uploads/aviandco/products/rm56-01-001-1-1a51ccdef903bf5c.jpg,https://www.aviandco.com/richard-mille-rm56-01-transparent-dial-g0rm56-01-001
avi-richard-mille-rm65-01-openworked-dial-g0rm65-01-spy001,mismatch,name;reference,"Richard Mille RM 65-01 Titanium Chronograph, Carbon, Openworked Dial, 45 mm",Richard Mille RM 65-01,Richard Mille,NULL,NULL,RM65-01,365000,365000.0,3,3,/api/uploads/aviandco/products/richard-mille-rm65-01-g0rm65-01-spy001-1-0f84ba84dea0ea3d.jpg,https://www.aviandco.com/richard-mille-rm65-01-openworked-dial-g0rm65-01-spy001
avi-richard-mille-rm65-01-skeleton-dial-g0rm65-01-008,mismatch,name;reference,"Richard Mille RM 65-01 Split-seconds Chronograph, Carbon TPT, Skeleton Dial, 50 mm",Richard Mille RM 65-01,Richard Mille,NULL,NULL,RM65-01,399900,399900.0,12,3,/api/uploads/aviandco/products/richard-mille-rm65-01-005-rm65-01-1-1-6e322be10a743f83.jpg,https://www.aviandco.com/richard-mille-rm65-01-skeleton-dial-g0rm65-01-008
avi-richard-mille-rm65-01-skeleton-dial-g0rm65-01-spy002,mismatch,name;reference,"Richard Mille RM 65-01 Titanium, Skeleton Dial, 45 mm",Richard Mille RM 65-01,Richard Mille,NULL,NULL,RM65-01,240000,240000.0,3,3,/api/uploads/aviandco/products/richard-mille-rm-65-01-g0rm65-01-spy002-66230b22601ec177.jpg,https://www.aviandco.com/richard-mille-rm65-01-skeleton-dial-g0rm65-01-spy002
avi-richard-mille-rm65-01-skeleton-dial-rm65-01-010,mismatch,name;price;reference,"Richard Mille RM 65-01 Pastel Blue Quartz TPT Carbon, Skeleton Dial, 50 mm",Richard Mille RM 65-01,Richard Mille,NULL,NULL,RM65-01,0,443799.0,3,3,/api/uploads/aviandco/products/richard-mille-rm65-01-006-1-1-2-a2b0d55787f83653.jpg,https://www.aviandco.com/richard-mille-rm65-01-skeleton-dial-rm65-01-010
avi-richard-mille-rm65-01-skeleton-dial-rm65-01-017,mismatch,name;price;reference;image_count,"Richard Mille RM 65-01 Black Carbon TPT, Skeleton Dial, 50 mm",Richard Mille RM 65-01,Richard Mille,NULL,NULL,RM65-01,0,374900.0,1,3,/api/uploads/aviandco/products/richard-mille-65-01-017-1-ccd8f8ef3589e5ae.jpg,https://www.aviandco.com/richard-mille-rm65-01-skeleton-dial-rm65-01-017
avi-richard-mille-rm65-01-skeleton-dial-rm65-01-019,mismatch,name;price;reference,"Richard Mille RM 65-01 18K Rose Gold, Skeleton Dial, 45 mm",Richard Mille RM 65-01,Richard Mille,NULL,NULL,RM65-01,0,290800.0,3,3,/api/uploads/aviandco/products/richard-mille-rm65-01-rm65-01-004-1-2-1-1-1-42f1fa6f2632a86a.jpg,https://www.aviandco.com/richard-mille-rm65-01-skeleton-dial-rm65-01-019
avi-richard-mille-rm65-01-transparent-dial-g0rm65-01-001,mismatch,name;price;reference,"Richard Mille RM 65-01 Titanium Chronograph, Transparent Dial, 50 mm",Richard Mille RM 65-01,Richard Mille,NULL,NULL,RM65-01,0,367200.0,8,3,/api/uploads/aviandco/products/richard-mille-rm65-01-titanium-1-1-cb98d248168d0339.jpg,https://www.aviandco.com/richard-mille-rm65-01-transparent-dial-g0rm65-01-001
avi-richard-mille-rm65-01-transparent-dial-g0rm65-01-spy003,mismatch,name;price;reference,"Richard Mille RM 65-01 ""LeBron James"", Carbon TPT, Transparent Dial, 44 mm",Richard Mille RM 65-01,Richard Mille,NULL,NULL,RM65-01,0,540000.0,3,3,/api/uploads/aviandco/products/richard-mille-rm65-01-spy003-b111f71bcfd40e46.jpg,https://www.aviandco.com/richard-mille-rm65-01-transparent-dial-g0rm65-01-spy003
avi-richard-mille-rm67-01-skeleton-dial-g0rm67-01-10,mismatch,name,"Richard Mille RM 67-01 18K White Gold, Diamond Bezel, Skeleton Dial, 47 mm",This site can’t be reached,Richard Mille,NULL,NULL,,0,0,3,0,/api/uploads/aviandco/products/richard-mille-rm67-01-010-1-1-e62ba795745839bc.jpg,https://www.aviandco.com/richard-mille-rm67-01-skeleton-dial-g0rm67-01-10
avi-richard-mille-rm67-01-skeleton-dial-rm67-01-009,mismatch,name;price;reference,"Richard Mille RM 67-01 Ultra Thin, Titanium, Diamond Bezel, Skeleton Dial, 47 mm",Richard Mille RM 67-01,Richard Mille,NULL,NULL,RM67-01,0,188800.0,3,3,/api/uploads/aviandco/products/c--users-digital-downloads-rm67-01-004-1-fc1cc501b7d085bb.jpg,https://www.aviandco.com/richard-mille-rm67-01-skeleton-dial-rm67-01-009
avi-richard-mille-rm67-01-skeleton-dial-rm67-01-014,mismatch,name;price;reference,"Richard Mille RM 67-01 Platinum, Diamond Bezel, Skeleton Dial, 47 mm",Richard Mille RM 67-01,Richard Mille,NULL,NULL,RM67-01,0,561100.0,12,3,/api/uploads/aviandco/products/richard-mille-rm67-01-014-1-eba24f352546e2ae.jpg,https://www.aviandco.com/richard-mille-rm67-01-skeleton-dial-rm67-01-014
avi-richard-mille-rm67-01-skeleton-dial-rm67-01-017,mismatch,name;price;reference,"Richard Mille RM 67-01 Ultra Thin, Rose Gold, Skeleton Dial, 47 mm",Richard Mille RM 67-01,Richard Mille,NULL,NULL,RM67-01,0,224500.0,10,3,/api/uploads/aviandco/products/rm67-01-003-1-2-1-74a25d00c0dcabd1.jpg,https://www.aviandco.com/richard-mille-rm67-01-skeleton-dial-rm67-01-017
avi-richard-mille-rm67-01-skeleton-dial-rm67-01-018,mismatch,name;price;reference,"Richard Mille RM 67-01 Ultra Thin, Titanium, Skeleton Dial, 48 mm",Richard Mille RM 67-01,Richard Mille,NULL,NULL,RM67-01,0,229600.0,3,3,/api/uploads/aviandco/products/richard-mille-rm67-01-018-1-0dbc1ce3387e028c.jpg,https://www.aviandco.com/richard-mille-rm67-01-skeleton-dial-rm67-01-018
avi-richard-mille-rm67-01-transparent-dial-rm67-01-008,mismatch,name;price;reference,"Richard Mille RM 67-01 Titanium, Arabic Skeletonized Dial, 47 mm",Richard Mille RM 67-01,Richard Mille,NULL,NULL,RM67-01,0,264900.0,3,3,/api/uploads/aviandco/products/rm67-01-008-1-9c4e9ba1eba4d274.jpg,https://www.aviandco.com/richard-mille-rm67-01-transparent-dial-rm67-01-008
avi-richard-mille-rm67-02-alexis-pinturault-skeleton-dial-rm67,mismatch,name;price;reference,"Richard Mille RM 67-02 ""Alexis Pinturault"", Quartz TPT and Carbon TPT, Extra Flat, Skeleton Dial, 47 mm",Richard Mille RM 67-02,Richard Mille,NULL,NULL,RM67-02,0,443800.0,12,3,/api/uploads/aviandco/products/richard-mille-rm67-rm67-02-1-e39bbb02c272d718.jpg,https://www.aviandco.com/richard-mille-rm67-02-alexis-pinturault-skeleton-dial-rm67-02-024
avi-richard-mille-rm67-02-sebastien-ogier-skeleton-dial-rm67-0,mismatch,name;price;reference,"Richard Mille RM 67-02 ""Sebastien Ogier"", Extra Flat, Quartz TPT and Carbon TPT, Skeleton Dial, 47 mm",Richard Mille RM 67-02,Richard Mille,NULL,NULL,RM67-02,0,454000.0,3,3,/api/uploads/aviandco/products/richard-mille-rm-67-02-sebastien-ogier-1-2-290c1230d5d4caf4.jpg,https://www.aviandco.com/richard-mille-rm67-02-sebastien-ogier-skeleton-dial-rm67-02-023
avi-richard-mille-rm67-02-skeleton-dial-rm67-02-021,mismatch,name;price;reference,"Richard Mille RM 67-02 Mutaz Barshim, Quartz TPT, Skeleton Dial, 39 mm",Richard Mille RM 67-02,Richard Mille,NULL,NULL,RM,0,362200.0,3,3,/api/uploads/aviandco/products/richard-mille-rm67-02-017-1-2-435b655a4516a491.jpg,https://www.aviandco.com/richard-mille-rm67-02-skeleton-dial-rm67-02-021
avi-richard-mille-rm67-02-transparent-dial-rm67-02-007,mismatch,name;price;reference,"Richard Mille RM 67-02 ""Italy"", NTPT Carbon, Skeleton Dial, 47 mm",Richard Mille RM 67-02,Richard Mille,NULL,NULL,RM67-02,0,449900.0,11,3,/api/uploads/aviandco/products/rm67-02-005-1-1-9714417b6a196598.jpg,https://www.aviandco.com/richard-mille-rm67-02-transparent-dial-rm67-02-007
avi-richard-mille-rm67-02-wayde-van-niekerk-skeleton-dial-rm67,mismatch,name;reference,"Richard Mille RM 67-02 ""Wayde Van Niekerk"", Quartz TPT, Extra Flat, Skeleton Dial, 39 mm",Richard Mille RM 67-02,Richard Mille,NULL,NULL,RM67-02,319900,319900.0,3,3,/api/uploads/aviandco/products/richard-mille-rm-67-02-wayde-van-niekerk-1-1-9665d29463fb8efd.jpg,https://www.aviandco.com/richard-mille-rm67-02-wayde-van-niekerk-skeleton-dial-rm67-02-020
avi-richard-mille-rm68-01-skeleton-dial-g0rm68-01-spy001,mismatch,name;reference,"Richard Mille RM 68-01 ""Cyril Kongo"" Tourbillion, Carbon, Skeleton Dial, 50 mm",Richard Mille RM 68-01,Richard Mille,NULL,NULL,RM68-01,2150000,2150000.0,3,3,/api/uploads/aviandco/products/richard-mille-rm68-01-g0rm68-01-spy001-1-f7fba2f9a95d3d99.jpg,https://www.aviandco.com/richard-mille-rm68-01-skeleton-dial-g0rm68-01-spy001
avi-richard-mille-rm72-01-skeleton-dial-rm72-01-008,mismatch,name;reference,"Richard Mille RM 72-01 Titanium, Flyback Chronograph, Skeleton Dial, Baguette Diamond Bezel, 47 mm",Richard Mille RM 72-01,Richard Mille,NULL,NULL,RM72-01,655000,655000.0,12,3,/api/uploads/aviandco/products/richard-mille-rm72-01-rm72-01-008-1-d92cc372ca298a27.jpg,https://www.aviandco.com/richard-mille-rm72-01-skeleton-dial-rm72-01-008
avi-richard-mille-rm72-01-skeleton-dial-rm72-01-010,mismatch,name,"Richard Mille RM 72-01 Lifestyle Flyback Chronograph, Black TPZ Ceramic & 18K Rose Gold, Skeleton Dial, 47 mm",There has been an error processing your request,Richard Mille,NULL,NULL,,423400,0,1,0,/api/uploads/aviandco/products/richard-mille-rm72-01-rm72-01-010-1-4632af40b9212464.jpg,https://www.aviandco.com/richard-mille-rm72-01-skeleton-dial-rm72-01-010
avi-richard-mille-sebastien-ogier-rm67-02-transparent-dial-g0r,mismatch,name;price;reference;image_count,"Richard Mille RM 67-02 ""Alexander Zverev"", Carbon, Skeleton Dial, 47 mm",Richard Mille RM 67-02,Richard Mille,NULL,NULL,RM67-02,0,399900.0,1,3,/api/uploads/aviandco/products/rm-67-02-1-edb60e0bce1539bd.jpg,https://www.aviandco.com/richard-mille-sebastien-ogier-rm67-02-transparent-dial-g0rm67-02-11
avi-richard-mille-skeleton-dial-am-ti-rm-011i-024,mismatch,name;price;reference;image_count,"Richard Mille RM 011 ""Felipe Massa"", Titanium AM TI, Transparent Dial, 50 mm",Richard Mille RM 011,Richard Mille,NULL,NULL,RM011,0,142900.0,1,3,/api/uploads/aviandco/products/richard-mille-g0rm11-02-spy006-1-f9ec71951652f967.jpg,https://www.aviandco.com/richard-mille-skeleton-dial-am-ti-rm-011i-024
avi-richard-mille-skeleton-dial-g0rm72-01-003,mismatch,name;price;reference;image_count,"Richard Mille RM 72-01 Flyback Chronograph, 18K Rose Gold, Skeleton Dial, 47 mm",Richard Mille RM 72-01,Richard Mille,NULL,NULL,RM72-01,0,339900.0,1,3,/api/uploads/aviandco/products/richard-mille-72-01-black-1-b3d104da00f26652.jpg,https://www.aviandco.com/richard-mille-skeleton-dial-g0rm72-01-003
avi-richard-mille-titanium-transparent-dial-g0-rm-029-001-01,mismatch,name;price;reference;image_count,"Richard Mille RM 029 Titanium, Transparent Dial, 48 mm",Richard Mille RM 029,Richard Mille,NULL,NULL,RM029,0,200122.98,1,3,/api/uploads/aviandco/products/g02907004--1-242-dc06d59069d61501.jpg,https://www.aviandco.com/richard-mille-titanium-transparent-dial-g0-rm-029-001-01
avi-richard-mille-transparent-dial-g0-rm-029-2-02,mismatch,name;reference,"Richard Mille RM 029 Le Mans Classic, Skeleton Dial, 48 mm",Richard Mille RM 029,Richard Mille,NULL,NULL,RM029,294900,294900.0,3,3,/api/uploads/aviandco/products/richard-mille-rm-029-lemans-classic-8a7511fcf84aa86c.jpg,https://www.aviandco.com/richard-mille-transparent-dial-g0-rm-029-2-02
avi-richard-mille-transparent-dial-g0rm-029-spy001,mismatch,name;reference;image_count,"Richard Mille RM 029 18K Rose Gold, Transparent Dial, 48 mm",Richard Mille RM 029,Richard Mille,NULL,NULL,RM029,163900,163900.0,1,3,/api/uploads/aviandco/products/rm029-001-1-1-052d9c7bcda2dcda.jpg,https://www.aviandco.com/richard-mille-transparent-dial-g0rm-029-spy001
avi-richard-mille-transparent-dial-g0rm07-01-spy001,mismatch,name;reference,"Richard Mille RM 07-01 Red TPT Quartz, Carbon, Skeleton Dial, 46 mm",Richard Mille RM 07-01,Richard Mille,NULL,NULL,RM07-01,235000,235000.0,3,3,/api/uploads/aviandco/products/richard-mille-rm07-01-red-1-1-2251d0f2403bad70.jpg,https://www.aviandco.com/richard-mille-transparent-dial-g0rm07-01-spy001
avi-richard-mille-transparent-dial-rm12-01-001,mismatch,name;price;reference,"Richard Mille RM 12-01 Sapphire Blue Tourbillion, Transparent Dial, 50 mm",Richard Mille RM 12-01,Richard Mille,NULL,NULL,RM12-01,0,4590099.0,12,3,/api/uploads/aviandco/products/richard-mille-rm12-01-sapphire-1-103c44e4b7a65c1e.jpg,https://www.aviandco.com/richard-mille-transparent-dial-rm12-01-001
avi-richard-mille-ultimate-edition-rm-11-03-skeleton-dial-g0m1,mismatch,name;price;reference,"Richard Mille RM 11-03 Ultimate Edition, Carbon, Limited to 200pcs, Transparent Dial, 50 mm",Richard Mille RM 11-03,Richard Mille,NULL,NULL,RM11-03,0,465990.0,3,3,/api/uploads/aviandco/products/richard-mille-rm11-03-034-1-6dbdd9fbd0beb2f2.jpg,https://www.aviandco.com/richard-mille-ultimate-edition-rm-11-03-skeleton-dial-g0m11-03-034
avi-richard-mlle-rm-011-skeleton-dial-rm-011-am-002,mismatch,name;reference,"Richard Mille RM 011 ""Red Demon"", Limited to 30 pcs, Automatic Flyback Chronograph, 18K Rose Gold, Skeleton Dial, 50 mm",Richard Mille RM 011,Richard Mille,NULL,NULL,RM011,219400,219400.0,3,3,/api/uploads/aviandco/products/richard-mille-rm011-am-002-1-c200033358cea852.jpg,https://www.aviandco.com/richard-mlle-rm-011-skeleton-dial-rm-011-am-002
avi-richard-mlle-rm-023-skeleton-dial-rm-023-002,mismatch,name;reference,"Richard Mille RM 023 18K Rose Gold, Skeleton Dial, 45 mm",Richard Mille RM 023,Richard Mille,NULL,NULL,RM023,132700,132700.0,3,3,/api/uploads/aviandco/products/richard-mille-rm023-002-1-0baab442daabbe29.jpg,https://www.aviandco.com/richard-mlle-rm-023-skeleton-dial-rm-023-002
avi-roger-dubuis-excalibur-monobalancier-rddbex0954-skeleton-d,missing_source_url,,"Roger Dubuis Excalibur Monobalancier RDDBEX0954, 18K Rose Gold, Skeleton Dial, 42 mm",,Roger Dubuis,NULL,NULL,,35800,,1,0,/api/uploads/aviandco/products/aviandco-404-oswaldo-local.jpg,
avi-rolex-118366-day-date-36mm-sw-baguette-diamond-bezel-silve,mismatch,name;price;reference,"Rolex Day-Date 36 118366, Platinum, SW Baguette Bezel, Silver Diamond Dial, Day Date, 36 mm",Rolex Day-Date 36,Rolex,NULL,NULL,118366,59200,55100.0,3,3,/api/uploads/aviandco/products/rolex-day-date-36-118366-001-1-15d01f61c0a2709a.jpg,https://www.aviandco.com/rolex-118366-day-date-36mm-sw-baguette-diamond-bezel-silver-diamond-dial-118366-001
avi-rolex-air-king-116900-black-dial-116900-001,mismatch,name;reference,"Rolex Air-King 116900, Stainless Steel, Mercedes Hands, Black Dial, 40 mm",Rolex Air-King,Rolex,NULL,NULL,116900,8900,8900.0,9,3,/api/uploads/aviandco/products/wtch04265-1-159-1-1-28f02e0e072f9cd6.jpg,https://www.aviandco.com/rolex-air-king-116900-black-dial-116900-001
avi-rolex-air-king-126900-black-dial-126900-004,mismatch,name,"Rolex Air-King 126900, Stainless Steel, Black Dial, Oyster Bracelet, 40 mm",There has been an error processing your request,Rolex,NULL,NULL,,0,0,12,0,/api/uploads/aviandco/products/rolex-airking-126900-004-1-935365992136229d.jpg,https://www.aviandco.com/rolex-air-king-126900-black-dial-126900-004
avi-rolex-air-king-14000-blue-dial-g014000-001,mismatch,name,"Rolex Air-King 14000, Stainless Steel, Blue Dial, 34 mm",This site can’t be reached,Rolex,NULL,NULL,,0,0,3,0,/api/uploads/aviandco/products/rolex-air-king-g014000-001-1-1e59a10dc1112226.jpg,https://www.aviandco.com/rolex-air-king-14000-blue-dial-g014000-001
avi-rolex-celini-50529-silver-dial-50529-002,mismatch,name;price;reference,"Rolex Cellini 50529, Dual Time, 18K White Gold, Silver Dial",Rolex Cellini,Rolex,NULL,NULL,50529,0,18400.0,3,3,/api/uploads/aviandco/products/rolex-cellini-50529-1-6c2324d2967336d7.jpg,https://www.aviandco.com/rolex-celini-50529-silver-dial-50529-002
avi-rolex-cellini-50529-black-dial-g050529,mismatch,name;reference,"Rolex Cellini 50529, Dual Time, 18K White Gold, Black Dial, 39 mm",Rolex Cellini,Rolex,NULL,NULL,50529,18300,18300.0,3,3,/api/uploads/aviandco/products/g050529-c9daf65c33ef509e.png,https://www.aviandco.com/rolex-cellini-50529-black-dial-g050529
avi-rolex-cellini-50535-white-dial-50535-002,mismatch,name;reference,"Rolex Cellini 50535, 18K Rose Gold, White Dial, Leather Buckle Bracelet, 39 mm",Rolex Cellini,Rolex,NULL,NULL,50535,30100,30100.0,3,3,/api/uploads/aviandco/products/rolex-cellini-50535-white-dial-1-77851fbbbe069c9b.jpg,https://www.aviandco.com/rolex-cellini-50535-white-dial-50535-002
avi-rolex-chronometer-3255-salmon-roman-dial-3255-002,mismatch,name;price;reference,"Rolex Chronometer 3255, 18K Yellow Gold, Salmon Roman Dial, 25MM",Rolex Chronometer,Rolex,NULL,NULL,3255,9200,8200.0,3,3,/api/uploads/aviandco/products/rolex-chronometer-3255-002-1-5347c255f6b66572.jpg,https://www.aviandco.com/rolex-chronometer-3255-salmon-roman-dial-3255-002
avi-rolex-date-just-31-278274-dark-grey-dial-278274-015,mismatch,name,"Rolex Datejust 31 278274, Stainless Steel, Dark Grey Dial, Jubilee Bracelet, 31 mm",There has been an error processing your request,Rolex,NULL,NULL,,13800,0,3,0,/api/uploads/aviandco/products/rolex-datejust-31-278274-015-1-1-8799578384580035.jpg,https://www.aviandco.com/rolex-date-just-31-278274-dark-grey-dial-278274-015
avi-rolex-date-just-31-278288rbr-mop-dial-278288rbr-001,mismatch,name,"Rolex Datejust 31 278288RBR, 18K Yellow Gold, MOP Diamond Dial, President Bracelet, 31 mm",There has been an error processing your request,Rolex,NULL,NULL,,67800,0,3,0,/api/uploads/aviandco/products/rolex-datejust-31-278288rbr-001-1-3fdfe2d2e4852db1.jpg,https://www.aviandco.com/rolex-date-just-31-278288rbr-mop-dial-278288rbr-001
avi-rolex-date-just-31-champagne-dial-68278-003,mismatch,name;price;reference,"Rolex Datejust 31 68278, 18K Yellow Gold, Champagne Diamond Dial, Presidential Bracelet, 31 mm",Rolex Datejust 31,Rolex,NULL,NULL,68278,0,18900.0,3,3,/api/uploads/aviandco/products/rolex-datejust-31-68278-003-1-4cb7e26a36e2e733.jpg,https://www.aviandco.com/rolex-date-just-31-champagne-dial-68278-003
avi-rolex-datejust-116188-mop-dial-116188-001,mismatch,name;price;reference,"Rolex Datejust 36 116188, 18K Yellow Gold, Mother Of Pearl Dial, 36 mm",Rolex Datejust 36,Rolex,NULL,NULL,116188,26600,25600.0,6,3,/api/uploads/aviandco/products/rolex-datejust-36-116188-001-1-1-9a76e2adaf0a8813.jpg,https://www.aviandco.com/rolex-datejust-116188-mop-dial-116188-001
avi-rolex-datejust-116200-silver-dial-116200-005,mismatch,name;reference,"Rolex Datejust 36 116200, STainless Steel, Silver Index Dial, 36 mm",Rolex Datejust 36,Rolex,NULL,NULL,116200,7400,7400.0,6,3,/api/uploads/aviandco/products/rolex-datejust-36-116200-005-1-296995fd8cbab0e9.jpg,https://www.aviandco.com/rolex-datejust-116200-silver-dial-116200-005
avi-rolex-datejust-116233-champagne-diamond-dial-116233-004,mismatch,name;reference,"Rolex Datejust 36 116233, Stainless Steel & 18K Yellow Gold, Champagne Diamond Dial, 36 mm",Rolex Datejust 36,Rolex,NULL,NULL,116233,14400,14400.0,3,3,/api/uploads/aviandco/products/img-3218-1-1-9b6067dd1d74bab5.jpg,https://www.aviandco.com/rolex-datejust-116233-champagne-diamond-dial-116233-004
avi-rolex-datejust-116243-champagne-diamond-dial-116243-001,mismatch,name;price;reference,"Rolex Datejust 36 116243, Stainless Steel & 18K Yellow Gold, Diamond Bezel, Champagne Diamond Dial, 36 mm",Rolex Datejust 36,Rolex,NULL,NULL,116243,0,17100.0,3,3,/api/uploads/aviandco/products/rolex-datejust-36-116243-001-2eb088662ba45ccc.jpg,https://www.aviandco.com/rolex-datejust-116243-champagne-diamond-dial-116243-001
avi-rolex-datejust-116333-black-dial-116333-002,mismatch,name;reference,"Rolex Datejust 41 116333, Steel & 18K Yellow Gold, Black Roman Dial, 41 mm",Rolex Datejust 41,Rolex,NULL,NULL,116333,13300,13300.0,3,3,/api/uploads/aviandco/products/116333-002-1-2288669f9e2e93d6.jpg,https://www.aviandco.com/rolex-datejust-116333-black-dial-116333-002
avi-rolex-datejust-116333-black-dial-116333-003,mismatch,name;reference,"Rolex Datejust 41 116333, Stainless Steel & 18K Yellow Gold, Wimbledon Slate Roman Dial, Oyster Bracelet, 41 mm",Rolex Datejust 41,Rolex,NULL,NULL,116333,14700,14700.0,3,3,/api/uploads/aviandco/products/rolex-datejust-41-116333-003-1-5af7e908855e3288.jpg,https://www.aviandco.com/rolex-datejust-116333-black-dial-116333-003
avi-rolex-datejust-126201-chocolate-dial-126201-005,mismatch,name;price;reference,"Rolex Datejust 36 126201, Stainless Steel & 18K Rose Gold, Chocolate Floral Dial, Oyster Bracelet, 36 mm",Rolex Datejust 36,Rolex,NULL,NULL,126201,12800,12300.0,12,3,/api/uploads/aviandco/products/rolex-datejust-36-126201-005-1-3e681acd202ab6da.jpg,https://www.aviandco.com/rolex-datejust-126201-chocolate-dial-126201-005
avi-rolex-datejust-126201-grey-index-dial-126201-003,mismatch,name;price;reference,"Rolex Datejust 36 126201, Steel & 18K Rose Gold, Grey Index Dial, 36 mm",Rolex Datejust 36,Rolex,NULL,NULL,126201,14300,13800.0,3,3,/api/uploads/aviandco/products/rolex-datejust-36-126201-002-1-1-afb850caaf266b50.jpg,https://www.aviandco.com/rolex-datejust-126201-grey-index-dial-126201-003
avi-rolex-datejust-126231-mother-of-pearl-diamond-dial-126231-,mismatch,name;reference,"Rolex Datejust 36 126231, 18K Rose Gold & Stainless Steel, MOP Diamond Dial, Jubilee Bracelet, 36 mm",Rolex Datejust 36,Rolex,NULL,NULL,126231,23600,23600.0,3,3,/api/uploads/aviandco/products/rolex-datejust-36-126231-015-1-97fe63e8202be867.jpg,https://www.aviandco.com/rolex-datejust-126231-mother-of-pearl-diamond-dial-126231-015
avi-rolex-datejust-126231-slate-grey-diamond-dial-126231-012,mismatch,name;price;reference,"Rolex Datejust 36 126231, Steel & 18K Rose Gold, Dark Rhodium Roman Diamond Dial, 36 mm",Rolex Datejust 36,Rolex,NULL,NULL,126231,0,16600.0,3,3,/api/uploads/aviandco/products/126231-jubilee-rhodium-diamond-roman-vi-xi-1-7165d7b2e55f9e40.png,https://www.aviandco.com/rolex-datejust-126231-slate-grey-diamond-dial-126231-012
avi-rolex-datejust-126231-white-roman-dial-126231-016,mismatch,name;reference,"Rolex Datejust 36 126231, Stainless Steel & 18K Rose Gold, White Roman Dial, Jubilee Bracelet, 36 mm",Rolex Datejust 36,Rolex,NULL,NULL,126231,18900,18900.0,3,3,/api/uploads/aviandco/products/rolex-datejust-36-126231-016-1-ba96bc3e0ed3a41c.jpg,https://www.aviandco.com/rolex-datejust-126231-white-roman-dial-126231-016
avi-rolex-datejust-126233-champagne-diamond-dial-126233-015,mismatch,name;price;reference,"Rolex Datejust 36 126233, Stainless Steel & 18K Yellow Gold, Champagne Diamond Dial, Jubilee Bracelet, 36 mm",Rolex Datejust 36,Rolex,NULL,NULL,126233,0,22500.0,12,3,/api/uploads/aviandco/products/rolex-datejust-36-126233-015-1-680373ffaa57a7a8.jpg,https://www.aviandco.com/rolex-datejust-126233-champagne-diamond-dial-126233-015
avi-rolex-datejust-126233-champagne-motif-dial-126233-014,mismatch,name;reference,"Rolex Datejust 36 126233, Stainless Steel & 18K Yellow Gold, Champagne Motif Dial, 36 mm",Rolex Datejust 36,Rolex,NULL,NULL,126233,17300,17300.0,3,3,/api/uploads/aviandco/products/126233-4018-c168a4641fe7877a.jpg,https://www.aviandco.com/rolex-datejust-126233-champagne-motif-dial-126233-014
avi-rolex-datejust-126233-mother-of-pearl-diamond-dial-126233-,mismatch,name;reference,"Rolex Datejust 36 126233, Stainless Steel & 18K Yellow Gold, Mother Of Pearl Diamond Dial, Jubilee Bracelet, 36 mm",Rolex Datejust 36,Rolex,NULL,NULL,126233,25000,25000.0,4,3,/api/uploads/aviandco/products/rolex-datejust-36-126233-016-1-6f3400e9916552db.jpg,https://www.aviandco.com/rolex-datejust-126233-mother-of-pearl-diamond-dial-126233-016
avi-rolex-datejust-126233-silver-roman-diamond-dial-126233-021,mismatch,name;price;reference,"Rolex Datejust 36 126233, Stainless Steel & 18K Yellow Gold, Sundust Silver Roman Dial, Diamond VI and IX, Jubilee Bracelet, 36 mm",Rolex Datejust 36,Rolex,NULL,NULL,126233,0,24000.0,3,3,/api/uploads/aviandco/products/rolex-datejust-36-126333-021-01-930bfc441b6def48.jpg,https://www.aviandco.com/rolex-datejust-126233-silver-roman-diamond-dial-126233-021
avi-rolex-datejust-126233-whimbledon-roman-dial-126233-018,mismatch,name;price;reference,"Rolex Datejust 36 126233, Stainless Steel & 18K Yellow Gold, Wimbledon Slate Roman Dial, Oyster Bracelet, 36 mm",Rolex Datejust 36,Rolex,NULL,NULL,126233,0,17900.0,3,3,/api/uploads/aviandco/products/rolex-datejust-36-126233-018-1-d786148b972c3be9.jpg,https://www.aviandco.com/rolex-datejust-126233-whimbledon-roman-dial-126233-018
avi-rolex-datejust-126233-wimbledon-roman-dial-126233-012,mismatch,name;price;reference,"Rolex Datejust 36 126233, Stainless Steel & 18K Yellow Gold, Wimbledon Slate Roman Dial, Jubilee Bracelet, 36 mm",Rolex Datejust 36,Rolex,NULL,NULL,126233,0,13799.0,8,3,/api/uploads/aviandco/products/1-1-3-67a3252ae84a0dba.jpg,https://www.aviandco.com/rolex-datejust-126233-wimbledon-roman-dial-126233-012
avi-rolex-datejust-126234-black-diamond-dial-12234-024,mismatch,name;price;reference,"Rolex Datejust 36 126234, Stainless Steel, Black Diamond Dial, Oyster Bracelet, 36 mm",Rolex Datejust 36,Rolex,NULL,NULL,126234,13800,13600.0,11,3,/api/uploads/aviandco/products/rolex-datejust-36-126234-024-1-b2303879d9222622.jpg,https://www.aviandco.com/rolex-datejust-126234-black-diamond-dial-12234-024
avi-rolex-datejust-126234-black-diamond-dial-126234-043,mismatch,name;reference,"Rolex Datejust 36 126234, Stainless Steel, Black Diamond Dial, Oyster Bracelet, 36 mm (2026)",Rolex Datejust 36,Rolex,NULL,NULL,126234,15400,15400.0,12,3,/api/uploads/aviandco/products/rolex-datejust-36-126234-043-1-f54a08363a745829.jpg,https://www.aviandco.com/rolex-datejust-126234-black-diamond-dial-126234-043
avi-rolex-datejust-126234-blue-dial-g0126234-010,mismatch,name;reference,"Rolex Datejust 36 126234, Jubilee, Steel, Blue Diamond Dial, 36 mm",Rolex Datejust 36,Rolex,NULL,NULL,126234,17000,17000.0,3,3,/api/uploads/aviandco/products/126234-blue-diamond-jubilee-997efc503e144e12.jpg,https://www.aviandco.com/rolex-datejust-126234-blue-dial-g0126234-010
avi-rolex-datejust-126234-mother-of-pearl-diamond-dial-126234-,mismatch,name,"Rolex Datejust 36 126234, Stainless Steel, White MOP Diamond Dial, Oyster Bracelet, 36 mm",There has been an error processing your request,Rolex,NULL,NULL,,0,0,3,0,/api/uploads/aviandco/products/rolex-datejust-36-126234-040-1-d0f55748e25ea932.jpg,https://www.aviandco.com/rolex-datejust-126234-mother-of-pearl-diamond-dial-126234-040
avi-rolex-datejust-126234-silver-dial-126234-027,mismatch,name;reference,"Rolex Datejust 36 126234, Stainless Steel, Silver Index Dial, 36 mm",Rolex Datejust 36,Rolex,NULL,NULL,126234,14900,14900.0,3,3,/api/uploads/aviandco/products/126234-009-1-1-9163b824647e2fb1.jpg,https://www.aviandco.com/rolex-datejust-126234-silver-dial-126234-027
avi-rolex-datejust-126300-black-index-dial-126300-033,mismatch,name;reference,"Rolex Datejust 41 126300, Stainless Steel, Black Index Dial, Oyster Bracelet, 41 mm",Rolex Datejust 41,Rolex,NULL,NULL,126300,11900,11900.0,3,3,/api/uploads/aviandco/products/rolex-datejust-41-126300-033-1-5f2d512f3aac84c7.jpg,https://www.aviandco.com/rolex-datejust-126300-black-index-dial-126300-033
avi-rolex-datejust-126300-blue-roman-dial-126300-034,mismatch,name,"Rolex Datejust 41 126300, Stainless Steel, Blue Roman Dial, Oyster Bracelet, 41 mm",There has been an error processing your request,Rolex,NULL,NULL,,14600,0,3,0,/api/uploads/aviandco/products/rolex-date-just-41-126300-028-1-bf5091118162442a.jpg,https://www.aviandco.com/rolex-datejust-126300-blue-roman-dial-126300-034
avi-rolex-datejust-126300-blue-roman-dial-126300-036,mismatch,name;reference,"Rolex Datejust 41 126300, Stainless Steel, Blue Roman Dial, Jubilee Bracelet, 41 mm",Rolex Datejust 41,Rolex,NULL,NULL,126300,13300,13300.0,5,3,/api/uploads/aviandco/products/rolex-datejust-41-126300-036-1-5436a67b84bb473f.jpg,https://www.aviandco.com/rolex-datejust-126300-blue-roman-dial-126300-036
avi-rolex-datejust-126300-silver-dial-126300-020,mismatch,name;reference,"Rolex Datejust 41 126300, Steel, Silver Index Dial, 41 mm",Rolex Datejust 41,Rolex,NULL,NULL,126300,11000,11000.0,9,3,/api/uploads/aviandco/products/126300-020-1-1-b4569e9b4122c93d.jpg,https://www.aviandco.com/rolex-datejust-126300-silver-dial-126300-020
avi-rolex-datejust-126300-white-index-dial-126300-031,mismatch,name;price;reference,"Rolex Datejust 41 126300, Stainless Steel, White Index Dial, Oyster Bracelet, 41 mm",Rolex Datejust 41,Rolex,NULL,NULL,126300,9700,9500.0,3,3,/api/uploads/aviandco/products/rolex-datejust-41-126300-031-1-214459c852bb283d.jpg,https://www.aviandco.com/rolex-datejust-126300-white-index-dial-126300-031
avi-rolex-datejust-126300-white-roman-dial-126300-021,mismatch,name;price;reference,"Rolex Datejust 41 126300, Stainless Steel, White Roman Dial, Oyster Bracelet, 41 mm",Rolex Datejust 41,Rolex,NULL,NULL,126300,0,11900.0,3,3,/api/uploads/aviandco/products/rolex-datejust-41-126300-021-1-589a8a700866f2e8.jpg,https://www.aviandco.com/rolex-datejust-126300-white-roman-dial-126300-021
avi-rolex-datejust-126303-champagne-diamond-dial-126303-002,mismatch,name;reference,"Rolex Datejust 41 126303, Stainless Steel & 18K Yellow Gold, Champagne Diamond Dial, Oyster Bracelet, 41 mm",Rolex Datejust 41,Rolex,NULL,NULL,126303,19500,19500.0,3,3,/api/uploads/aviandco/products/126303-002-1-3a7a138c72c9fc9e.jpg,https://www.aviandco.com/rolex-datejust-126303-champagne-diamond-dial-126303-002
avi-rolex-datejust-126331-brown-dial-126331-004,mismatch,name;reference,"Rolex Datejust 41 126331, Stainless Steel and Rose Gold, Chocolate Dial, 41 mm",Rolex Datejust 41,Rolex,NULL,NULL,126331,21900,21900.0,3,3,/api/uploads/aviandco/products/rolex-datejust-41-126331-chocolate-index-1-1-0783cd9afb93bbba.jpg,https://www.aviandco.com/rolex-datejust-126331-brown-dial-126331-004
avi-rolex-datejust-126331-brown-dial-126331-016,mismatch,name;reference,"Rolex Datejust 41 126331, Stainless Steel and Rose Gold, Chocolate Dial, Jubilee Bracelet, 41 mm",Rolex Datejust 41,Rolex,NULL,NULL,126331,23500,23500.0,3,3,/api/uploads/aviandco/products/rolex-datejust-41-126331-016-1-5ea5b767e6f5c63d.jpg,https://www.aviandco.com/rolex-datejust-126331-brown-dial-126331-016
avi-rolex-datejust-126331-chocolate-index-dial-126331-018,mismatch,name;reference,"Rolex Datejust 41 126331, Stainless Steel & 18K Rose Gold, Chocolate Index Dial, Oyster Bracelet, 41 mm",Rolex Datejust 41,Rolex,NULL,NULL,126331,17900,17900.0,3,3,/api/uploads/aviandco/products/126331-chocolate-oyster-index-4e754e918212b2db.jpg,https://www.aviandco.com/rolex-datejust-126331-chocolate-index-dial-126331-018
avi-rolex-datejust-126331-rose-dial-126331-017,mismatch,name;price;reference,"Rolex Datejust 41 126331, Steel & 18K Rose Gold, Sundust Dial, Oyster Bracelet, 41 mm",Rolex Datejust 41,Rolex,NULL,NULL,126331,0,17900.0,3,3,/api/uploads/aviandco/products/rolex-datejust-41-126331-017-1-110270a9522da454.jpg,https://www.aviandco.com/rolex-datejust-126331-rose-dial-126331-017
avi-rolex-datejust-126331-wimbledon-grey-roman-dial-126331-009,mismatch,name;price;reference;image_count,"Rolex Datejust 41 126331, Stainless Steel & 18K Rose Gold, Wimbledon Slate Roman Dial, Jubilee Bracelet, 41 mm",Rolex Datejust 41,Rolex,NULL,NULL,126331,21500,21000.0,1,3,/api/uploads/aviandco/products/rolex-datejust-41-126331-021-1-33c71fa76a931849.jpg,https://www.aviandco.com/rolex-datejust-126331-wimbledon-grey-roman-dial-126331-009
avi-rolex-datejust-126333-champange-dial-126333-017,mismatch,name;reference,"Rolex Datejust 41 126333, 18K Yellow Gold & Stainless Steel, Champagne Index Dial, 41 mm",Rolex Datejust 41,Rolex,NULL,NULL,126333,19600,19600.0,12,3,/api/uploads/aviandco/products/126333-013-1-4b17a049f62b2e1c.jpg,https://www.aviandco.com/rolex-datejust-126333-champange-dial-126333-017
avi-rolex-datejust-126333-wimbledon-grey-roman-dial-126333-035,mismatch,name;price;reference,"Rolex Datejust 41 126333, Stainless Steel & 18K Yellow Gold, Wimbledon Slate Roman Dial, Jubilee Bracelet, 41 mm",Rolex Datejust 41,Rolex,NULL,NULL,126333,0,21000.0,6,3,/api/uploads/aviandco/products/126333-018-1-1-b3166de92c1e46b8.jpg,https://www.aviandco.com/rolex-datejust-126333-wimbledon-grey-roman-dial-126333-035
avi-rolex-datejust-126334-black-dial-126334-058,mismatch,name;reference;image_count,"Rolex Datejust 41 126334, Stainless Steel, Black Index Dial, Jubilee Bracelet, 41 mm",Rolex Datejust 41,Rolex,NULL,NULL,126334,17900,17900.0,1,3,/api/uploads/aviandco/products/126334-black-index-jubilee-1-ee7afdd9c3dae984.jpg,https://www.aviandco.com/rolex-datejust-126334-black-dial-126334-058
avi-rolex-datejust-126334-blue-dial-126334-047,mismatch,name;price;reference,"Rolex Datejust 41 126334, Stainless Steel, Blue Index Dial, 41 mm",Rolex Datejust 41,Rolex,NULL,NULL,126334,0,17600.0,3,3,/api/uploads/aviandco/products/rolex-datejust-41-126334-047-1-5fc4da9dfaf4cc97.jpg,https://www.aviandco.com/rolex-datejust-126334-blue-dial-126334-047
avi-rolex-datejust-126334-green-dial-126334-027,mismatch,name;reference,"Rolex Datejust 41 126334, Stainless Steel, Green Index Dial, Jubilee Bracelet, 41 mm",Rolex Datejust 41,Rolex,NULL,NULL,126334,19600,19600.0,3,3,/api/uploads/aviandco/products/rolex-datejust-41-126334-027-1-7b7c8bb7265fbe46.jpg,https://www.aviandco.com/rolex-datejust-126334-green-dial-126334-027
avi-rolex-datejust-126334-grey-index-dial-126334-063,mismatch,name;price;reference;image_count,"Rolex Datejust 41 126334, Stainless Steel, Grey Index Dial, Jubilee Bracelet, 41 mm",Rolex Datejust 41,Rolex,NULL,NULL,126334,17900,17600.0,1,3,/api/uploads/aviandco/products/rj4107069--1-1-9b5a824df8380adf.jpg,https://www.aviandco.com/rolex-datejust-126334-grey-index-dial-126334-063
avi-rolex-datejust-126334-wimbledon-roman-dial-126334-071,mismatch,name;price;reference;image_count,"Rolex Datejust 41 126334, Stainless Steel & 18K White Gold, Wimbledon Slate Roman Dial, Jubilee Bracelet, 41 mm (2026)",Rolex Datejust 41,Rolex,NULL,NULL,126334,0,18400.0,1,3,/api/uploads/aviandco/products/126334-023-1-2-1-1-2-879f0488402e791f.jpg,https://www.aviandco.com/rolex-datejust-126334-wimbledon-roman-dial-126334-071
avi-rolex-datejust-179174-mother-of-pearl-diamond-dial-g017917,mismatch,name;price;reference,"Rolex Datejust 179174, Stainless Steel, MOP Diamond Dial, 26 mm",Rolex Datejust,Rolex,NULL,NULL,179174,0,8400.0,3,3,/api/uploads/aviandco/products/rolex-datejust-28-179174-001-1-1-f305c9132e88e5b7.jpg,https://www.aviandco.com/rolex-datejust-179174-mother-of-pearl-diamond-dial-g0179174-001
avi-rolex-datejust-179175-meteorite-diamond-dial-179175-001,mismatch,name;price;reference,"Rolex Datejust 179175, 18K Rose Gold, Meteorite Diamond Dial, 26 mm",Rolex Datejust,Rolex,NULL,NULL,179175,0,28600.0,3,3,/api/uploads/aviandco/products/179175-001-1-f5c8fdda827854c2.jpg,https://www.aviandco.com/rolex-datejust-179175-meteorite-diamond-dial-179175-001
avi-rolex-datejust-179313-grey-diamond-dial-17931-001,mismatch,name;price;reference,"Rolex Lady-Datejust 17931, Yellow Gold & Stainless Steel, Jubilee, Grey Diamond Dial, 26 mm",Rolex Lady-Datejust,Rolex,NULL,NULL,179313,0,9200.0,3,3,/api/uploads/aviandco/products/rolex-lady-datejust-17931-001-1-edae1a3617591c22.jpg,https://www.aviandco.com/rolex-datejust-179313-grey-diamond-dial-17931-001
avi-rolex-datejust-278240-green-dial-278240-002,mismatch,name;reference,"Rolex Datejust 31 278240, Stainless Steel, Green Index Dial, 31 mm",Rolex Datejust 31,Rolex,NULL,NULL,278240,15700,15700.0,3,3,/api/uploads/aviandco/products/278240-002-1-f01363998dfa89e5.jpg,https://www.aviandco.com/rolex-datejust-278240-green-dial-278240-002
avi-rolex-datejust-278240-grey-index-dial-278240-001,mismatch,name;price;reference,"Rolex Datejust 31 278240, Stainless Steel, Grey Index Dial, Oyster Bracelet, 31 mm",Rolex Datejust 31,Rolex,NULL,NULL,278240,10800,10300.0,3,3,/api/uploads/aviandco/products/rolex-datejust-31-278240-001-1-66e41d5a5b9bff38.jpg,https://www.aviandco.com/rolex-datejust-278240-grey-index-dial-278240-001
avi-rolex-datejust-278271-chocolate-roman-278271-010,mismatch,name;price;reference,"Rolex Datejust 31 278271, Steel, Rose Gold Jubilee, Chocolate Roman Dial, 31 mm",Rolex Datejust 31,Rolex,NULL,NULL,278271,0,19900.0,3,3,/api/uploads/aviandco/products/278271-009-1-1-baa79fb634773e33.jpg,https://www.aviandco.com/rolex-datejust-278271-chocolate-roman-278271-010
avi-rolex-datejust-278271-grey-dial-278271-013,mismatch,name;reference,"Rolex Datejust 31 278271, Steel & 18K Rose Gold, Slate Index Dial , 31 mm",Rolex Datejust 31,Rolex,NULL,NULL,278271,18900,18900.0,3,3,/api/uploads/aviandco/products/278271-013-1-1-bf1f81380046f810.jpg,https://www.aviandco.com/rolex-datejust-278271-grey-dial-278271-013
avi-rolex-datejust-278273-green-roman-diamond-dial-278273-008,mismatch,name;reference,"Rolex Datejust 31 278273, Steel & 18K Yellow Gold, Green Roman Diamond Dial, 31 mm",Rolex Datejust 31,Rolex,NULL,NULL,278273,24800,24800.0,3,3,/api/uploads/aviandco/products/278273rolex-1-2-e45c4f94018d5f37.jpg,https://www.aviandco.com/rolex-datejust-278273-green-roman-diamond-dial-278273-008
avi-rolex-datejust-278273-rhodium-roman-diamond-dial-278273-00,mismatch,name;price;reference,"Rolex Datejust 31 278273, Steel & 18K Yellow Gold, Rhodium Roman Diamond Dial, 31 mm",Rolex Datejust 31,Rolex,NULL,NULL,278273,18900,18200.0,4,3,/api/uploads/aviandco/products/rolex-datejust-31-278273-006-1-16e0ce76ecee3128.jpg,https://www.aviandco.com/rolex-datejust-278273-rhodium-roman-diamond-dial-278273-006
avi-rolex-datejust-278274-blue-roman-dial-278274-007,mismatch,name;reference,"Rolex Datejust 31 278274, Stainless Steel, Blue Roman Dial, 31 mm",Rolex Datejust 31,Rolex,NULL,NULL,278274,14800,14800.0,12,3,/api/uploads/aviandco/products/rolex-datejust-31-278274-007-1-ec4372817c3faeaa.jpg,https://www.aviandco.com/rolex-datejust-278274-blue-roman-dial-278274-007
avi-rolex-datejust-278274-grey-roman-dial-278274-006,mismatch,name;reference,"Rolex Datejust 31 278274, Steel, Dark Grey Diamond Roman VI Dial, 31 mm",Rolex Datejust 31,Rolex,NULL,NULL,278274,16900,16900.0,12,3,/api/uploads/aviandco/products/rolex-datejust-31-278274-006-1-7c3fbc56b927bc0a.jpg,https://www.aviandco.com/rolex-datejust-278274-grey-roman-dial-278274-006
avi-rolex-datejust-278274-pink-roman-dial-278274,mismatch,name;reference,"Rolex Datejust 31 278274, Stainless Steel, Pink Roman Diamond Dial, Oyster Bracelet, 31 mm",Rolex Datejust 31,Rolex,NULL,NULL,278274,15400,15400.0,3,3,/api/uploads/aviandco/products/rolex-datejust-31-278274-016-1-97661844c7dd0407.jpg,https://www.aviandco.com/rolex-datejust-278274-pink-roman-dial-278274
avi-rolex-datejust-278274-purple-roman-dial-278274-005,mismatch,name;price;reference,"Rolex Datejust 31 278274, Stainless Steel, Purple Roman Dial, 31 mm",Rolex Datejust 31,Rolex,NULL,NULL,278274,0,15500.0,12,3,/api/uploads/aviandco/products/rolex-datejust-31-278274-005-1-96322a7be192d89c.jpg,https://www.aviandco.com/rolex-datejust-278274-purple-roman-dial-278274-005
avi-rolex-datejust-278289rbr-blue-floral-motif-diamond-dial-27,mismatch,name;reference,"Rolex Datejust 31 278289RBR, 18K White Gold, Blue Floral Motif Diamond Dial, Presidential Bracelet, 31 mm",Rolex Datejust 31,Rolex,NULL,NULL,278289RBR,53100,53100.0,3,3,/api/uploads/aviandco/products/rolex-datejust-31-278289rbr-002-1-1-f20420972ba47043.jpg,https://www.aviandco.com/rolex-datejust-278289rbr-blue-floral-motif-diamond-dial-278289rbr-002
avi-rolex-datejust-278381rbr-purple-roman-dial-278381rbr-004,mismatch,name;price;reference,"Rolex Datejust 31 278381RBR, Steel & 18K Rose Gold, Diamond Bezel, Aubergine Roman Dial, 31 mm",Rolex Datejust 31,Rolex,NULL,NULL,278381RBR,30100,29100.0,3,3,/api/uploads/aviandco/products/rolex-datejust-31-278381rbr-004-1-1-5730c0429cbd9da4.jpg,https://www.aviandco.com/rolex-datejust-278381rbr-purple-roman-dial-278381rbr-004
avi-rolex-datejust-278383rbr-grey-diamond-dial-278383rbr-001,mismatch,name,"Rolex Datejust 31 278383RBR, Steel & 18K Yellow Gold, Grey Diamond Dial, 31 mm",This site can’t be reached,Rolex,NULL,NULL,,0,0,3,0,/api/uploads/aviandco/products/rolex-datejust-31-278383rbr-003-1-97d088f7625e64fc.jpg,https://www.aviandco.com/rolex-datejust-278383rbr-grey-diamond-dial-278383rbr-001
avi-rolex-datejust-279135rbr-white-mother-of-pearl-dial-279135,mismatch,name,"Rolex Lady-Datejust 279135RBR, 18K Rose Gold, White MOP Dial, Presidental Bracelet, 28 mm",This site can’t be reached,Rolex,NULL,NULL,,0,0,3,0,/api/uploads/aviandco/products/rolex-datejust-28-279135rbr-002-1-2df8f1a940f75a3f.jpg,https://www.aviandco.com/rolex-datejust-279135rbr-white-mother-of-pearl-dial-279135rbr-003
avi-rolex-datejust-279171-chocolate-diamond-dial-279171-012,mismatch,name;price;reference,"Rolex Datejust 28 279171, Stainless Steel & 18K Rose Gold, Chocolate Diamond Dial, 28 mm",Rolex Datejust 28,Rolex,NULL,NULL,279171,0,16900.0,3,3,/api/uploads/aviandco/products/rolex-datejust-28-279171-012-1-1-b7cadb0f6177dfa0.jpg,https://www.aviandco.com/rolex-datejust-279171-chocolate-diamond-dial-279171-012
avi-rolex-datejust-279171-green-diamond-dial-279171-008,mismatch,name;reference,"Rolex Lady-Datejust 279171, Stainless Steel &18K Rose Gold, Green Diamond Dial, 28 mm",Rolex Lady-Datejust,Rolex,NULL,NULL,279171,16900,16900.0,3,3,/api/uploads/aviandco/products/rolex-datejust-28-279171-green-diamond-1-b26672d9fa07e006.jpg,https://www.aviandco.com/rolex-datejust-279171-green-diamond-dial-279171-008
avi-rolex-datejust-279171-green-diamond-dial-279171-013,mismatch,name,"Rolex Datejust 28 279171, Stainless Steel & 18K Rose Gold, Green Diamond Dial, Jubilee Bracelet, 28 mm",There has been an error processing your request,Rolex,NULL,NULL,,18900,0,12,0,/api/uploads/aviandco/products/rolex-datejust-28-279171-017-1-1-4818e27ae4525dfb.jpg,https://www.aviandco.com/rolex-datejust-279171-green-diamond-dial-279171-013
avi-rolex-datejust-279171-mother-of-pearl-diamond-dial-279171-,mismatch,name;price;reference,"Rolex Lady-Datejust 279171, Stainless Steel & 18K Rose Gold, MOP Diamond Dial, 28 mm",Rolex Lady-Datejust,Rolex,NULL,NULL,279171,0,18200.0,12,3,/api/uploads/aviandco/products/rolex-datejust-28-279171-007-1-13063a48a1d1c6d2.jpg,https://www.aviandco.com/rolex-datejust-279171-mother-of-pearl-diamond-dial-279171-007
avi-rolex-datejust-279171-olive-green-diamond-dial-279171-017,mismatch,name;reference,"Rolex Datejust 28 279171, Stainless Steel & 18K Rose Gold, Olive Green Diamond Dial, Jubilee Bracelet, 28 mm",Rolex Datejust 28,Rolex,NULL,NULL,279171,19900,19900.0,12,3,/api/uploads/aviandco/products/rolex-datejust-28-279171-017-1-acc87ba3f6ea2c06.jpg,https://www.aviandco.com/rolex-datejust-279171-olive-green-diamond-dial-279171-017
avi-rolex-datejust-279171-pink-gold-diamond-dial-279171-015,mismatch,name;price;reference,"Rolex Datejust 28 279171, Stainless Steel & 18K Rose Gold, Pink Gold Diamond Dial, Jubilee Bracelet, 28 mm",Rolex Datejust 28,Rolex,NULL,NULL,279171,0,19900.0,12,3,/api/uploads/aviandco/products/rolex-datejust-28-279171-015-1-305aab07815db6d7.jpg,https://www.aviandco.com/rolex-datejust-279171-pink-gold-diamond-dial-279171-015
avi-rolex-datejust-279171-pink-gold-roman-dial-279171-014,mismatch,name;reference,"Rolex Datejust 28 279171, Stainless Steel & 18K Rose Gold, Pink Gold Roman Dial, Jubilee Bracelet, 28 mm",Rolex Datejust 28,Rolex,NULL,NULL,279171,17900,17900.0,3,3,/api/uploads/aviandco/products/rolex-datejust-28-279171-014-1-cb47efb13d6f740d.jpg,https://www.aviandco.com/rolex-datejust-279171-pink-gold-roman-dial-279171-014
avi-rolex-datejust-279171-purple-diamond-dial-279171-016,mismatch,name;reference,"Rolex Datejust 28 279171, Stainless Steel & 18K Rose Gold, Purple Diamond Dial, Jubilee Bracelet, 28 mm",Rolex Datejust 28,Rolex,NULL,NULL,279171,19900,19900.0,3,3,/api/uploads/aviandco/products/rolex-datejust-28-279171-016-1-1-c30d56eeb23ff7b4.jpg,https://www.aviandco.com/rolex-datejust-279171-purple-diamond-dial-279171-016
avi-rolex-datejust-279171-white-roman-dial-279171-010,mismatch,name;price;reference,"Rolex Datejust 28 279171, Stainless Steel & 18K Rose Gold, White Roman Dial, 28 mm",Rolex Datejust 28,Rolex,NULL,NULL,279171,16900,16400.0,12,3,/api/uploads/aviandco/products/rolex-datejust-28-279171-010-1-af8aada1d0a3f9fa.jpg,https://www.aviandco.com/rolex-datejust-279171-white-roman-dial-279171-010
avi-rolex-datejust-279173-champagne-diamond-dial-279173-009,mismatch,name;price;reference,"Rolex Datejust 28 279173, Stainless Steel & 18K Yellow Gold, Champagne Diamond Dial, 28 mm",Rolex Datejust 28,Rolex,NULL,NULL,279173,0,15900.0,3,3,/api/uploads/aviandco/products/rolex-datejust-28-279173-009-1-047454ccb752e935.jpg,https://www.aviandco.com/rolex-datejust-279173-champagne-diamond-dial-279173-009
avi-rolex-datejust-279381rbr-mother-of-pearl-dial-279381rbr-00,mismatch,name;reference,"Rolex Datejust 28 279381RBR, Stainless Steel & 18K Rose Gold, Mother Of Pearl Diamond Dial, 28 mm",Rolex Datejust 28,Rolex,NULL,NULL,279381RBR,30300,30300.0,3,3,/api/uploads/aviandco/products/rolex-datejust-28-279381rbr-007-1-1-29fb6a50faff66df.jpg,https://www.aviandco.com/rolex-datejust-279381rbr-mother-of-pearl-dial-279381rbr-007
avi-rolex-datejust-279381rbr-purple-diamond-dial-279381rbr-006,mismatch,name;price;reference,"Rolex Datejust 28 279381RBR, Steel & 18K Rose Gold, Purple Diamond Dial, 28 mm",Rolex Datejust 28,Rolex,NULL,NULL,279381RBR,0,27000.0,3,3,/api/uploads/aviandco/products/rolex-datejust-28-279381rbr-006-1-b6c4c0ef9fd5b156.jpg,https://www.aviandco.com/rolex-datejust-279381rbr-purple-diamond-dial-279381rbr-006
avi-rolex-datejust-279384-white-mother-of-pearl-dial-279384-00,mismatch,name;price;reference,"Rolex Datejust 28 279384, Stainless Steel, Mother Of Pearl Dial, Diamond Bezel, Jubilee Bracelet, 28 mm",Rolex Datejust 28,Rolex,NULL,NULL,279384,0,27400.0,3,3,/api/uploads/aviandco/products/rolex-datejust-28-279384-001-1-662483cfa4495f17.jpg,https://www.aviandco.com/rolex-datejust-279384-white-mother-of-pearl-dial-279384-001
avi-rolex-datejust-28-279174-silver-diamond-dial-279174-009,mismatch,name;reference,"Rolex Datejust 28 279174, Stainless Steel, Silver Diamond Dial, Jubilee Bracelet, 28 mm",Rolex Datejust 28,Rolex,NULL,NULL,279174,17900,17900.0,3,3,/api/uploads/aviandco/products/rolex-datejust-28-279174-009-1-be783e3d786c985a.jpg,https://www.aviandco.com/rolex-datejust-28-279174-silver-diamond-dial-279174-009
avi-rolex-datejust-28-279381rbr-white-roman-dial-279381rbr-008,mismatch,name;reference,"Rolex Datejust 28 279381RBR, Stainless Steel & 18K Rose Gold, White Roman Dial, Jubilee Bracelet, 28 mm",Rolex Datejust 28,Rolex,NULL,NULL,279381RBR,24500,24500.0,3,3,/api/uploads/aviandco/products/rolex-datejust-28-279381rbr-008-1-66a57832b18dd0bd.jpg,https://www.aviandco.com/rolex-datejust-28-279381rbr-white-roman-dial-279381rbr-008
avi-rolex-datejust-31-278240-pink-roman-dial-278240-004,mismatch,name;reference,"Rolex Datejust 31 278240, Stainless Steel, Pink Roman Dial, Oyster Bracelet, 31mm (2026)",Rolex Datejust 31,Rolex,NULL,NULL,278240,11800,11800.0,3,3,/api/uploads/aviandco/products/rolex-datejust-31-278240-004-1-0e8111e3837eb65d.jpg,https://www.aviandco.com/rolex-datejust-31-278240-pink-roman-dial-278240-004
avi-rolex-datejust-31-278240-steel-pink-roman-dial-31-mm-27824,mismatch,name;reference,"Rolex Datejust 31 278240, Steel, Pink Roman Dial, 31 mm",Rolex Datejust 31,Rolex,NULL,NULL,278240,12600,12600.0,3,3,/api/uploads/aviandco/products/rolex-oyster-perpetual-datejust-lady-31-178240-1382-9f876d8c3ca074b0.jpg,https://www.aviandco.com/rolex-datejust-31-278240-steel-pink-roman-dial-31-mm-278240-001
avi-rolex-datejust-31-278271-mother-of-pearl-diamond-dial-2782,mismatch,name;reference,"Rolex Datejust 31 278271, 18K Rose Gold & Stainless Steel, MOP Diamond Dial, Jubilee Bracelet, 31 mm",Rolex Datejust 31,Rolex,NULL,NULL,278271,23000,23000.0,4,3,/api/uploads/aviandco/products/126231-010-1-1-1-3018de579ff3aa71.jpg,https://www.aviandco.com/rolex-datejust-31-278271-mother-of-pearl-diamond-dial-278271-015
avi-rolex-datejust-31-278273-champagne-diamond-dial-278273-010,mismatch,name;reference,"Rolex Datejust 31 278273, Stainless Steel & 18K Yellow Gold, Champagne Diamond Dial, Jubilee Bracelet, 31 mm",Rolex Datejust 31,Rolex,NULL,NULL,278273,22000,22000.0,3,3,/api/uploads/aviandco/products/rolex-datejust-31-278273-010-1-591311944e8bc34e.jpg,https://www.aviandco.com/rolex-datejust-31-278273-champagne-diamond-dial-278273-010
avi-rolex-datejust-31-278278-mother-of-pearl-diamond-dial-2782,mismatch,name;price;reference,"Rolex Datejust 31 278278, 18K Yellow Gold, MOP Diamond Dial, Presidential Bracelet, 31 mm",Rolex Datejust 31,Rolex,NULL,NULL,278278,0,57700.0,3,3,/api/uploads/aviandco/products/rolex-datejust-31-278278-006-1-8b290c9d9c99442e.jpg,https://www.aviandco.com/rolex-datejust-31-278278-mother-of-pearl-diamond-dial-278278-006
avi-rolex-datejust-31-278278-ombre-red-diamond-dial-278278-008,mismatch,name;reference,"Rolex Datejust 31 278278, 18K Yellow Gold, Ombre Red Diamond Dial, Presidential Bracelet, 31 mm (2026)",Rolex Datejust 31,Rolex,NULL,NULL,278278,53100,53100.0,3,3,/api/uploads/aviandco/products/rolex-datejust-31-278278-008-01-64c53fc8a97d6cc5.jpg,https://www.aviandco.com/rolex-datejust-31-278278-ombre-red-diamond-dial-278278-008
avi-rolex-datejust-31-278278-tahitian-mother-of-pearl-diamond-,mismatch,name;reference,"Rolex Datejust 31 278278, 18K Yellow Gold, Tahitian MOP Diamond Dial, Presidential Bracelet, 31 mm",Rolex Datejust 31,Rolex,NULL,NULL,278278,50000,50000.0,3,3,/api/uploads/aviandco/products/rolex-datejust-31-278278-007-1-b1bf048dfa7c0e6c.jpg,https://www.aviandco.com/rolex-datejust-31-278278-tahitian-mother-of-pearl-diamond-dial-278278-006
avi-rolex-datejust-31-278384rbr-purple-roman-dial-278384rbr-00,mismatch,name,"Rolex Datejust 31 278384RBR, Stainless Steel & 18K White Gold, Diamond Bezel, Purple Roman Dial, Diamond VI, Jubilee Bracelet, 31 mm",There has been an error processing your request,Rolex,NULL,NULL,,25000,0,3,0,/api/uploads/aviandco/products/rolex-datejust-31-278384rbr-001-1-3f68fa56226b16ac.jpg,https://www.aviandco.com/rolex-datejust-31-278384rbr-purple-roman-dial-278384rbr-001
avi-rolex-datejust-36-116185bvr-zebra-dial-116185bvr-001,mismatch,name;price;reference,"Rolex Datejust 36 116185BVR, 18K Rose Gold, Zebra Pave Diamond Dial, 36 mm",Rolex Datejust 36,Rolex,NULL,NULL,116185BVR,0,51100.0,3,3,/api/uploads/aviandco/products/rolex-datejust-36-116185bvr-zebra-1-0c0919566b8f5e4a.jpg,https://www.aviandco.com/rolex-datejust-36-116185bvr-zebra-dial-116185bvr-001
avi-rolex-datejust-36-116244-silver-dial-rj3607104,mismatch,name;reference,"Rolex Datejust 36 116244, Stainless Steel, Diamond Bezel, Silver Floral Dial, 36 mm",Rolex Datejust 36,Rolex,NULL,NULL,116244,16500,16500.0,4,3,/api/uploads/aviandco/products/rolex-datejust-36-116244-silver-floral-1-1-2736d44c913a0b73.jpg,https://www.aviandco.com/rolex-datejust-36-116244-silver-dial-rj3607104
avi-rolex-datejust-36-126200-black-dial-g0126200-005,mismatch,name;reference,"Rolex Datejust 36 126200, Oyster, Steel, Black Index Dial, 36 mm",Rolex Datejust 36,Rolex,NULL,NULL,126200,11100,11100.0,3,3,/api/uploads/aviandco/products/126200-datejust-36-black-index-oyster-photoroom-png-photoroom-1058ed2965399895.png,https://www.aviandco.com/rolex-datejust-36-126200-black-dial-g0126200-005
avi-rolex-datejust-36-126200-black-dial-g0126200-006,mismatch,name;reference;image_count,"Rolex Datejust 36 126200, Jubilee, Steel, Black Index Dial, 36 mm",Rolex Datejust 36,Rolex,NULL,NULL,126200,11400,11400.0,1,3,/api/uploads/aviandco/products/rolex-datejust-36-126200-black-index-jubilee-1-b877fbaabe47ed00.jpg,https://www.aviandco.com/rolex-datejust-36-126200-black-dial-g0126200-006
avi-rolex-datejust-36-126200-blue-dial-126200-007,mismatch,name;price;reference,"Rolex Datejust 36 126200, Stainless Steel, Blue Index Dial, Jubilee Bracelet, 36 mm",Rolex Datejust 36,Rolex,NULL,NULL,126200,0,11200.0,3,3,/api/uploads/aviandco/products/rolex-datejust-36-126200-blue-index-jubilee-1-34b14c5a464c41b3.jpg,https://www.aviandco.com/rolex-datejust-36-126200-blue-dial-126200-007
avi-rolex-datejust-36-126200-blue-dial-g0126200,mismatch,name;price;reference,"Rolex Datejust 36 126200, Stainless Steel, Blue Index Dial, Oyster Bracelet, 36 mm",Rolex Datejust 36,Rolex,NULL,NULL,126200,0,12600.0,3,3,/api/uploads/aviandco/products/126200-blue-index-oyster-fa5f3d64d55fdb7b.jpg,https://www.aviandco.com/rolex-datejust-36-126200-blue-dial-g0126200
avi-rolex-datejust-36-126200-green-dial-g0126200-004,mismatch,name;reference;image_count,"Rolex Datejust 36 126200, Oyster, Steel, Green Index Dial, 36 mm",Rolex Datejust 36,Rolex,NULL,NULL,126200,12200,12200.0,1,3,/api/uploads/aviandco/products/126200-datejust-36-green-index-cf484f22a0f73235.png,https://www.aviandco.com/rolex-datejust-36-126200-green-dial-g0126200-004
avi-rolex-datejust-36-126200-green-dial-g0126200-009,mismatch,name;price;reference,"Rolex Datejust 36 126200, Jubilee, Steel, Green Index Dial, 36 mm",Rolex Datejust 36,Rolex,NULL,NULL,126200,0,13000.0,9,3,/api/uploads/aviandco/products/rolex-datejust-36-126200-green-index-jubilee-1-cfd3b97b877cce76.jpg,https://www.aviandco.com/rolex-datejust-36-126200-green-dial-g0126200-009
avi-rolex-datejust-36-126200-olive-green-dial-g0126200-003,mismatch,name;price;reference,"Rolex Datejust 36 126200, Jubilee, Stainless Steel, Olive Green Palm Motif Dial, 36 mm",Rolex Datejust 36,Rolex,NULL,NULL,126200,0,13768.98,3,3,/api/uploads/aviandco/products/126200-olive-green-palm-jubilee-13e1a169c163cb28.jpg,https://www.aviandco.com/rolex-datejust-36-126200-olive-green-dial-g0126200-003
avi-rolex-datejust-36-126200-wimbledon-dial-g0126200-001,mismatch,name;reference,"Rolex Datejust 36 126200, Oyster, Stainless Steel, Wimbledon Slate Roman Dial, 36 mm",Rolex Datejust 36,Rolex,NULL,NULL,126200,10600,10600.0,3,3,/api/uploads/aviandco/products/126200-slate-roman-oyster-d30115d5a651fe57.png,https://www.aviandco.com/rolex-datejust-36-126200-wimbledon-dial-g0126200-001
avi-rolex-datejust-36-126200-wimbledon-dial-g0126200-007,mismatch,name;price;reference,"Rolex Datejust 36 126200, Jubilee, Steel, Wimbledon Slate Roman Dial, 36 mm",Rolex Datejust 36,Rolex,NULL,NULL,126200,0,12238.98,3,3,/api/uploads/aviandco/products/126200-datejust-36-slate-roman-jubilee-101cc0abbace1c2c.png,https://www.aviandco.com/rolex-datejust-36-126200-wimbledon-dial-g0126200-007
avi-rolex-datejust-36-126201-chocolate-dial-g0126201-003,mismatch,name;price;reference,"Rolex Datejust 36 126201, Jubilee, Steel & 18K Rose Gold, Chocolate Diamond Dial, 36 mm",Rolex Datejust 36,Rolex,NULL,NULL,126201,0,20400.0,3,3,/api/uploads/aviandco/products/126201-jubilee-chocolate-diamond-jubilee-98f41a05e158b5c4.jpg,https://www.aviandco.com/rolex-datejust-36-126201-chocolate-dial-g0126201-003
avi-rolex-datejust-36-126201-grey-dial-126201-002,mismatch,name;price;reference,"Rolex Datejust 36 126201, Stainless Steel & 18K Rose Gold, Grey Dial, 36 mm",Rolex Datejust 36,Rolex,NULL,NULL,126201,16400,15900.0,3,3,/api/uploads/aviandco/products/rolex-datejust-36-126201-002-1-f78e107a4f070715.jpg,https://www.aviandco.com/rolex-datejust-36-126201-grey-dial-126201-002
avi-rolex-datejust-36-126201-rose-dial-g0126201,mismatch,name;price;reference,"Rolex Datejust 36 126201, Jubilee, Stainless Steel & 18K Rose Gold, Rose Roman Dial, 36 mm",Rolex Datejust 36,Rolex,NULL,NULL,126201,0,20400.0,3,3,/api/uploads/aviandco/products/126201-rose-roman-jubilee-1-bb654b168950d4e2.jpg,https://www.aviandco.com/rolex-datejust-36-126201-rose-dial-g0126201
avi-rolex-datejust-36-126201-silver-dial-g0126201-004,mismatch,name;price;reference,"Rolex Datejust 36 126201, Steel & 18K Rose Gold, Silver Palm Motif Diamond Dial, 36 mm",Rolex Datejust 36,Rolex,NULL,NULL,126201,0,20400.0,3,3,/api/uploads/aviandco/products/rolex-126201-silver-palm-b229e546bc931b68.jpg,https://www.aviandco.com/rolex-datejust-36-126201-silver-dial-g0126201-004
avi-rolex-datejust-36-126201-wimbledon-dial-g0126201-001,mismatch,name;price;reference,"Rolex Datejust 36 126201, Jubilee, Steel & 18K Rose Gold, Slate Roman Dial, 36 mm",Rolex Datejust 36,Rolex,NULL,NULL,126201,0,20400.0,3,3,/api/uploads/aviandco/products/126201-slate-roman-jubilee-wimbledon-main-eb6a402b0f78402d.jpg,https://www.aviandco.com/rolex-datejust-36-126201-wimbledon-dial-g0126201-001
avi-rolex-datejust-36-126203-olive-green-dial-g0126203-001,mismatch,name;reference,"Rolex Datejust 36 126203, Steel & 18K Yellow Gold, Olive Green Diamond VI XI Roman Dial, 36 mm",Rolex Datejust 36,Rolex,NULL,NULL,126203,22700,22700.0,3,3,/api/uploads/aviandco/products/126203-green-vi-ix-roman-jubilee-1-f0c1b4cdf0192021.jpg,https://www.aviandco.com/rolex-datejust-36-126203-olive-green-dial-g0126203-001
avi-rolex-datejust-36-126203-wimbledon-slate-dial-g0126203-002,mismatch,name;price;reference,"Rolex Datejust 36 126203, Steel & 18K Yellow Gold, Wimbledon Slate Roman Dial, 36 mm",Rolex Datejust 36,Rolex,NULL,NULL,126203,0,19378.98,3,3,/api/uploads/aviandco/products/126203-slate-roman-jubilee-wimbledon-1-f2f683e57d307564.jpg,https://www.aviandco.com/rolex-datejust-36-126203-wimbledon-slate-dial-g0126203-002
avi-rolex-datejust-36-126231-black-dial-g0126231-009,mismatch,name;reference,"Rolex Datejust 36 126231, Oyster, Steel & 18K Rose Gold, Black Diamond Dial, 36 mm",Rolex Datejust 36,Rolex,NULL,NULL,126231,20100,20100.0,3,3,/api/uploads/aviandco/products/126231-black-diamond-oyster-88478f49cff24475.jpg,https://www.aviandco.com/rolex-datejust-36-126231-black-dial-g0126231-009
avi-rolex-datejust-36-126231-chocolate-index-dial-126231-020,mismatch,name;reference,"Rolex Datejust 36 126231, Stainless Steel & 18K Rose Gold, Chocolate Index Dial, Jubilee Bracelet, 36 mm",Rolex Datejust 36,Rolex,NULL,NULL,126231,224000,224000.0,3,3,/api/uploads/aviandco/products/rolex-datejust-36-126231-020-1-78b769a9c019e994.jpg,https://www.aviandco.com/rolex-datejust-36-126231-chocolate-index-dial-126231-020
avi-rolex-datejust-36-126231-mother-of-pearl-dial-g0126231-016,mismatch,name;price;reference,"Rolex Datejust 36 126231, Oyster, Steel & 18K Rose Gold, MOP Diamond Dial, 36 mm",Rolex Datejust 36,Rolex,NULL,NULL,126231,0,20398.98,3,3,/api/uploads/aviandco/products/126231-mop-diamond-oyster-d783a480502e0e32.jpg,https://www.aviandco.com/rolex-datejust-36-126231-mother-of-pearl-dial-g0126231-016
avi-rolex-datejust-36-126231-rose-roman-dial-126231-021,mismatch,name,"Rolex Datejust 36 126231, Stainless Steel & 18K Rose Gold, Rose Roman Dial Diamond VI IX, Jubilee Bracelet, 36 mm",There has been an error processing your request,Rolex,NULL,NULL,,24000,0,5,0,/api/uploads/aviandco/products/rolex-datejust-36-126231-021-1-69c9fece11dbebdd.jpg,https://www.aviandco.com/rolex-datejust-36-126231-rose-roman-dial-126231-021
avi-rolex-datejust-36-126231-silver-dial-g0126231-006,mismatch,name;price;reference,"Rolex Datejust 36 126231, Jubilee, Stainless Steel & 18K Rose Gold, Silver Motif Dial, 36 mm",Rolex Datejust 36,Rolex,NULL,NULL,126231,0,19378.98,3,3,/api/uploads/aviandco/products/126231-silver-motif-fdacd505e22fb43f.png,https://www.aviandco.com/rolex-datejust-36-126231-silver-dial-g0126231-006
avi-rolex-datejust-36-126231-silver-dial-g0126231-012,mismatch,name;price;reference,"Rolex Datejust 36 126231, Oyster, Steel & 18K Rose Gold, Silver Floral Motif Index Dial, 36 mm",Rolex Datejust 36,Rolex,NULL,NULL,126231,0,18358.98,3,3,/api/uploads/aviandco/products/126231-floral-motif-ddeb704899371dba.png,https://www.aviandco.com/rolex-datejust-36-126231-silver-dial-g0126231-012
avi-rolex-datejust-36-126231-silver-dial-g0126231-spy-001,mismatch,name;price;reference,"Rolex Datejust 36 126231, Jubilee, Steel & 18K Rose Gold, Silver Palm Motif Diamond Dial, 36 mm",Rolex Datejust 36,Rolex,NULL,NULL,126231,0,22438.98,3,3,/api/uploads/aviandco/products/126231-jubilee-silver-palm-motif-cec31d5ef2846d0b.jpg,https://www.aviandco.com/rolex-datejust-36-126231-silver-dial-g0126231-spy-001
avi-rolex-datejust-36-126231-slate-dial-g0126231-014,mismatch,name;price;reference,"Rolex Datejust 36 126231, Jubilee, Steel & 18K Rose Gold, Slate Motif Diamond Dial, 36 mm",Rolex Datejust 36,Rolex,NULL,NULL,126231,0,21418.98,3,3,/api/uploads/aviandco/products/126231-jubilee-slate-motif-diamond-27e1a7fd1c6e51c4.png,https://www.aviandco.com/rolex-datejust-36-126231-slate-dial-g0126231-014
avi-rolex-datejust-36-126231-white-dial-g0126231,mismatch,name;price;reference,"Rolex Datejust 36 126231, Jubilee, Stainless Steel & 18K Rose Gold, White Index Dial, 36 mm",Rolex Datejust 36,Rolex,NULL,NULL,126231,0,18500.0,3,3,/api/uploads/aviandco/products/126231-white-index-jubilee-1-febf45450da39eae.jpg,https://www.aviandco.com/rolex-datejust-36-126231-white-dial-g0126231
avi-rolex-datejust-36-126231-white-dial-g0126231-001,mismatch,name;reference,"Rolex Datejust 36 126231, Oyster, Stainless Steel & 18K Rose Gold, White Index Dial, 36 mm",Rolex Datejust 36,Rolex,NULL,NULL,126231,19800,19800.0,3,3,/api/uploads/aviandco/products/126231-white-index-oyster-c4655917a3585794.png,https://www.aviandco.com/rolex-datejust-36-126231-white-dial-g0126231-001
avi-rolex-datejust-36-126231-white-roman-dial-126231-018,mismatch,name;reference,"Rolex Datejust 36 126231, Stainless Steel & 18K Rose Gold, White Roman Dial, Jubilee Bracelet, 36 mm",Rolex Datejust 36,Rolex,NULL,NULL,126231,18900,18900.0,3,3,/api/uploads/aviandco/products/rolex-datejust-36-126231-016-1-1-98f09f25bf96ba8b.jpg,https://www.aviandco.com/rolex-datejust-36-126231-white-roman-dial-126231-018
avi-rolex-datejust-36-126231-wimbledon-dial-126231-017,mismatch,name;reference,"Rolex Datejust 36 126231, Stainless Steel & 18K Rose Gold, Wimbledon Slate Roman Dial, Jubilee Bracelet, 36 mm",Rolex Datejust 36,Rolex,NULL,NULL,126231,19400,19400.0,12,3,/api/uploads/aviandco/products/rolex-datejust-36-126231-017-1-5b8daa0b44b23ab8.jpg,https://www.aviandco.com/rolex-datejust-36-126231-wimbledon-dial-126231-017
avi-rolex-datejust-36-126231-wimbledon-dial-g0126231-011,mismatch,name;price;reference,"Rolex Datejust 36 126231, Oyster, Steel & 18K Rose Gold, Wimbledon Roman Dial, 36 mm",Rolex Datejust 36,Rolex,NULL,NULL,126231,0,18358.98,3,3,/api/uploads/aviandco/products/126231-oyster-wimbledon-roman-9ac1ccb6e923a396.png,https://www.aviandco.com/rolex-datejust-36-126231-wimbledon-dial-g0126231-011
avi-rolex-datejust-36-126233-black-dial-g0126233-003,mismatch,name;reference,"Rolex Datejust 36 126233, Oyster, Steel & 18K Yellow Gold, Black Diamond Dial, 36 mm",Rolex Datejust 36,Rolex,NULL,NULL,126233,18400,18400.0,3,3,/api/uploads/aviandco/products/126233-black-diamond-oyster-d0b51684bc0ba4f5.jpg,https://www.aviandco.com/rolex-datejust-36-126233-black-dial-g0126233-003
avi-rolex-datejust-36-126233-black-diamond-dial-126233-022,mismatch,name;reference,"Rolex Datejust 36 126233, Stainless Steel & 18K Yellow Gold, Black Diamond Dial, Jubilee Bracelet, 36 mm (2026)",Rolex Datejust 36,Rolex,NULL,NULL,126233,24000,24000.0,9,3,/api/uploads/aviandco/products/126233-black-diamond-jubilee-e72010781270bf48.jpg,https://www.aviandco.com/rolex-datejust-36-126233-black-diamond-dial-126233-022
avi-rolex-datejust-36-126233-champagne-dial-g0126233-005,mismatch,name;reference,"Rolex Datejust 36 126233, Jubilee, Steel & 18K Yellow Gold, Champagne Index Dial, 36 mm",Rolex Datejust 36,Rolex,NULL,NULL,126233,19500,19500.0,3,3,/api/uploads/aviandco/products/126233-champagne-index-jubilee-2d561b8fd89ea5c2.jpg,https://www.aviandco.com/rolex-datejust-36-126233-champagne-dial-g0126233-005
avi-rolex-datejust-36-126233-champagne-dial-g0126233-006,mismatch,name;price;reference,"Rolex Datejust 36 126233, Jubilee, Steel & 18K Yellow Gold, Champagne Motif Index Dial, 36 mm",Rolex Datejust 36,Rolex,NULL,NULL,126233,0,21000.0,3,3,/api/uploads/aviandco/products/rolex-datejust-36-g0126233-006-1-7d5034b00acea031.jpg,https://www.aviandco.com/rolex-datejust-36-126233-champagne-dial-g0126233-006
avi-rolex-datejust-36-126233-golden-dial-g0126233-009,mismatch,name;reference,"Rolex Datejust 36 126233, Jubilee, Steel & 18K YG, Golden Fluted Motif Diamond Dial, 36 mm",Rolex Datejust 36,Rolex,NULL,NULL,126233,21500,21500.0,3,3,/api/uploads/aviandco/products/126233-rolex-datejust-golden-fluted-motif-diamond-2599310dd96e4c2f.jpg,https://www.aviandco.com/rolex-datejust-36-126233-golden-dial-g0126233-009
avi-rolex-datejust-36-126233-golden-dial-g0126233-010,mismatch,name;price;reference,"Rolex Datejust 36 126233, Steel & 18K Yellow Gold, Golden Palm Motif Diamond Dial, 36 mm",Rolex Datejust 36,Rolex,NULL,NULL,126233,0,21418.98,3,3,/api/uploads/aviandco/products/126233-rolex-datejust-36-golden-palm-ad2142844a243566.jpg,https://www.aviandco.com/rolex-datejust-36-126233-golden-dial-g0126233-010
avi-rolex-datejust-36-126233-olive-green-dial-g0126233-004,mismatch,name;price;reference,"Rolex Datejust 36 126233, Jubilee, Steel & 18K Yellow Gold, Olive Green Roman Dial, 36 mm",Rolex Datejust 36,Rolex,NULL,NULL,126233,0,21500.0,3,3,/api/uploads/aviandco/products/126233-green-roman-jubilee-d0d15e34721f69b8.jpg,https://www.aviandco.com/rolex-datejust-36-126233-olive-green-dial-g0126233-004
avi-rolex-datejust-36-126233-white-dial-g0126233-008,mismatch,name;reference,"Rolex Datejust 36 126233, Jubilee, Steel & 18K Yellow Gold, White Roman Dial, 36 mm",Rolex Datejust 36,Rolex,NULL,NULL,126233,21400,21400.0,3,3,/api/uploads/aviandco/products/126233-white-roman-jubilee-5372a255d89b6ed0.jpg,https://www.aviandco.com/rolex-datejust-36-126233-white-dial-g0126233-008
avi-rolex-datejust-36-126234-black-dial-g0126234-009,mismatch,name;reference,"Rolex Datejust 36 126234, Jubilee, Steel, Black Index Dial, 36 mm",Rolex Datejust 36,Rolex,NULL,NULL,126234,15700,15700.0,3,3,/api/uploads/aviandco/products/126234-black-index-jubilee-e0108fbdb7bbf63e.jpg,https://www.aviandco.com/rolex-datejust-36-126234-black-dial-g0126234-009
avi-rolex-datejust-36-126234-blue-dial-g0126234-002,mismatch,name;reference,"Rolex Datejust 36 126234, Jubilee, Stainless Steel, Blue Index Dial, 36 mm",Rolex Datejust 36,Rolex,NULL,NULL,126234,14900,14900.0,3,3,/api/uploads/aviandco/products/126234-blue-index-jubilee-2-8e0b0fb50912e3c7.jpg,https://www.aviandco.com/rolex-datejust-36-126234-blue-dial-g0126234-002
avi-rolex-datejust-36-126234-blue-dial-g0126234-008,mismatch,name;price;reference,"Rolex Datejust 36 126234, Oyster, Stainless Steel, Blue Diamond Dial, 36 mm",Rolex Datejust 36,Rolex,NULL,NULL,126234,0,16800.0,3,3,/api/uploads/aviandco/products/126234-blue-diamond-oyster-2484f31530c5641e.jpg,https://www.aviandco.com/rolex-datejust-36-126234-blue-dial-g0126234-008
avi-rolex-datejust-36-126234-blue-dial-g0126234-012,mismatch,name;price;reference,"Rolex Datejust 36 126234, Jubilee, Steel, Blue Motif Diamond Dial, 36 mm",Rolex Datejust 36,Rolex,NULL,NULL,126234,0,17338.98,3,3,/api/uploads/aviandco/products/126234-jubilee-blue-motif-diamond-d2afa0bc31297372.jpg,https://www.aviandco.com/rolex-datejust-36-126234-blue-dial-g0126234-012
avi-rolex-datejust-36-126234-blue-index-dial-126234-044,mismatch,name;reference,"Rolex Datejust 36 126234, Stainless Steel & 18K White Gold, Blue Index Dial, Oyster Bracelet, 36 mm",Rolex Datejust 36,Rolex,NULL,NULL,126234,14800,14800.0,3,3,/api/uploads/aviandco/products/rolex-datejust-36-126234-029-1-b11d39da4d7a830b.jpg,https://www.aviandco.com/rolex-datejust-36-126234-blue-index-dial-126234-044
avi-rolex-datejust-36-126234-green-dial-g0126234-013,mismatch,name;reference,"Rolex Datejust 36 126234, Stainless Steel, Green Index Dial, Jubilee Bracelet, 36 mm",Rolex Datejust 36,Rolex,NULL,NULL,126234,14900,14900.0,3,3,/api/uploads/aviandco/products/126234-jubilee-green-indez-bc18b8ef07926bd0.jpg,https://www.aviandco.com/rolex-datejust-36-126234-green-dial-g0126234-013
avi-rolex-datejust-36-126234-green-index-dial-126234-045,mismatch,name;price;reference,"Rolex Datejust 36 126234, Stainless Steel & 18K White Gold, Green Index Dial, Oyster Bracelet, 36 mm (2026)",Rolex Datejust 36,Rolex,NULL,NULL,126234,0,14900.0,6,3,/api/uploads/aviandco/products/rolex-datejust-36-126234-045-1-d919f1bef77cfe24.jpg,https://www.aviandco.com/rolex-datejust-36-126234-green-index-dial-126234-045
avi-rolex-datejust-36-126234-mother-of-pearl-dial-g0126234-017,mismatch,name;price;reference,"Rolex Datejust 36 126234, Jubilee, Steel, MOP Diamond Dial, 36 mm",Rolex Datejust 36,Rolex,NULL,NULL,126234,0,19600.0,3,3,/api/uploads/aviandco/products/126234-white-mop-diamond-jubilee-ba8a83a3962fae48.jpg,https://www.aviandco.com/rolex-datejust-36-126234-mother-of-pearl-dial-g0126234-017
avi-rolex-datejust-36-126234-olive-green-dial-g0126234-006,mismatch,name;price;reference,"Rolex Datejust 36 126234, Oyster, Stainless Steel, Olive Green Palm Motif Dial, 36 mm",Rolex Datejust 36,Rolex,NULL,NULL,126234,0,16500.0,3,3,/api/uploads/aviandco/products/126234-olive-green-palm-oyster-564f4f4a520f8ad6.jpg,https://www.aviandco.com/rolex-datejust-36-126234-olive-green-dial-g0126234-006
avi-rolex-datejust-36-126234-purple-dial-g0126234-020,mismatch,name,"Rolex Datejust 36 126234, Stainless Steel, Aubergine Purple Diamond VI IX Roman Dial, 36 mm",This site can’t be reached,Rolex,NULL,NULL,,17000,0,3,0,/api/uploads/aviandco/products/rolex-datejust-126234-purple-roman-9dccad00d6207dfa.jpg,https://www.aviandco.com/rolex-datejust-36-126234-purple-dial-g0126234-020
avi-rolex-datejust-36-126234-silver-dial-g0126234-004,mismatch,name;price;reference;image_count,"Rolex Datejust 36 126234, Oyster, Stainless Steel, Silver Diamond Roman Dial, 36 mm",Rolex Datejust 36,Rolex,NULL,NULL,126234,0,16318.98,1,3,/api/uploads/aviandco/products/126234-silver-roman-vi-ix-oyster-727f0ef0f7ff3b61.jpg,https://www.aviandco.com/rolex-datejust-36-126234-silver-dial-g0126234-004
avi-rolex-datejust-36-126234-silver-dial-g0126234-014,mismatch,name;price;reference,"Rolex Datejust 36 126234, Jubilee, Steel, Silver Diamond Roman VI XI Dial, 36 mm",Rolex Datejust 36,Rolex,NULL,NULL,126234,0,16318.98,3,3,/api/uploads/aviandco/products/126234-silver-roman-vi-ix-jubilee-diamond-roman-5b2b3dcd0fcda093.jpg,https://www.aviandco.com/rolex-datejust-36-126234-silver-dial-g0126234-014
avi-rolex-datejust-36-126234-white-roman-dial-126234-014,mismatch,name,"Rolex Datejust 36 126234, Stainless Steel, White Roman Dial, Jubilee Bracelet, 36 mm",There has been an error processing your request,Rolex,NULL,NULL,,12800,0,3,0,/api/uploads/aviandco/products/rolex-datejust-36-126234-014-1-e1c45040b7260116.jpg,https://www.aviandco.com/rolex-datejust-36-126234-white-roman-dial-126234-014
avi-rolex-datejust-36-126234-wimbledon-dial-g0126234-011,mismatch,name;reference,"Rolex Datejust 36 126234, Oyster, Steel, Wimbledon Slate Roman Dial, 36 mm",Rolex Datejust 36,Rolex,NULL,NULL,126234,14900,14900.0,3,3,/api/uploads/aviandco/products/126234-slate-roman-oyster-wimbledon-0645c26d06613c08.jpg,https://www.aviandco.com/rolex-datejust-36-126234-wimbledon-dial-g0126234-011
avi-rolex-datejust-36-126234-wimbledon-grey-roman-dial-126234-,mismatch,name;reference,"Rolex Datejust 36 126234, Stainless Steel, Wimbledon State Roman Dial, Jubilee Bracelet, 36 mm",Rolex Datejust 36,Rolex,NULL,NULL,126234,14300,14300.0,3,3,/api/uploads/aviandco/products/rolex-datejust-36-126234-wimbledon-jubilee-1-1-79ea0bec1eabc1d2.jpg,https://www.aviandco.com/rolex-datejust-36-126234-wimbledon-grey-roman-dial-126234-041
avi-rolex-datejust-36-126281rbr-black-dial-g0126281rbr-002,mismatch,name;price;reference,"Rolex Datejust 36 126281RBR, Jubilee, Steel & 18K Rose Gold, Black Diamond Dial, 36 mm",Rolex Datejust 36,Rolex,NULL,NULL,126281RBR,0,31900.0,3,3,/api/uploads/aviandco/products/126281rbr-black-diamond-jubilee-1-255a44d2ef0574e3.jpg,https://www.aviandco.com/rolex-datejust-36-126281rbr-black-dial-g0126281rbr-002
avi-rolex-datejust-36-126281rbr-mother-of-pearl-diamond-dial-1,mismatch,name;reference,"Rolex Datejust 36 126281RBR, Stainless Steel & 18K Rose Gold, MOP Diamond Index Dial, Jubilee Bracelet, 36 mm",Rolex Datejust 36,Rolex,NULL,NULL,126281RBR,32200,32200.0,12,3,/api/uploads/aviandco/products/rolex-datejust-36-126281rbr-008-1-1fe55f45dcdc3b5c.jpg,https://www.aviandco.com/rolex-datejust-36-126281rbr-mother-of-pearl-diamond-dial-126281rbr-008
avi-rolex-datejust-36-126281rbr-rhodium-dial-g0126281rbr-001,mismatch,name;price;reference,"Rolex Datejust 36 126281RBR, Steel & 18K Rose Gold, Dark Rhodium Diamond VI XI Dial, 36 mm",Rolex Datejust 36,Rolex,NULL,NULL,126281RBR,0,29200.0,3,3,/api/uploads/aviandco/products/126281rbr-dark-rhodium-vi-ix-roman-jubilee-1-19fdfed15f652345.jpg,https://www.aviandco.com/rolex-datejust-36-126281rbr-rhodium-dial-g0126281rbr-001
avi-rolex-datejust-36-126281rbr-silver-dial-g0126281rbr-003,mismatch,name;price;reference,"Rolex Datejust 36 126281RBR, Steel & 18K Rose Gold, Silver Fluted Motif Index Dial, 36 mm",Rolex Datejust 36,Rolex,NULL,NULL,126281RBR,0,29100.0,3,3,/api/uploads/aviandco/products/126281rbr-silver-fluted-jubilee-1-dbb0c6e03ee9e025.jpg,https://www.aviandco.com/rolex-datejust-36-126281rbr-silver-dial-g0126281rbr-003
avi-rolex-datejust-36-126281rbr-silver-dial-g0126281rbr-004,mismatch,name;price;reference,"Rolex Datejust 36 126281RBR, Steel & 18K Rose Gold, Silver Palm Motif Index Dial, 36 mm",Rolex Datejust 36,Rolex,NULL,NULL,126281RBR,0,29068.98,3,3,/api/uploads/aviandco/products/126281rbr-silver-palm-jubilee-1-f6f50b48766d3a63.jpg,https://www.aviandco.com/rolex-datejust-36-126281rbr-silver-dial-g0126281rbr-004
avi-rolex-datejust-36-126281rbr-wimbledon-slate-dial-g0126281r,mismatch,name;price;reference,"Rolex Datejust 36 126281RBR, Jubilee, Steel & 18K Rose Gold, Wimbledon Slate Roman Dial, 36 mm",Rolex Datejust 36,Rolex,NULL,NULL,126281RBR,0,29068.98,3,3,/api/uploads/aviandco/products/126281rbr-slate-roman-jubilee-wimbledon-1-c6ee038c4b08de5d.jpg,https://www.aviandco.com/rolex-datejust-36-126281rbr-wimbledon-slate-dial-g0126281rbr-005
avi-rolex-datejust-36-126283rbr-champagne-dial-g0126283rbr-001,mismatch,name;price;reference,"Rolex Datejust 36 126283RBR, Oyster, Steel & 18K Yellow Gold, Champagne Diamond Dial, 36 mm",Rolex Datejust 36,Rolex,NULL,NULL,126283RBR,0,29578.98,3,3,/api/uploads/aviandco/products/126283rbr-champagne-diamond-oyster-7e2e569e279f2021.jpg,https://www.aviandco.com/rolex-datejust-36-126283rbr-champagne-dial-g0126283rbr-001
avi-rolex-datejust-36-126283rbr-green-roman-dial-126283rbr-004,mismatch,name;reference,"Rolex Datejust 36 126283RBR, Stainless Steel & 18K Yellow Gold, Diamond Bezel, Olive Green Roman Dial, Jubilee Bracelet, 36 mm",Rolex Datejust 36,Rolex,NULL,NULL,126283RBR,31700,31700.0,3,3,/api/uploads/aviandco/products/rolex-datejust-36-126283rbr-004-01-ad9e70c93ad286c4.jpg,https://www.aviandco.com/rolex-datejust-36-126283rbr-green-roman-dial-126283rbr-004
avi-rolex-datejust-36-126283rbr-mop-dial-g0126283rbr-006,mismatch,name;price;reference,"Rolex Datejust 36 126283RBR, Steel & 18K Yellow Gold, Diamond Bezel, MOP Diamond Dial, 36 mm",Rolex Datejust 36,Rolex,NULL,NULL,126283RBR,0,35400.0,3,3,/api/uploads/aviandco/products/126283rbr-mop-diamond-jubilee-f25c22b26406668f.jpg,https://www.aviandco.com/rolex-datejust-36-126283rbr-mop-dial-g0126283rbr-006
avi-rolex-datejust-36-126283rbr-olive-green-dial-g0126283rbr-0,mismatch,name;reference,"Rolex Datejust 36 126283RBR, Jubilee, Steel & 18K Yellow Gold, Olive Green Roman Dial, 36 mm",Rolex Datejust 36,Rolex,NULL,NULL,126283RBR,30600,30600.0,3,3,/api/uploads/aviandco/products/126283rbr-green-roman-jubilee-8f599853e5dd5f8f.png,https://www.aviandco.com/rolex-datejust-36-126283rbr-olive-green-dial-g0126283rbr-003
avi-rolex-datejust-36-126283rbr-silver-dial-g0126283rbr-004,mismatch,name,"Rolex Datejust 36 126283RBR, Oyster, Steel & 18K Yellow Gold, Silver Diamond Roman VI XI Dial, 36 mm",There has been an error processing your request,Rolex,NULL,NULL,,0,0,3,0,/api/uploads/aviandco/products/126283rbr-silver-vi-ix-roman-oyster-5c1406f4fb6fb1a7.jpg,https://www.aviandco.com/rolex-datejust-36-126283rbr-silver-dial-g0126283rbr-004
avi-rolex-datejust-36-126283rbr-silver-dial-g0126283rbr-005,mismatch,name;price;reference,"Rolex Datejust 36 126283RBR, Steel & 18K Yellow Gold, Silver Diamond Roman VI XI Dial, 36 mm",Rolex Datejust 36,Rolex,NULL,NULL,126283RBR,0,32000.0,3,3,/api/uploads/aviandco/products/126283rbr-silver-vi-ix-roman-jubilee-f723c5c2d2103a4f.jpg,https://www.aviandco.com/rolex-datejust-36-126283rbr-silver-dial-g0126283rbr-005
avi-rolex-datejust-36-126284rbr-black-dial-g0126284rbr-008,mismatch,name;reference,"Rolex Datejust 36 126284RBR, Jubilee, Diamond Bezel, Black Diamond Dial, 36 mm",Rolex Datejust 36,Rolex,NULL,NULL,126284RBR,26500,26500.0,3,3,/api/uploads/aviandco/products/126284rbr-black-diamond-jubilee-b83f7fb7397c901e.jpg,https://www.aviandco.com/rolex-datejust-36-126284rbr-black-dial-g0126284rbr-008
avi-rolex-datejust-36-126284rbr-blue-dial-g0126284rbr-007,mismatch,name;price;reference,"Rolex Datejust 36 126284RBR, Jubilee, Diamond Bezel, Blue Diamond Dial, 36 mm",Rolex Datejust 36,Rolex,NULL,NULL,126284RBR,0,26518.98,3,3,/api/uploads/aviandco/products/126284rbr-blue-diamond-jubilee-968ac797b39fafd8.jpg,https://www.aviandco.com/rolex-datejust-36-126284rbr-blue-dial-g0126284rbr-007
avi-rolex-datejust-36-126284rbr-green-dial-g0126284rbr-005,mismatch,name;price;reference,"Rolex Datejust 36 126284RBR, Jubilee, Diamond Bezel, Green Index Dial, 36 mm",Rolex Datejust 36,Rolex,NULL,NULL,126284RBR,0,23600.0,3,3,/api/uploads/aviandco/products/126284rbr-jubilee-green-index-3904a2702693d5e0.jpg,https://www.aviandco.com/rolex-datejust-36-126284rbr-green-dial-g0126284rbr-005
avi-rolex-datejust-36-126284rbr-green-dial-g0126284rbr-009,mismatch,name;price;reference,"Rolex Datejust 36 126284RBR, Oyster, Diamond Bezel, Green Palm Motif Index Dial, 36 mm",Rolex Datejust 36,Rolex,NULL,NULL,126284RBR,0,26500.0,3,3,/api/uploads/aviandco/products/126284rbr-olive-green-palm-oyster-9a7cf0fbfc5e7237.jpg,https://www.aviandco.com/rolex-datejust-36-126284rbr-green-dial-g0126284rbr-009
avi-rolex-datejust-36-126284rbr-mother-of-pearl-diamond-dial-1,mismatch,name;reference,"Rolex Datejust 36 126284RBR, Stainless Steel & 18K White Gold, Mother Of Pearl Diamond Dial, Jubilee Bracelet, 36 mm (2026)",Rolex Datejust 36,Rolex,NULL,NULL,126284RBR,29100,29100.0,4,3,/api/uploads/aviandco/products/rolex-datejust-36-126284rbr-005-1-7168c122c2f5fc11.jpg,https://www.aviandco.com/rolex-datejust-36-126284rbr-mother-of-pearl-diamond-dial-12684rbr-005
avi-rolex-datejust-36-126284rbr-olive-green-dial-g0126284rbr-0,mismatch,name;price;reference,"Rolex Datejust 36 126284RBR, Jubilee, Steel, Olive Green Palm Motif Diamond Dial, 36 mm",Rolex Datejust 36,Rolex,NULL,NULL,126284RBR,0,26518.98,3,3,/api/uploads/aviandco/products/rolex-datejust-36-126284rbr-palm-green-diamond-photoroom-png-photoroom-2f4ee5012c36d022.png,https://www.aviandco.com/rolex-datejust-36-126284rbr-olive-green-dial-g0126284rbr-002
avi-rolex-datejust-36-126284rbr-silver-dial-12684rbr-001,mismatch,name;price;reference,"Rolex Datejust 36 126284RBR, Steel, Diamond Bezel, Silver Diamond Roman VI XI Dial, 36 mm",Rolex Datejust 36,Rolex,NULL,NULL,126284RBR,0,25000.0,3,3,/api/uploads/aviandco/products/126284rbr-001-1-1-b0ebf7e3ddc853cc.jpg,https://www.aviandco.com/rolex-datejust-36-126284rbr-silver-dial-12684rbr-001
avi-rolex-datejust-36-126284rbr-wimbledon-dial-g0126284rbr-004,mismatch,name;price;reference,"Rolex Datejust 36 126284RBR, Jubilee, Steel, Wimbledon Slate Roman Dial, 36 mm",Rolex Datejust 36,Rolex,NULL,NULL,126284RBR,0,24478.98,3,3,/api/uploads/aviandco/products/rolex-datejust-36-126284rbr-slate-roman-51fa8d1f275c2985.jpg,https://www.aviandco.com/rolex-datejust-36-126284rbr-wimbledon-dial-g0126284rbr-004
avi-rolex-datejust-36-16013-buckley-champagne-roman-dial-16013,mismatch,name;reference,"Rolex Datejust 36 16013, Stainless Steel & 18K Yellow Gold, Buckley Champagne Roman Dial, Jubilee Bracelet, 36 mm",Rolex Datejust 36,Rolex,NULL,NULL,16013,7700,7700.0,3,3,/api/uploads/aviandco/products/rolex-datejust-36-16013-015-1-8d40cc0364ec7205.jpg,https://www.aviandco.com/rolex-datejust-36-16013-buckley-champagne-roman-dial-16013-015
avi-rolex-datejust-36-16013-champagne-dial-16013-008,mismatch,name;price;reference,"Rolex Datejust 36 16013, Jubilee, Steel & 18K Yellow Gold, Champagne Index Dial, 36 mm",Rolex Datejust 36,Rolex,NULL,NULL,16013,0,6900.0,3,3,/api/uploads/aviandco/products/f-rlx-dj36-indil-stilyllwgldchmpgn-16013--11-17--1-7ab9d4ede55a2b40.jpg,https://www.aviandco.com/rolex-datejust-36-16013-champagne-dial-16013-008
avi-rolex-datejust-36-16013-grey-roman-dial-16013-014,mismatch,name;reference,"Rolex Datejust 36 16013, Stainless Steel & 18K Yellow Gold, Grey Roman Dial, Oyster Bracelet, 36 mm",Rolex Datejust 36,Rolex,NULL,NULL,16013,7200,7200.0,3,3,/api/uploads/aviandco/products/rolex-datejust-36-16013-014-1-b3eb7b5609c9ac4f.jpg,https://www.aviandco.com/rolex-datejust-36-16013-grey-roman-dial-16013-014
avi-rolex-datejust-36-16200-silver-dial-16200-003,mismatch,name;price;reference,"Rolex Datejust 36 16200, Steel, Silver Roman Dial, 36 mm",Rolex Datejust 36,Rolex,NULL,NULL,16200,0,6200.0,3,3,/api/uploads/aviandco/products/16200-003-1-d23078324c3c2486.jpg,https://www.aviandco.com/rolex-datejust-36-16200-silver-dial-16200-003
avi-rolex-datejust-41-126300-blue-dial-g0126300-005,mismatch,name;price;reference,"Rolex Datejust 41 126300, Jubilee, Steel, Blue Roman Dial, 41 mm",Rolex Datejust 41,Rolex,NULL,NULL,126300,0,13600.0,3,3,/api/uploads/aviandco/products/f-rlx-dj41-jubstilbluromdil-126300--10-19-a23fde34f8e364e5.jpg,https://www.aviandco.com/rolex-datejust-41-126300-blue-dial-g0126300-005
avi-rolex-datejust-41-126300-blue-index-dial-126300-035,mismatch,name;reference,"Rolex Datejust 41 126300, Stainless Steel, Blue Index Dial, Jubilee Bracelet, 41 mm",Rolex Datejust 41,Rolex,NULL,NULL,126300,13800,13800.0,3,3,/api/uploads/aviandco/products/rolex-datejust-41-126300-jubilee-blue-index-1-1-72bbd97acb111813.jpg,https://www.aviandco.com/rolex-datejust-41-126300-blue-index-dial-126300-035
avi-rolex-datejust-41-126300-blue-index-dial-126300-037,mismatch,name;reference,"Rolex Datejust 41 126300, Stainless Steel, Blue Index Dial, Jubilee Bracelet, 41 mm (2026)",Rolex Datejust 41,Rolex,NULL,NULL,126300,14100,14100.0,3,3,/api/uploads/aviandco/products/rolex-datejust-41-126300-jubilee-blue-index-1-1-1-a48abb8f174e6913.jpg,https://www.aviandco.com/rolex-datejust-41-126300-blue-index-dial-126300-037
avi-rolex-datejust-41-126300-green-index-dial-126300-038,mismatch,name;reference,"Rolex Datejust 41 126300, Stainless Steel, Geen Index Dial, Jubilee Bracelet, 41 mm (2026)",Rolex Datejust 41,Rolex,NULL,NULL,126300,14300,14300.0,3,3,/api/uploads/aviandco/products/rolex-datejust-41-126300-038-1-8d662ab9abb066ac.jpg,https://www.aviandco.com/rolex-datejust-41-126300-green-index-dial-126300-038
avi-rolex-datejust-41-126300-green-index-dial-126300-039,mismatch,name;reference,"Rolex Datejust 41 126300, Stainless Steel, Green Index Dial, Jubilee Bracelet, 41 mm (2026)",Rolex Datejust 41,Rolex,NULL,NULL,126300,14300,14300.0,12,3,/api/uploads/aviandco/products/rolex-datejust-41-126300-038-1-1-c8e6477418271aae.jpg,https://www.aviandco.com/rolex-datejust-41-126300-green-index-dial-126300-039
avi-rolex-datejust-41-126300-rhodium-dial-g0126300-004,mismatch,name;reference,"Rolex Datejust 41 126300, Jubilee, Steel, Rhodium Index Dial, 41 mm",Rolex Datejust 41,Rolex,NULL,NULL,126300,13300,13300.0,8,3,/api/uploads/aviandco/products/rolex-datejust-41-126300-jubilee-rhodium-index-1-8ffdc107cf9768a3.jpg,https://www.aviandco.com/rolex-datejust-41-126300-rhodium-dial-g0126300-004
avi-rolex-datejust-41-126300-wimbledon-dial-g0126300-008,mismatch,name;price;reference,"Rolex Datejust 41 126300, Oyster, Slate Wimbledon Roman Dial",Rolex Datejust 41,Rolex,NULL,NULL,126300,0,12999.0,3,3,/api/uploads/aviandco/products/126300-slate-roman-oyster-wimbledon-dial-ac39239a3fae99bf.jpg,https://www.aviandco.com/rolex-datejust-41-126300-wimbledon-dial-g0126300-008
avi-rolex-datejust-41-126301-chocolate-dial-g0126301,mismatch,name;price;reference,"Rolex Datejust 41 126301, Oyster, Stainless Steel & 18K Rose Gold, Chocolate Index Dial, 41 mm",Rolex Datejust 41,Rolex,NULL,NULL,126301,0,20398.98,3,3,/api/uploads/aviandco/products/s-l1600--3-4c63da493263dbb7.jpg,https://www.aviandco.com/rolex-datejust-41-126301-chocolate-dial-g0126301
avi-rolex-datejust-41-126301-chocolate-dial-g0126301-006,mismatch,name;price;reference,"Rolex Datejust 41 126301, Oyster, Steel & 18K Rose Gold, Chocolate Diamond Dial, 41 mm",Rolex Datejust 41,Rolex,NULL,NULL,126301,0,20398.98,3,3,/api/uploads/aviandco/products/rolex-datejust-41-116243-001-1-56c1620c3a8fd608.jpg,https://www.aviandco.com/rolex-datejust-41-126301-chocolate-dial-g0126301-006
avi-rolex-datejust-41-126301-mother-of-pearl-dial-g0126301-005,mismatch,name;price;reference,"Rolex Datejust 41 126301, Oyster, Steel & 18K Rose Gold, MOP Diamond Dial, 41 mm",Rolex Datejust 41,Rolex,NULL,NULL,126301,0,20398.98,3,3,/api/uploads/aviandco/products/rolex-datejust-41-steel-everose-gold-diamond-mop-oyster-126301-0247cf4be7cc6b20.png,https://www.aviandco.com/rolex-datejust-41-126301-mother-of-pearl-dial-g0126301-005
avi-rolex-datejust-41-126301-sundust-dial-126301-005,mismatch,name;price;reference,"Rolex Datejust 41 126301, Steel & 18K Rose Gold, Sundust Index Dial, 41 mm",Rolex Datejust 41,Rolex,NULL,NULL,126301,15900,15400.0,12,3,/api/uploads/aviandco/products/rolex-datejust-41-126301-sundust-index-oyster-1-cb88ef0dff11af11.jpg,https://www.aviandco.com/rolex-datejust-41-126301-sundust-dial-126301-005
avi-rolex-datejust-41-126301-sundust-dial-g0126301-001,mismatch,name;price;reference,"Rolex Datejust 41 126301, Jubilee, Stainless Steel & 18K Rose Gold, Sundust Index Dial, 41 mm",Rolex Datejust 41,Rolex,NULL,NULL,126301,0,25000.0,3,3,/api/uploads/aviandco/products/rolex-datejust-41-126301-611-1-190451486ea2b760.jpg,https://www.aviandco.com/rolex-datejust-41-126301-sundust-dial-g0126301-001
avi-rolex-datejust-41-126301-sundust-dial-g0126301-003,mismatch,name;price,"Rolex Datejust 41 126301, Stainless Steel & 18K Rose Gold, Sundust Index Dial, Oyster Bracelet, 41 mm",Rolex Datejust 41,Rolex,NULL,NULL,,0,20000.0,3,3,/api/uploads/aviandco/products/126301-sundust-index-oyster-e2928fdaa431980f.jpg,https://www.aviandco.com/rolex-datejust-41-126301-sundust-dial-g0126301-003
avi-rolex-datejust-41-126301-sundust-dial-g0126301-004,mismatch,name;price;reference,"Rolex Datejust 41 126301, Oyster, Steel & 18K Rose Gold, Sundust Diamond Dial, 41 mm",Rolex Datejust 41,Rolex,NULL,NULL,126301,0,25000.0,3,3,/api/uploads/aviandco/products/126301-ff1fbca86aadd887.jpg,https://www.aviandco.com/rolex-datejust-41-126301-sundust-dial-g0126301-004
avi-rolex-datejust-41-126301-wimbledon-dial-g0126301-002,mismatch,name;price;reference,"Rolex Datejust 41 126301, Jubilee, Steel & 18K Rose Gold, Wimbledon Slate Roman Dial, 41 mm",Rolex Datejust 41,Rolex,NULL,NULL,126301,0,20398.98,3,3,/api/uploads/aviandco/products/rolex-datejust-41-steel-everose-gold-slate-dial-jubilee-watch-126301-e91c8402ca1f4330.png,https://www.aviandco.com/rolex-datejust-41-126301-wimbledon-dial-g0126301-002
avi-rolex-datejust-41-126303-black-dial-g0126303-006,mismatch,name;price;reference,"Rolex Datejust 41 126303, Jubilee, Steel & 18K Yellow Gold, Black Diamond Dial, 41 mm",Rolex Datejust 41,Rolex,NULL,NULL,126303,0,20500.0,3,3,/api/uploads/aviandco/products/126303bkdj-486720bd677f9c21.jpg,https://www.aviandco.com/rolex-datejust-41-126303-black-dial-g0126303-006
avi-rolex-datejust-41-126303-champagne-dial-g0126303,mismatch,name;price;reference,"Rolex Datejust 41 126303, Jubilee, Stainless Steel & 18K Yellow Gold, Champagne Diamond Dial, 41 mm",Rolex Datejust 41,Rolex,NULL,NULL,126303,0,20398.98,3,3,/api/uploads/aviandco/products/stockrj4107178--1-81-1-8b35abf30cd66552.jpg,https://www.aviandco.com/rolex-datejust-41-126303-champagne-dial-g0126303
avi-rolex-datejust-41-126303-gold-dial-g0126303-007,mismatch,name;price;reference,"Rolex Datejust 41 126303, Oyster, Steel & 18K Yellow Gold, Gold Motif Index Dial, 41 mm",Rolex Datejust 41,Rolex,NULL,NULL,126303,0,20398.98,3,3,/api/uploads/aviandco/products/126303-oyster-gold-motif-dial-c9f2c91269eb559e.jpg,https://www.aviandco.com/rolex-datejust-41-126303-gold-dial-g0126303-007
avi-rolex-datejust-41-126303-mother-of-pearl-dial-g0126303-002,mismatch,name;price;reference,"Rolex Datejust 41 126303, Oyster, Stainless Steel & 18K Yellow Gold, MOP Diamond Dial, 41 mm",Rolex Datejust 41,Rolex,NULL,NULL,126303,0,20398.98,3,3,/api/uploads/aviandco/products/rolex-126303-mop-dial-1-a18bca28bc43eaa9.png,https://www.aviandco.com/rolex-datejust-41-126303-mother-of-pearl-dial-g0126303-002
avi-rolex-datejust-41-126303-silver-dial-g0126303-004,mismatch,name;price;reference,"Rolex Datejust 41 126303, Stainless Steel & 18K Yellow Gold, Silver Index Dial, Oyster Bracelet, 41 mm",Rolex Datejust 41,Rolex,NULL,NULL,126303,0,30000.0,3,3,/api/uploads/aviandco/products/rolex-datejust-28-126303-001-1-6bc580b38adefdb4.jpg,https://www.aviandco.com/rolex-datejust-41-126303-silver-dial-g0126303-004
avi-rolex-datejust-41-126303-white-dial-126303-001,mismatch,name;price;reference,"Rolex Datejust 41 126303, Steel & 18K Yellow Gold, White Index Dial, 41 mm",Rolex Datejust 41,Rolex,NULL,NULL,126303,0,15400.0,3,3,/api/uploads/aviandco/products/126303-001-01-e225a81cd6d0838f.jpg,https://www.aviandco.com/rolex-datejust-41-126303-white-dial-126303-001
avi-rolex-datejust-41-126303-wimbledon-dial-g0126303-001,mismatch,name;price;reference,"Rolex Datejust 41 126303, Stainless Steel & 18K Yellow Gold, Wimbledon Slate Roman Dial, Oyster Bracelet, 41 mm",Rolex Datejust 41,Rolex,NULL,NULL,126303,0,30000.0,3,3,/api/uploads/aviandco/products/rolex-datejust-41-126303-001-1-df46d114a4b1db88.jpg,https://www.aviandco.com/rolex-datejust-41-126303-wimbledon-dial-g0126303-001
avi-rolex-datejust-41-126303-wimbledon-dial-g0126303-008,mismatch,name;price;reference,"Rolex Datejust 41 126303, Jubilee, Steel & 18K Yellow Gold, Wimbledon Slate Roman Dial, 41 mm",Rolex Datejust 41,Rolex,NULL,NULL,126303,0,20398.98,9,3,/api/uploads/aviandco/products/rolex-datejust-41-126303-wimbleon-jubilee-1-530198e935c04919.jpg,https://www.aviandco.com/rolex-datejust-41-126303-wimbledon-dial-g0126303-008
avi-rolex-datejust-41-126331-chocolate-diamond-dial-126331-022,mismatch,name;reference,"Rolex Datejust 41 126331, Stainless Steel & 18K Rose Gold, Chocolate Diamond Dial, Jubilee Bracelet, 41 mm (2026)",Rolex Datejust 41,Rolex,NULL,NULL,126331,26600,26600.0,3,3,/api/uploads/aviandco/products/rolex-datejust-41-126331-022-1-5472b3672b69a703.jpg,https://www.aviandco.com/rolex-datejust-41-126331-chocolate-diamond-dial-126331-022
avi-rolex-datejust-41-126331-silver-motif-dial-126331-006,mismatch,name;reference,"Rolex Datejust 41 126331, Jubilee, Steel & 18K Rose Gold, Silver Motif Index Dial, 41 mm",Rolex Datejust 41,Rolex,NULL,NULL,126331,21500,21500.0,3,3,/api/uploads/aviandco/products/rolex-datejust-41-126331-silver-fluted-motif-1-a0cec54a5959e74a.jpg,https://www.aviandco.com/rolex-datejust-41-126331-silver-motif-dial-126331-006
avi-rolex-datejust-41-126331-sundust-dial-126331-019,mismatch,name;price;reference,"Rolex Datejust 41 126331, Stainless Steel & 18K Rose Gold, Sundust Dial, Jubilee Bracelet, 41 mm",Rolex Datejust 41,Rolex,NULL,NULL,126331,18900,18400.0,12,3,/api/uploads/aviandco/products/rolex-datejust-41-126331-009-1-7c78a2c15ba665fc.jpg,https://www.aviandco.com/rolex-datejust-41-126331-sundust-dial-126331-019
avi-rolex-datejust-41-126331-wimbledon-dial-126331-015,mismatch,name;price;reference,"Rolex Datejust 41 126331, Stainless Steel & 18K Rose Gold, Wimbledon Slate Roman Dial, Oyster Bracelet, 41 mm",Rolex Datejust 41,Rolex,NULL,NULL,126331,0,19600.0,3,3,/api/uploads/aviandco/products/rolex-datejust-41-126331-015-1-027c96c09d7c67b1.jpg,https://www.aviandco.com/rolex-datejust-41-126331-wimbledon-dial-126331-015
avi-rolex-datejust-41-126333-black-dial-g0126333-008,mismatch,name;price;reference,"Rolex Datejust 41 126333, Oyster, Stainless Steel & 18K Yellow Gold, Black Diamond Dial, 41 mm",Rolex Datejust 41,Rolex,NULL,NULL,126333,0,21418.98,3,3,/api/uploads/aviandco/products/rolex-datejust-41-126333-black-diamond-oyster-1-a32ee12ac43a46ff.jpg,https://www.aviandco.com/rolex-datejust-41-126333-black-dial-g0126333-008
avi-rolex-datejust-41-126333-black-dial-g0126333-014,mismatch,name;price;reference,"Rolex Datejust 41 126333, Oyster, Steel & 18K Yellow Gold, Black Index Dial, 41 mm",Rolex Datejust 41,Rolex,NULL,NULL,126333,0,20400.0,3,3,/api/uploads/aviandco/products/126333-black-index-oyster-058f30511f042de3.jpg,https://www.aviandco.com/rolex-datejust-41-126333-black-dial-g0126333-014
avi-rolex-datejust-41-126333-black-g0126333-001,mismatch,name,"Rolex Datejust 41 126333, Stainless Steel & 18K Yellow Gold, Black Diamond Dial, Jubilee Bracelet, 41 mm",This site can’t be reached,Rolex,NULL,NULL,,0,0,3,0,/api/uploads/aviandco/products/126333-black-diamond-jubilee-31d9e855377bc1a4.jpg,https://www.aviandco.com/rolex-datejust-41-126333-black-g0126333-001
avi-rolex-datejust-41-126333-black-index-dial-126333-037,mismatch,name;reference,"Rolex Datejust 41 126333, Stainless Steel & 18K Yellow Gold, Black Index Dial, Jubilee Bracelet, 41 mm",Rolex Datejust 41,Rolex,NULL,NULL,126333,21500,21500.0,3,3,/api/uploads/aviandco/products/rolex-datejust-41-126333-black-index-1-1-8e9848ab050ae539.jpg,https://www.aviandco.com/rolex-datejust-41-126333-black-index-dial-126333-037
avi-rolex-datejust-41-126333-champagne-dial-g0126333-006,mismatch,name;price;reference,"Rolex Datejust 41 126333, Jubilee, Stainless Steel & 18K Yellow Gold, Champagne Diamond Dial, 41 mm",Rolex Datejust 41,Rolex,NULL,NULL,126333,0,22438.98,3,3,/api/uploads/aviandco/products/126333-champagne-diamond-dial-photoroom-png-photoroom-eac3678353fc6cc8.png,https://www.aviandco.com/rolex-datejust-41-126333-champagne-dial-g0126333-006
avi-rolex-datejust-41-126333-champagne-dial-g0126333-009,mismatch,name;price;reference,"Rolex Datejust 41 126333, Oyster, Stainless Steel & 18K Yellow Gold, Champagne Index Dial, 41 mm",Rolex Datejust 41,Rolex,NULL,NULL,126333,0,20398.98,3,3,/api/uploads/aviandco/products/126333-champagne-index-oyster-2cc93ec06e11462b.png,https://www.aviandco.com/rolex-datejust-41-126333-champagne-dial-g0126333-009
avi-rolex-datejust-41-126333-champagne-index-dial-126333-042,mismatch,name;price;reference,"Rolex Datejust 41 126333, Stainless Steel & 18K Yellow Gold, Champagne Index Dial, Jubilee Bracelet, 41 mm",Rolex Datejust 41,Rolex,NULL,NULL,126333,0,21500.0,3,3,/api/uploads/aviandco/products/rolex-datejust-41-126333-040-1-1-7341d5bf76473e45.jpg,https://www.aviandco.com/rolex-datejust-41-126333-champagne-index-dial-126333-042
avi-rolex-datejust-41-126333-mother-of-pearl-dial-g0126333-003,mismatch,name;price,"Rolex Datejust 41 126333, Oyster, Stainless Steel & 18K Yellow, Gold MOP Diamond Dial, 41 mm",Rolex Datejust 41,Rolex,NULL,NULL,,0,23458.98,3,3,/api/uploads/aviandco/products/126333-mop-diamond-dial-photoroom-png-photoroom-c7e32bb65c6dcfbf.png,https://www.aviandco.com/rolex-datejust-41-126333-mother-of-pearl-dial-g0126333-003
avi-rolex-datejust-41-126333-mother-of-pearl-dial-g0126333-011,mismatch,name;price,"Rolex Datejust 41 126333, Jubilee, Steel & 18K Yellow Gold, MOP Diamond Dial, 41 mm",Rolex Datejust 41,Rolex,NULL,NULL,,0,23458.98,3,3,/api/uploads/aviandco/products/rolex-12633-mother-of-pearl-eaf99455113d4a90.jpg,https://www.aviandco.com/rolex-datejust-41-126333-mother-of-pearl-dial-g0126333-011
avi-rolex-datejust-41-126333-silver-dial-g0126333-005,mismatch,name;price;reference,"Rolex Datejust 41 126333, Stainless Steel & 18K Yellow Gold, Silver Index Dial, 41 mm",Rolex Datejust 41,Rolex,NULL,NULL,126333,0,20500.0,3,3,/api/uploads/aviandco/products/126333-silver-index-jubilee-2f0d4ea7684ca9fa.jpg,https://www.aviandco.com/rolex-datejust-41-126333-silver-dial-g0126333-005
avi-rolex-datejust-41-126333-silver-dial-g0126333-013,mismatch,name;price;reference,"Rolex Datejust 41 126333, Oyster, Steel & 18K Yellow Gold, Silver Index Dial, 41 mm",Rolex Datejust 41,Rolex,NULL,NULL,126333,0,20500.0,3,3,/api/uploads/aviandco/products/rolex-datejust-41-126333-001-1-05ba1459caf18c39.jpg,https://www.aviandco.com/rolex-datejust-41-126333-silver-dial-g0126333-013
avi-rolex-datejust-41-126333-silver-index-dial-126333-038,mismatch,name;reference,"Rolex Datejust 41 126333, Stainless Steel & 18K Yellow Gold, Silver Index Dial, Jubilee Bracelet, 41 mm",Rolex Datejust 41,Rolex,NULL,NULL,126333,21000,21000.0,12,3,/api/uploads/aviandco/products/126333-020-1-add95d58631b5055.jpg,https://www.aviandco.com/rolex-datejust-41-126333-silver-index-dial-126333-038
avi-rolex-datejust-41-126333-white-dial-g0126333-024,mismatch,name;price;reference,"Rolex Datejust 41 126333, Oyster, Steel & 18K Yellow Gold, White Index Dial, 41 mm",Rolex Datejust 41,Rolex,NULL,NULL,126333,0,20398.98,3,3,/api/uploads/aviandco/products/rolex-datejust-41-g0126333-024-1-a08b0351ef016074.jpg,https://www.aviandco.com/rolex-datejust-41-126333-white-dial-g0126333-024
avi-rolex-datejust-41-126333-white-index-dial-126333-039,mismatch,name;reference,"Rolex Datejust 41 126333, Stainless Steel & 18K Yellow Gold, White Index Dial, Jubilee Bracelet, 41 mm",Rolex Datejust 41,Rolex,NULL,NULL,126333,21000,21000.0,4,3,/api/uploads/aviandco/products/rolex-datejust-41-126333-039-1-7f201a7e9cd1d3a7.jpg,https://www.aviandco.com/rolex-datejust-41-126333-white-index-dial-126333-039
avi-rolex-datejust-41-126333-wimbledon-dial-g0126333,mismatch,name;price;reference,"Rolex Datejust 41 126333, Oyster, Stainless Steel & 18K Yellow Gold, Wimbledon Slate Roman Dial, 41 mm",Rolex Datejust 41,Rolex,NULL,NULL,126333,0,18999.0,9,3,/api/uploads/aviandco/products/rj4105968--1-201-1-2beaf16b848a9747.jpg,https://www.aviandco.com/rolex-datejust-41-126333-wimbledon-dial-g0126333
avi-rolex-datejust-41-126334-black-dial-g0126334-016,mismatch,name;price;reference,"Rolex Datejust 41 126334, Jubilee, Steel, Black Index Dial, 41 mm",Rolex Datejust 41,Rolex,NULL,NULL,126334,0,20500.0,3,3,/api/uploads/aviandco/products/126334-black-index-jubilee-a5e9bdd365402791.jpg,https://www.aviandco.com/rolex-datejust-41-126334-black-dial-g0126334-016
avi-rolex-datejust-41-126334-black-dial-g0126334-019,mismatch,name;reference,"Rolex Datejust 41 126334, Jubilee, Steel, Black Diamond Dial, 41 mm",Rolex Datejust 41,Rolex,NULL,NULL,126334,18300,18300.0,10,3,/api/uploads/aviandco/products/rolex-datejust-41-126334-black-diamond-jubilee-1-9bceff7688105ef1.jpg,https://www.aviandco.com/rolex-datejust-41-126334-black-dial-g0126334-019
avi-rolex-datejust-41-126334-black-dial-g0126334-062,mismatch,name;price;reference,"Rolex Datejust 41 126334, Stainless Steel, Black Diamond Dial, Oyster Bracelet, 41 mm",Rolex Datejust 41,Rolex,NULL,NULL,126334,0,17900.0,8,3,/api/uploads/aviandco/products/rolex-datejust-41-126334-black-diamond-oyster-1-21981ed748b1c620.jpg,https://www.aviandco.com/rolex-datejust-41-126334-black-dial-g0126334-062
avi-rolex-datejust-41-126334-green-dial-g0126334-013,mismatch,name;reference,"Rolex Datejust 41 126334, Oyster, Steel, Green Index Dial, 41 mm",Rolex Datejust 41,Rolex,NULL,NULL,126334,17300,17300.0,3,3,/api/uploads/aviandco/products/rolex-datejust-41-126334-green-index-b54ff004e19e7c3c.jpg,https://www.aviandco.com/rolex-datejust-41-126334-green-dial-g0126334-013
avi-rolex-datejust-41-126334-green-fluted-motif-index-dial-126,mismatch,name;price,"Rolex Datejust 41 126334, Stainless Steel & 18K White Gold, Green Fluted Motif Index Dial, Jubilee Bracelet, 41 mm",Rolex Datejust 41,Rolex,NULL,NULL,,0,22000.0,3,3,/api/uploads/aviandco/products/126334-datejust-green-fluted-motif-4d32982c59a43f2d.jpg,https://www.aviandco.com/rolex-datejust-41-126334-green-fluted-motif-index-dial-126334-069
avi-rolex-datejust-41-126334-green-index-dial-126334-064,mismatch,name;reference,"Rolex Datejust 41 126334, Stainless Steel & 18K White Gold, Green Index Dial, Oyster Bracelet, 41 mm",Rolex Datejust 41,Rolex,NULL,NULL,126334,16900,16900.0,12,3,/api/uploads/aviandco/products/126334-025-1-2-a2827bcc28450f12.jpg,https://www.aviandco.com/rolex-datejust-41-126334-green-index-dial-126334-064
avi-rolex-datejust-41-126334-green-ombre-dial-g0126334-spy-001,mismatch,name;price;reference,"Rolex Datejust 41 126334, Stainless Steel & 18K White Gold, Green Ombre Dial, 41 mm (2026)",Rolex Datejust 41,Rolex,NULL,NULL,126334,0,15000.0,3,3,/api/uploads/aviandco/products/rolex-datejust-41-g0126334-spy-001-1-91d6cf5e7a2afa76.jpg,https://www.aviandco.com/rolex-datejust-41-126334-green-ombre-dial-g0126334-spy-001
avi-rolex-datejust-41-126334-mother-of-pearl-dial-g0126334-007,mismatch,name;price;reference,"Rolex Datejust 41 126334, Jubilee, Stainless Steel, MOP Diamond Dial, 41 mm",Rolex Datejust 41,Rolex,NULL,NULL,126334,0,20398.98,5,3,/api/uploads/aviandco/products/rolex-datejust-41-126334-mop-dia-mond-1-1-107536ad95dc2516.jpg,https://www.aviandco.com/rolex-datejust-41-126334-mother-of-pearl-dial-g0126334-007
avi-rolex-datejust-41-126334-rhodium-dial-g0126334-004,mismatch,name;reference,"Rolex Datejust 41 126334, Oyster, Stainless Steel, Rhodium Diamond Dial, 41 mm",Rolex Datejust 41,Rolex,NULL,NULL,126334,18000,18000.0,7,3,/api/uploads/aviandco/products/rolex-datejust-41-126334-rhodium-diamond-oyster-1-5174f6373fc0446d.jpg,https://www.aviandco.com/rolex-datejust-41-126334-rhodium-dial-g0126334-004
avi-rolex-datejust-41-126334-rhodium-diamond-dial-126334-070,mismatch,name;reference,"Rolex Datejust 41 126334, Stainless Steel, Rhodium Diamond Dial, Jubilee Bracelet, 41 mm",Rolex Datejust 41,Rolex,NULL,NULL,126334,22500,22500.0,3,3,/api/uploads/aviandco/products/rolex-datejust-41-126334-031-1-6f5170c884eb738d.jpg,https://www.aviandco.com/rolex-datejust-41-126334-rhodium-diamond-dial-126334-070
avi-rolex-datejust-41-126334-silver-dial-g0126334-009,mismatch,name,"Rolex Datejust 41 126334, Oyster, Steel, Silver Index Dial, 41 mm",This site can’t be reached,Rolex,NULL,NULL,,0,0,3,0,/api/uploads/aviandco/products/rolex-datejust-41-126334-1752-0bed572255253959.jpg,https://www.aviandco.com/rolex-datejust-41-126334-silver-dial-g0126334-009
avi-rolex-datejust-41-126334-silver-dial-g0126334-010,mismatch,name,"Rolex Datejust 41 126334, Jubilee, Steel, Silver Index Dial, 41 mm",This site can’t be reached,Rolex,NULL,NULL,,0,0,3,0,/api/uploads/aviandco/products/rolex-datejust-41-126334-silver-index-jubilee-1-c7d62790bcd73fd1.jpg,https://www.aviandco.com/rolex-datejust-41-126334-silver-dial-g0126334-010
avi-rolex-datejust-41-126334-white-dial-g0126334-012,mismatch,name,"Rolex Datejust 41 126334, Oyster, Steel, White Index Dial, 41 mm",This site can’t be reached,Rolex,NULL,NULL,,0,0,3,0,/api/uploads/aviandco/products/126334-white-index-7bfaf3bfba9b7fd3.jpg,https://www.aviandco.com/rolex-datejust-41-126334-white-dial-g0126334-012
avi-rolex-datejust-41-126334-white-roman-dial-126334-068,mismatch,name;price;reference,"Rolex Datejust 41 126334, Stainless Steel & 18K White Gold, White Roman Dial, Jubilee Bracelet, 41 mm",Rolex Datejust 41,Rolex,NULL,NULL,126334,0,17400.0,8,3,/api/uploads/aviandco/products/rolex-datejust-41-126334-white-roman-1-1-77cb4ce69ae07bd4.jpg,https://www.aviandco.com/rolex-datejust-41-126334-white-roman-dial-126334-068
avi-rolex-datejust-41-126334-wimbledon-dial-g0126334-002,mismatch,name;price,"Rolex Datejust 41 126334, Oyster, Stainless Steel, Wimbledon Slate Roman Dial, 41 mm",Rolex Datejust 41,Rolex,NULL,NULL,,0,17300.0,9,3,/api/uploads/aviandco/products/rolex-datejust-41-126334-wimbledon-oyster-1-30e4abd7d58d104a.jpg,https://www.aviandco.com/rolex-datejust-41-126334-wimbledon-dial-g0126334-002
avi-rolex-datejust-86285-purple-dial-86285-001,mismatch,name;price;reference,"Rolex Datejust Pearlmaster 86285, 18K Rose Gold, Purple Dial, Pearlmaster Bracelet, 39 mm",Rolex Datejust Pearlmaster,Rolex,NULL,NULL,86285,86800,81700.0,3,3,/api/uploads/aviandco/products/rolex-pearlmaster-86285-001-1-bd7f3a3cf5aa774d.jpg,https://www.aviandco.com/rolex-datejust-86285-purple-dial-86285-001
avi-rolex-datejust-ii-116300-blue-dial-g016300-001,mismatch,name;price;reference,"Rolex Datejust 41 116300, Stainless Steel, Blue Roman Dial, 41 mm",Rolex Datejust 41,Rolex,NULL,NULL,116300,0,11300.0,12,3,/api/uploads/aviandco/products/rolex-datejust-ii-116300-blue-roman-1-1-597a36fddd831002.jpg,https://www.aviandco.com/rolex-datejust-ii-116300-blue-dial-g016300-001
avi-rolex-datejust-ii-116334-rhodium-dial-116334-002,mismatch,name;reference,"Rolex Datejust 41 116334, Stainless Steel, Rhodium Diamond Dial, 41 mm",Rolex Datejust 41,Rolex,NULL,NULL,116334,14800,14800.0,3,3,/api/uploads/aviandco/products/116334-002-1-25b4ae24f4abd88b.jpg,https://www.aviandco.com/rolex-datejust-ii-116334-rhodium-dial-116334-002
avi-rolex-datejust-pearlmaster-81285-chocolate-roman-dial-8128,mismatch,name;price;reference,"Rolex Lady-Datejust 81285, Pearlmaster, 18K Rose Gold, Chocolate Roman Dial, 34 mm",Rolex Lady-Datejust,Rolex,NULL,NULL,81285,0,51100.0,3,3,/api/uploads/aviandco/products/rolex-lady-datejust-81285-001-1-4070a7b98e959e57.jpg,https://www.aviandco.com/rolex-datejust-pearlmaster-81285-chocolate-roman-dial-81285-001
avi-rolex-datejust-pearlmaster-81318-mother-of-pearl-dial-g081,mismatch,name;price;reference,"Rolex Datejust Pearlmaster 81318, 18K Yellow Gold, Gold MOP Roman Dial, 34 mm",Rolex Datejust Pearlmaster,Rolex,NULL,NULL,81318,0,37199.0,9,3,/api/uploads/aviandco/products/rjpm07003--1-43-5704e56486f20400.jpg,https://www.aviandco.com/rolex-datejust-pearlmaster-81318-mother-of-pearl-dial-g081318-spy-001
avi-rolex-datjust-126231-black-diamond-dial-126231-011,mismatch,name;price;reference,"Rolex Datejust 36 126231, Steel & 18K Rose Gold, Black Diamond Dial, 36 mm",Rolex Datejust 36,Rolex,NULL,NULL,126231,0,19400.0,3,3,/api/uploads/aviandco/products/126231-black-diamond-jubilee-1-14153c4c6cff637c.jpg,https://www.aviandco.com/rolex-datjust-126231-black-diamond-dial-126231-011
avi-rolex-datjust-126234-green-palm-diamond-dial-126234-019,mismatch,name;reference,"Rolex Datejust 36 126234, Steel, Olive Green Palm Motif Diamond Dial, 36 mm",Rolex Datejust 36,Rolex,NULL,NULL,126234,18900,18900.0,12,3,/api/uploads/aviandco/products/rolex-datejust-36-126234-019-1-c896cb95e74d1e68.jpg,https://www.aviandco.com/rolex-datjust-126234-green-palm-diamond-dial-126234-019
avi-rolex-datjust-126281rbr-chocolate-diamond-dial-126281rbr-0,mismatch,name;price;reference,"Rolex Datejust 36 126281RBR, Steel & 18K Rose Gold, Chocolate Diamond Dial, 36 mm",Rolex Datejust 36,Rolex,NULL,NULL,126281RBR,30700,28600.0,4,3,/api/uploads/aviandco/products/rolex-datejust-36-126281rbr-003-1-1a99c2e5c17c70b6.jpg,https://www.aviandco.com/rolex-datjust-126281rbr-chocolate-diamond-dial-126281rbr-003
avi-rolex-datjust-126284rbr-purple-roman-dial-126284rbr-004,mismatch,name;price;reference,"Rolex Datejust 36 126284RBR, Steel, Aubergine Purple Roman Dial, 36 mm",Rolex Datejust 36,Rolex,NULL,NULL,126284RBR,29100,28100.0,9,3,/api/uploads/aviandco/products/rolex-datejust-36-126284rbr-004-1-c645f66df3d24aca.jpg,https://www.aviandco.com/rolex-datjust-126284rbr-purple-roman-dial-126284rbr-004
avi-rolex-day-date-118238-pave-dial-118238-003,mismatch,name;price;reference,"Rolex Day-Date 36 118238, 18K Yellow Gold, Diamond Pave Dial, 36 mm",Rolex Day-Date 36,Rolex,NULL,NULL,118238,0,44900.0,10,3,/api/uploads/aviandco/products/rolex-118238-1-4422388d2eb00b46.jpg,https://www.aviandco.com/rolex-day-date-118238-pave-dial-118238-003
avi-rolex-day-date-118238-pink-index-dial-118238-006,mismatch,name;price;reference;image_count,"Rolex Day-Date 36 118238, 18K Yellow Gold, Pink Index Dial, Presidential Bracelet, 36 mm",Rolex Day-Date 36,Rolex,NULL,NULL,118238,30700,29600.0,1,3,/api/uploads/aviandco/products/rolex-day-date-36-118238-006-1-2-41ab8d4decf472a3.jpg,https://www.aviandco.com/rolex-day-date-118238-pink-index-dial-118238-006
avi-rolex-day-date-118238-white-roman-dial-118238-002,mismatch,name;reference,"Rolex Day-Date 36 118238, 18K Yellow Gold, White Roman Dial, 36 mm",Rolex Day-Date 36,Rolex,NULL,NULL,118238,32500,32500.0,10,3,/api/uploads/aviandco/products/rolex-daydate-118238-002-1-a56ae0dabc1e674b.jpg,https://www.aviandco.com/rolex-day-date-118238-white-roman-dial-118238-002
avi-rolex-day-date-128235-aventurine-diamond-dial-128235-001,mismatch,name;reference,"Rolex Day-Date 36 128235, 18K Rose Gold, Green Aventurine Diamond Dial, 36 mm",Rolex Day-Date 36,Rolex,NULL,NULL,128235,65300,65300.0,3,3,/api/uploads/aviandco/products/rolex-day-date-128235-001-1-322b560db056ef4a.jpg,https://www.aviandco.com/rolex-day-date-128235-aventurine-diamond-dial-128235-001
avi-rolex-day-date-128235-blue-baguette-index-dial-128235-005,mismatch,name;reference,"Rolex Day-Date 36 128235, 18K Rose Gold, Blue Baguette Index Dial, Presidential Bracelet, 36 mm",Rolex Day-Date 36,Rolex,NULL,NULL,128235,62300,62300.0,3,3,/api/uploads/aviandco/products/rolex-day-date-37-128235-005-1-cd9fa58ec57a2118.jpg,https://www.aviandco.com/rolex-day-date-128235-blue-baguette-index-dial-128235-005
avi-rolex-day-date-128235-brown-ombre-roman-dial-g0128235-03,mismatch,name;price;reference,"Rolex Day-Date 36 128235, 18K Rose Gold, Brown Ombre Roman Dial, 36 mm",Rolex Day-Date 36,Rolex,NULL,NULL,128235,0,54000.0,3,3,/api/uploads/aviandco/products/g0128235-03-f451ebbe4fe707ad.jpg,https://www.aviandco.com/rolex-day-date-128235-brown-ombre-roman-dial-g0128235-03
avi-rolex-day-date-128235-eisenkiesel-diamond-dial-g0128235-01,mismatch,name,"Rolex Day-Date 36 128235, 18K Rose Gold, Eisenkiesel Diamond Dial, 36 mm",This site can’t be reached,Rolex,NULL,NULL,,0,0,3,0,/api/uploads/aviandco/products/g0128235-01-0c4420d3eeec9e5a.jpg,https://www.aviandco.com/rolex-day-date-128235-eisenkiesel-diamond-dial-g0128235-01
avi-rolex-day-date-128235-mop-diamond-dial-g0128235-02,mismatch,name;price,"Rolex Day-Date 36 128235, 18K Rose Gold, MOP Diamond Dial, 36 mm",Rolex Day-Date 36,Rolex,NULL,NULL,,0,51000.0,3,3,/api/uploads/aviandco/products/g0128235-02-1-324b551efcb0dd8f.jpg,https://www.aviandco.com/rolex-day-date-128235-mop-diamond-dial-g0128235-02
avi-rolex-day-date-128235-olive-green-roman-dial-128235-004,mismatch,name;reference,"Rolex Day-Date 36 128235, 18K Rose Gold, Olive Green Roman Dial, Presidential Bracelet, 36 mm",Rolex Day-Date 36,Rolex,NULL,NULL,128235,65300,65300.0,3,3,/api/uploads/aviandco/products/rolex-day-date-36-128235-003-1-f3c190a316c0b488.jpg,https://www.aviandco.com/rolex-day-date-128235-olive-green-roman-dial-128235-004
avi-rolex-day-date-128236-ice-blue-baguette-index-dial-128236-,mismatch,name;price;reference,"Rolex Day-Date 36 128236, Platinum, Ice Blue Baguette Index Dial, Presidential Bracelet, 36 mm",Rolex Day-Date 36,Rolex,NULL,NULL,128236,0,69900.0,3,3,/api/uploads/aviandco/products/rolex-128236-platinum-938bf8415033a169.jpg,https://www.aviandco.com/rolex-day-date-128236-ice-blue-baguette-index-dial-128236-002
avi-rolex-day-date-128236-silver-dial-128236-001,mismatch,name;price,"Rolex Day-Date 36 128236, Platinum, Silver Index Dial, 36 mm",Rolex Day-Date 36,Rolex,NULL,NULL,,0,63699.0,3,3,/api/uploads/aviandco/products/128236-001-1-6885b621dba3c1dc.jpg,https://www.aviandco.com/rolex-day-date-128236-silver-dial-128236-001
avi-rolex-day-date-128238-malachite-roman-diamond-dial-128238-,mismatch,name;reference,"Rolex Day-Date 36 128238, 18K Yellow Gold, Malachite Roman Diamond Dial, Presidential Bracelet, 36 mm",Rolex Day-Date 36,Rolex,NULL,NULL,128238,86800,86800.0,3,3,/api/uploads/aviandco/products/rolex-day-date-36-128238-004-1-6b65a16b8d3da400.jpg,https://www.aviandco.com/rolex-day-date-128238-malachite-roman-diamond-dial-128238-004
avi-rolex-day-date-128238-orange-carnelian-roman-diamond-dial-,mismatch,name;price;reference,"Rolex Day-Date 36 128238, 18K Yellow Gold, Orange Carnelian Roman Diamond Dial, Presidential Bracelet, 36 mm",Rolex Day-Date 36,Rolex,NULL,NULL,128238,0,61300.0,3,3,/api/uploads/aviandco/products/rolex-day-date-36-128238-005-1-1-5fe9172f9bf49eb5.jpg,https://www.aviandco.com/rolex-day-date-128238-orange-carnelian-roman-diamond-dial-128238-005
avi-rolex-day-date-128239-pink-opal-diamond-dial-128239-003,mismatch,name;reference,"Rolex Day-Date 36 128239, 18K White Gold, Pink Opal Diamond Dial, Presidential Bracelet, 36 mm",Rolex Day-Date 36,Rolex,NULL,NULL,128239,76600,76600.0,3,3,/api/uploads/aviandco/products/rolex-day-date-36-128239-003-1-cb5ec97ed9da9e41.jpg,https://www.aviandco.com/rolex-day-date-128239-pink-opal-diamond-dial-128239-003
avi-rolex-day-date-128239-silver-dial-128239-002,mismatch,name;price;reference,"Rolex Day-Date 36 128239, 18K White Gold, Silver Index Dial, 36 mm",Rolex Day-Date 36,Rolex,NULL,NULL,128239,0,45000.0,3,3,/api/uploads/aviandco/products/rolex-day-date-128139-002-1-d1c9c0318c36a2c4.jpg,https://www.aviandco.com/rolex-day-date-128239-silver-dial-128239-002
avi-rolex-day-date-128396tbr-ice-blue-baguette-diamond-dial-12,mismatch,name;reference,"Rolex Day-Date 128396TBR, Platinum, Diamond Bezel, Ice Blue Baguette Index Dial, Presidential Bracelet, 36mm",Rolex Day-Date,Rolex,NULL,NULL,128396TBR,99000,99000.0,12,3,/api/uploads/aviandco/products/rolex-day-date-36-128396tbr-003-1-396159dff99b4859.jpg,https://www.aviandco.com/rolex-day-date-128396tbr-ice-blue-baguette-diamond-dial-128396tbr-003
avi-rolex-day-date-128396tbr-pink-diamond-dial-128396tbr-002,mismatch,name;reference,"Rolex Day-Date 36 128396TBR, Platinum, Diamond Bezel, Pink Diamond Roman Dial, Presidential Bracelet, 36mm",Rolex Day-Date 36,Rolex,NULL,NULL,128396TBR,112300,112300.0,5,3,/api/uploads/aviandco/products/rolex-day-date-36-128396tbr-002-1-c3dd4962a08128e5.jpg,https://www.aviandco.com/rolex-day-date-128396tbr-pink-diamond-dial-128396tbr-002
avi-rolex-day-date-18038-champagne-dial-18038-001,mismatch,name,"Rolex Day-Date 36 18038, 18K Yellow Gold, ""T Swiss T"", Champagne Dial, 36 mm",This site can’t be reached,Rolex,NULL,NULL,,20500,0,3,0,/api/uploads/aviandco/products/rolex-day-date-18038-001-1-3a4f2fb82147040f.jpg,https://www.aviandco.com/rolex-day-date-18038-champagne-dial-18038-001
avi-rolex-day-date-18238-champagne-diamond-dial-18238-002,mismatch,name,"Rolex Day-Date 36 18238, 18K Yellow Gold, Champagne Dial, 36 mm",This site can’t be reached,Rolex,NULL,NULL,,24500,0,1,0,/api/uploads/aviandco/products/rolex-day-date-36-18238-002-1-5fa853484a749a92.jpg,https://www.aviandco.com/rolex-day-date-18238-champagne-diamond-dial-18238-002
avi-rolex-day-date-18238-champagne-roman-dial-18238-001,mismatch,name,"Rolex Day-Date 36 18238, 18K Yellow Gold, Champagne Roman Dial, 36 mm",This site can’t be reached,Rolex,NULL,NULL,,0,0,3,0,/api/uploads/aviandco/products/18238-001-696ab87a4e77ed97.jpg,https://www.aviandco.com/rolex-day-date-18238-champagne-roman-dial-18238-001
avi-rolex-day-date-18238-ruby-diamond-dial-18238-003,mismatch,name;price;reference,"Rolex Day-Date 36 18238, 18K Yellow Gold, Ruby And Diamond Dial, 36 mm",Rolex Day-Date 36,Rolex,NULL,NULL,18238,0,24000.0,12,3,/api/uploads/aviandco/products/rolex-day-date-36-18238-003-1-1-ccb1a1ab1628fe09.jpg,https://www.aviandco.com/rolex-day-date-18238-ruby-diamond-dial-18238-003
avi-rolex-day-date-18956-silver-diamond-dial-18956,mismatch,name;price;reference,"Rolex Day-Date II 18956, Platinum, Diamond Bezel, Silver Diamond Meteorite Dial, 39 mm",Rolex Day-Date II,Rolex,NULL,NULL,18956,0,56199.0,12,3,/api/uploads/aviandco/products/rolex-day-date-ii-18956-001-1-1654a128ab84fd7f.jpg,https://www.aviandco.com/rolex-day-date-18956-silver-diamond-dial-18956
avi-rolex-day-date-218206-blue-glacier-diamond-roman-dial-2182,mismatch,name;price;image_count,"Rolex Day-Date II 218206, Platinum, Blue Glacier Roman Diamond Dial, 41 mm",Rolex Day-Date II,Rolex,NULL,NULL,,0,66300.0,1,3,/api/uploads/aviandco/products/rolex-day-date-ii-218206-001-1-3b3283c6a50ef13a.jpg,https://www.aviandco.com/rolex-day-date-218206-blue-glacier-diamond-roman-dial-218206-001
avi-rolex-day-date-218235-ivory-roman-dial-218235-004,mismatch,name;reference;image_count,"Rolex Day-Date II 218235, 18K Rose Gold, Ivory Roman Dial, 41 mm",Rolex Day-Date II,Rolex,NULL,NULL,218235,42400,42400.0,1,3,/api/uploads/aviandco/products/rolex-day-date-41-218235-004-1-56e3b10b0cff2c75.jpg,https://www.aviandco.com/rolex-day-date-218235-ivory-roman-dial-218235-004
avi-rolex-day-date-218235-pink-gold-diamond-dial-218235-003,mismatch,name;reference,"Rolex Day-Date II 218235, 18K Rose Gold, Pink Gold Diamond Dial, 41 mm",Rolex Day-Date II,Rolex,NULL,NULL,218235,41500,41500.0,4,3,/api/uploads/aviandco/products/rolex-day-date-218235-003-1-a2491d7ba0b72ace.jpg,https://www.aviandco.com/rolex-day-date-218235-pink-gold-diamond-dial-218235-003
avi-rolex-day-date-218235-pink-gold-roman-dial-218235-005,mismatch,name;price;reference,"Rolex Day-Date 41 218235, 18K Rose Gold, Pink Gold Roman Dial, 41 mm",Rolex Day-Date 41,Rolex,NULL,NULL,218235,0,35800.0,3,3,/api/uploads/aviandco/products/218235-002-1-1-68dcef6c8b4effd1.jpg,https://www.aviandco.com/rolex-day-date-218235-pink-gold-roman-dial-218235-005
avi-rolex-day-date-228206-green-roman-dial-228206-007,mismatch,name;price;reference,"Rolex Day-Date 40 228206, President, Platinum, Olive Green Roman Dial, 40 mm",Rolex Day-Date 40,Rolex,NULL,NULL,228206,0,72900.0,3,3,/api/uploads/aviandco/products/rolex-day-date-40-228206-green-roman-1-1-6f3a77a1b78e259b.jpg,https://www.aviandco.com/rolex-day-date-228206-green-roman-dial-228206-007
avi-rolex-day-date-228206-green-roman-dial-228206-011,mismatch,name;price;reference,"Rolex Day-Date 40 228206, Platinum, Olive Green Roman Dial, President Bracelet, 40 mm",Rolex Day-Date 40,Rolex,NULL,NULL,228206,63300,61300.0,12,3,/api/uploads/aviandco/products/day-date-40-228206-011-1-e137bf4592d3d37b.jpg,https://www.aviandco.com/rolex-day-date-228206-green-roman-dial-228206-011
avi-rolex-day-date-228235-chocolate-baguette-index-dial-228235,mismatch,name;price;reference,"Rolex Day-Date 40 228235, 18K Rose Gold, Chocolate Baguette Index Dial, Presidential Bracelet, 40 mm",Rolex Day-Date 40,Rolex,NULL,NULL,228235,0,66400.0,3,3,/api/uploads/aviandco/products/rolex-day-date-40-228235-042-1-5bec9ac5f37da7ba.jpg,https://www.aviandco.com/rolex-day-date-228235-chocolate-baguette-index-dial-228235-042
avi-rolex-day-date-228235-chocolate-roman-dial-228235-039,mismatch,name;reference,"Rolex Day-Date 40 228235, 18K Rose Gold, Chocolate Roman Dial, Presidential Bracelet, 40 mm",Rolex Day-Date 40,Rolex,NULL,NULL,228235,54100,54100.0,11,3,/api/uploads/aviandco/products/rolex-day-date-40-228235-039-1-6ab8d50b715247fa.jpg,https://www.aviandco.com/rolex-day-date-228235-chocolate-roman-dial-228235-039
avi-rolex-day-date-228235-eisenkiesel-diamond-dial-228235-027,mismatch,name;price;reference,"Rolex Day-Date 40 228235, 18K Rose Gold, Eisenkiesel Diamond Dial, 40 mm",Rolex Day-Date 40,Rolex,NULL,NULL,228235,0,76600.0,3,3,/api/uploads/aviandco/products/rolex-day-date-40-228235-027-1-f014ded5d0b65815.jpg,https://www.aviandco.com/rolex-day-date-228235-eisenkiesel-diamond-dial-228235-027
avi-rolex-day-date-228235-green-dial-228235-037,mismatch,name;price;reference,"Rolex Day-Date 40 228235, 18K Rose Gold, Olive Green Dial, Presidential Bracelet, 40 mm",Rolex Day-Date 40,Rolex,NULL,NULL,228235,62300,61300.0,3,3,/api/uploads/aviandco/products/rolex-day-date-40-228235-037-1-f02df2a7e1600b06.jpg,https://www.aviandco.com/rolex-day-date-228235-green-dial-228235-037
avi-rolex-day-date-228235-mother-of-pearl-baguette-dial-228235,mismatch,name;reference,"Rolex Day-Date 40 228235, 18K Rose Gold, MOP Baguette Index Dial, Presidential Bracelet, 40 mm",Rolex Day-Date 40,Rolex,NULL,NULL,228235,71500,71500.0,3,3,/api/uploads/aviandco/products/rolex-day-date-40-228235-034-1-1-1f3bbd10cee55ca2.jpg,https://www.aviandco.com/rolex-day-date-228235-mother-of-pearl-baguette-dial-228235-043
avi-rolex-day-date-228235-mother-of-pearl-diamond-dial-228235-,mismatch,name;price;reference,"Rolex Day-Date 40 228235, 18K Rose Gold, MOP Diamond Dial, 40 mm",Rolex Day-Date 40,Rolex,NULL,NULL,228235,71500,69400.0,3,3,/api/uploads/aviandco/products/rolex-day-date-228235-026-1-2a5f1ec73a08b738.jpg,https://www.aviandco.com/rolex-day-date-228235-mother-of-pearl-diamond-dial-228235-026
avi-rolex-day-date-228235-pave-diamond-dial-228235-038,mismatch,name;reference,"Rolex Day-Date 40 228235, 18K Rose Gold, Diamond Pave Dial, Presidential Bracelet, 40 mm",Rolex Day-Date 40,Rolex,NULL,NULL,228235,84700,84700.0,5,3,/api/uploads/aviandco/products/rolex-day-date-40-228235-033-1-1-192c890231cd881e.jpg,https://www.aviandco.com/rolex-day-date-228235-pave-diamond-dial-228235-038
avi-rolex-day-date-228235-slate-ombre-dial-228235-036,mismatch,name;reference,"Rolex Day-Date 40 228235, 18K Rose Gold, Slate Ombre Dial, Presidential Bracelet, 40 mm",Rolex Day-Date 40,Rolex,NULL,NULL,228235,70400,70400.0,3,3,/api/uploads/aviandco/products/rolex-day-date-40-228235-020-1-1-1-1-2-3f4a54b7116b8382.jpg,https://www.aviandco.com/rolex-day-date-228235-slate-ombre-dial-228235-036
avi-rolex-day-date-228235-sundust-roman-dial-228235-032,mismatch,name,"Rolex Day-Date 40 228235, 18K Rose Gold, Sundust Roman Dial, Presidential Bracelet, 40 mm",Rolex Day-Date 40,Rolex,NULL,NULL,,51100,51100.0,8,3,/api/uploads/aviandco/products/rolex-day-date-40-228235-032-1-edcf8565c9ab0506.jpg,https://www.aviandco.com/rolex-day-date-228235-sundust-roman-dial-228235-032
avi-rolex-day-date-228235-sundust-roman-dial-228235-045,mismatch,name;reference;image_count,"Rolex Day-Date 40 228235, 18K Rose Gold, Sundust Roman Dial, Presidential Bracelet, 40 mm",Rolex Day-Date 40,Rolex,NULL,NULL,228235,63300,63300.0,1,3,/api/uploads/aviandco/products/rolex-day-date-40-228235-040-1-1-f670352b98086e23.jpg,https://www.aviandco.com/rolex-day-date-228235-sundust-roman-dial-228235-045
avi-rolex-day-date-228235-white-roman-dial-228235-044,mismatch,name;reference;image_count,"Rolex Day-Date 40 228235, 18K Rose Gold, White Roman Dial, Presidential Bracelet, 40 mm",Rolex Day-Date 40,Rolex,NULL,NULL,228235,64800,64800.0,1,3,/api/uploads/aviandco/products/rolex-day-date-40-228235-041-1-79b54c595b6ed6b8.jpg,https://www.aviandco.com/rolex-day-date-228235-white-roman-dial-228235-044
avi-rolex-day-date-228235-white-roman-dial-228235-046,mismatch,name;reference,"Rolex Day-Date 228235, 18K Rose Gold, White Roman Dial, Presidential Bracelet, 40 mm",Rolex Day-Date,Rolex,NULL,NULL,228235,64800,64800.0,3,3,/api/uploads/aviandco/products/rolex-day-date-40-228235-041-1-1-5da1b228ca4b7c66.jpg,https://www.aviandco.com/rolex-day-date-228235-white-roman-dial-228235-046
avi-rolex-day-date-228238-black-dial-228238-030,mismatch,name;price,"Rolex Day-Date 40 228238, 18K Yellow Gold, Black Index Dial, 40 mm",Rolex Day-Date 40,Rolex,NULL,NULL,,0,45999.0,3,3,/api/uploads/aviandco/products/rolex-day-date-40-228238-030-1-0809e190e0a498b5.jpg,https://www.aviandco.com/rolex-day-date-228238-black-dial-228238-030
avi-rolex-day-date-228238-champagne-diamond-dial-228238-035,mismatch,name;price;reference,"Rolex Day-Date 40 228238, 18K Yellow Gold, Champagne Diamond Dial, Presidential Bracelet, 40 mm",Rolex Day-Date 40,Rolex,NULL,NULL,228238,51100,49500.0,3,3,/api/uploads/aviandco/products/rolex-day-date-40-228238-035-1-5fa0c60fca37fbaf.jpg,https://www.aviandco.com/rolex-day-date-228238-champagne-diamond-dial-228238-035
avi-rolex-day-date-228238-champagne-roman-dial-228238-028,mismatch,name,"Rolex Day-Date 40 228238, 18K Yellow Gold, Champagne Roman Dial, 40 mm",Rolex Day-Date 40,Rolex,NULL,NULL,,50400,50400.0,12,3,/api/uploads/aviandco/products/228238-014-1-2-1-045c710a5f19f39b.jpg,https://www.aviandco.com/rolex-day-date-228238-champagne-roman-dial-228238-028
avi-rolex-day-date-228238-champagne-roman-dial-228238-042,mismatch,name;price;reference,"Rolex Day-Date 40 228238, 18K Yellow Gold, Champagne Roman Dial, Presidential Bracelet, 40 mm",Rolex Day-Date 40,Rolex,NULL,NULL,228238,0,53100.0,3,3,/api/uploads/aviandco/products/rolex-day-date-40-228238-040-1-fc5faa4887964bae.jpg,https://www.aviandco.com/rolex-day-date-228238-champagne-roman-dial-228238-042
avi-rolex-day-date-228238-green-ombre-roman-dial-228238-046,mismatch,name;price;reference,"Rolex Day-Date 40 228238, 18K Yellow Gold, Green Ombre Roman Dial, Presidential Bracelet, 40 mm",Rolex Day-Date 40,Rolex,NULL,NULL,228238,0,74000.0,12,3,/api/uploads/aviandco/products/rolex-day-date-228238-031-1-47413d9c6dbc3730.jpg,https://www.aviandco.com/rolex-day-date-228238-green-ombre-roman-dial-228238-046
avi-rolex-day-date-228238-green-roman-dial-228238-043,mismatch,name;reference,"Rolex Day-Date 40 228238, 18K Yellow Gold, Enamel Green Roman Dial, President Bracelet, 40 mm",Rolex Day-Date 40,Rolex,NULL,NULL,228238,66400,66400.0,3,3,/api/uploads/aviandco/products/228238-007-1-1-1-ae147e5317b3ba5b.jpg,https://www.aviandco.com/rolex-day-date-228238-green-roman-dial-228238-043
avi-rolex-day-date-228238-green-roman-dial-228238-048,mismatch,name;reference,"Rolex Day-Date 228238, 18K Yellow Gold, Enamel Green Roman Dial, Presidential Bracelet, 40 mm (2026)",Rolex Day-Date,Rolex,NULL,NULL,228238,74500,74500.0,3,3,/api/uploads/aviandco/products/228238-007-1-1-1-1-4a57511973f91d32.jpg,https://www.aviandco.com/rolex-day-date-228238-green-roman-dial-228238-048
avi-rolex-day-date-228238-silver-motif-dial-228238-032,mismatch,name;price;reference,"Rolex Day-Date 40 228238, 18K Yellow Gold, Silver Motif Dial, 40 mm",Rolex Day-Date 40,Rolex,NULL,NULL,228238,49000,47000.0,3,3,/api/uploads/aviandco/products/rolex-day-date-40-228238-silver-motif-1-2-5616179edc3c6865.jpg,https://www.aviandco.com/rolex-day-date-228238-silver-motif-dial-228238-032
avi-rolex-day-date-228238-silver-roman-dial-228238-037,mismatch,name;price,"Rolex Day-Date 40 228238, 18K Yellow Gold, Silver Roman Dial, Presidential Bracelet, 40 mm",Rolex Day-Date 40,Rolex,NULL,NULL,,48500,47000.0,10,3,/api/uploads/aviandco/products/rolex-day-date-40-228238-037-1-ccc21a91a12017f4.jpg,https://www.aviandco.com/rolex-day-date-228238-silver-roman-dial-228238-037
avi-rolex-day-date-228238-silver-roman-dial-228238-044,mismatch,name;reference,"Rolex Day-Date 40 228238, 18K Yellow Gold, Silver Roman Dial, Presidential Bracelet, 40 mm",Rolex Day-Date 40,Rolex,NULL,NULL,228238,62300,62300.0,3,3,/api/uploads/aviandco/products/rolex-day-date-40-228238-044-1-f3fa86006842c9d3.jpg,https://www.aviandco.com/rolex-day-date-228238-silver-roman-dial-228238-044
avi-rolex-day-date-228238-white-roman-dial-228238-049,mismatch,name;price;reference,"Rolex Day-Date 40 228238, 18K Yellow Gold, White Roman Dial, 40 mm",Rolex Day-Date 40,Rolex,NULL,NULL,228238,0,40300.0,3,3,/api/uploads/aviandco/products/rolex-day-date-40-228238-049-1-475399bb2a7cf4b6.jpg,https://www.aviandco.com/rolex-day-date-228238-white-roman-dial-228238-049
avi-rolex-day-date-228239-blue-ombre-roman-dial-228239-014,mismatch,name;price;reference,"Rolex Day-Date 40 228239, 18K White Gold, Blue Ombre Roman Dial, Presidential Bracelet, 40 mm",Rolex Day-Date 40,Rolex,NULL,NULL,228239,61300,59700.0,3,3,/api/uploads/aviandco/products/rolex-day-date-40-228239-015-1-5d154ccb864f31bf.jpg,https://www.aviandco.com/rolex-day-date-228239-blue-ombre-roman-dial-228239-014
avi-rolex-day-date-228239-grey-dial-228239-006,mismatch,name;price;reference,"Rolex Day-Date 40 228239, President, 18K White Gold , Slate Grey Index Dial, 40 mm",Rolex Day-Date 40,Rolex,NULL,NULL,228239,0,45999.0,3,3,/api/uploads/aviandco/products/rolex-daydate-228239-006-1-762956a66528d9be.jpg,https://www.aviandco.com/rolex-day-date-228239-grey-dial-228239-006
avi-rolex-day-date-228239-meteorite-baguette-diamond-dial-2282,mismatch,name;price,"Rolex Day-Date 40 228239, 18K White Gold, Meteorite Baguette Diamond Dial, Presidential Bracelet, 40 mm",Rolex Day-Date 40,Rolex,NULL,NULL,,0,66400.0,12,3,/api/uploads/aviandco/products/rolex-day-date-40-228239-013-1-a4b4afcb8192294c.jpg,https://www.aviandco.com/rolex-day-date-228239-meteorite-baguette-diamond-dial-228239-013
avi-rolex-day-date-228239-olive-green-roman-dial-228239-009,mismatch,name;reference,"Rolex Day-Date 40 228239, 18K White Gold, Olive Green Roman Dial, 40 mm",Rolex Day-Date 40,Rolex,NULL,NULL,228239,46000,46000.0,3,3,/api/uploads/aviandco/products/228239-005-1-1-1-1-1-625300cef9a4c6b7.jpg,https://www.aviandco.com/rolex-day-date-228239-olive-green-roman-dial-228239-009
avi-rolex-day-date-228239-olive-green-roman-dial-228239-016,mismatch,name;reference,"Rolex Day-Date 40 228239, 18K White Gold, Olive Green Roman Dial, Presidential Bracelet, 40 mm",Rolex Day-Date 40,Rolex,NULL,NULL,228239,62300,62300.0,3,3,/api/uploads/aviandco/products/228239-005-1-1-1-1-1-1-dedee529953aaa8b.jpg,https://www.aviandco.com/rolex-day-date-228239-olive-green-roman-dial-228239-016
avi-rolex-day-date-228345rbr-chocolate-roman-dial-228345rbr-00,mismatch,name;price;reference,"Rolex Day-Date 40 228345RBR, 18K Rose Gold, Diamond Bezel, Chocolate Roman Dial, 40 mm",Rolex Day-Date 40,Rolex,NULL,NULL,228345RBR,0,67200.0,3,3,/api/uploads/aviandco/products/228345rbr-008-1-79d66254527f0ab3.jpg,https://www.aviandco.com/rolex-day-date-228345rbr-chocolate-roman-dial-228345rbr-008
avi-rolex-day-date-228345rbr-green-roman-228345rbr-003,mismatch,name;price;reference,"Rolex Day-Date 40 228345RBR, 18K Rose Gold, Green Roman Dial, 40 mm",Rolex Day-Date 40,Rolex,NULL,NULL,228345RBR,79600,76600.0,3,3,/api/uploads/aviandco/products/rolex-daydate-40-228345rbr-003-1-d2adc047325d7261.jpg,https://www.aviandco.com/rolex-day-date-228345rbr-green-roman-228345rbr-003
avi-rolex-day-date-228345rbr-green-roman-228345rbr-013,mismatch,name;reference,"Rolex Day-Date 40 228345RBR, 18K Rose Gold, Diamond Bezel, Green Roman Dial, Presidential Bracelet, 40 mm",Rolex Day-Date 40,Rolex,NULL,NULL,228345RBR,71500,71500.0,12,3,/api/uploads/aviandco/products/rolex-daydate-40-228345rbr-003-1-1-bb2203bf085532ab.jpg,https://www.aviandco.com/rolex-day-date-228345rbr-green-roman-228345rbr-013
avi-rolex-day-date-228348rbr-champagne-dial-228348rbr-006,mismatch,name;price;reference,"Rolex Day-Date 40 228348RBR, 18K Yellow Gold, Diamond Bezel, Champagne Dial, 40 mm",Rolex Day-Date 40,Rolex,NULL,NULL,228348RBR,55100,53100.0,3,3,/api/uploads/aviandco/products/rolex-day-date-228348rbr-006-1-867368176d30e818.jpg,https://www.aviandco.com/rolex-day-date-228348rbr-champagne-dial-228348rbr-006
avi-rolex-day-date-228348rbr-green-roman-dial-228348rbr-005,mismatch,name;reference,"Rolex Day-Date 40 228348RBR, 18K Yellow Gold, Diamond Bezel, Green Roman Dial, 40 mm",Rolex Day-Date 40,Rolex,NULL,NULL,228348RBR,86800,86800.0,11,3,/api/uploads/aviandco/products/228348rbr-004-1-1-1-ca6d4b9833b9530c.jpg,https://www.aviandco.com/rolex-day-date-228348rbr-green-roman-dial-228348rbr-005
avi-rolex-day-date-228348rbr-green-roman-dial-228348rbr-008,mismatch,name;price;reference,"Rolex Day-Date 40 228348RBR, 18K Yellow Gold, Diamond Bezel, Green Roman Dial, 40 mm",Rolex Day-Date 40,Rolex,NULL,NULL,228348RBR,81700,79600.0,5,3,/api/uploads/aviandco/products/rolex-day-date-40-228348rbr-008-1-2006ddc25b5f42e5.jpg,https://www.aviandco.com/rolex-day-date-228348rbr-green-roman-dial-228348rbr-008
avi-rolex-day-date-228348rbr-green-roman-dial-228348rbr-011,mismatch,name,"Rolex Day-Date 40 228348RBR, 18K Yellow Gold, Enamel Green Roman Dial, Diamond Bezel, Presidential Jubilee Bracelet, 40 mm",This site can’t be reached,Rolex,NULL,NULL,,81700,0,1,0,/api/uploads/aviandco/products/228348rbr-004-1-1-0345c07743529f4c.jpg,https://www.aviandco.com/rolex-day-date-228348rbr-green-roman-dial-228348rbr-011
avi-rolex-day-date-228348rbr-mop-dial-228348rbr-010,mismatch,name;price;reference;image_count,"Rolex Day-Date 40 228348RBR, 18K Yellow Gold, MOP Dial, 40 mm",Rolex Day-Date 40,Rolex,NULL,NULL,228348RBR,0,88500.0,1,3,/api/uploads/aviandco/products/rolex-day-date-40-228348rbr-010-1-cfb208d08df50dcb.jpg,https://www.aviandco.com/rolex-day-date-228348rbr-mop-dial-228348rbr-010
avi-rolex-day-date-228348rbr-pave-diamond-dial-228348rbr-009,mismatch,name;reference,"Rolex Day-Date 40 228348RBR, 18K Yellow Gold, Pave Diamond Dial, 40 mm",Rolex Day-Date 40,Rolex,NULL,NULL,228348RBR,108400,108400.0,3,3,/api/uploads/aviandco/products/228348rbr-009-7fd3ec1efbbf7c17.jpg,https://www.aviandco.com/rolex-day-date-228348rbr-pave-diamond-dial-228348rbr-009
avi-rolex-day-date-228396tbr-ice-blue-diamond-dial-228396tbr-0,mismatch,name;reference,"Rolex Day-Date 40 228396, Platinum, Diamond Bezel, Ice Blue Diamond Dial, 40 mm",Rolex Day-Date 40,Rolex,NULL,NULL,228396TBR,141500,141500.0,3,3,/api/uploads/aviandco/products/rolex-day-date-ii-228396tbr-004-1-9c191df586a9956e.jpg,https://www.aviandco.com/rolex-day-date-228396tbr-ice-blue-diamond-dial-228396tbr-004
avi-rolex-day-date-228398tbr-green-roman-dial-228398tbr-0038-0,mismatch,name,"Rolex Day-Date 40 228398TBR, 18K Yellow Gold, Green Roman Dial, Presidential Bracelet, 40 mm",There has been an error processing your request,Rolex,NULL,NULL,,97000,0,4,0,/api/uploads/aviandco/products/rolex-day-date-40-228398tbr-002-1-1-355ec8279437776f.jpg,https://www.aviandco.com/rolex-day-date-228398tbr-green-roman-dial-228398tbr-0038-001
avi-rolex-day-date-36-118208-champagne-dial-118208-001,mismatch,name;reference,"Rolex Day-Date 36 118208, 18K Yellow Gold, Champagne Dial, Oyster Bracelet, 36 mm",Rolex Day-Date 36,Rolex,NULL,NULL,118208,28100,28100.0,3,3,/api/uploads/aviandco/products/rolex-day-date-36-118208-001-1-2218688d406a569e.jpg,https://www.aviandco.com/rolex-day-date-36-118208-champagne-dial-118208-001
avi-rolex-day-date-36-118235-black-index-dial-118235-003,mismatch,name,"Rolex Day-Date 36 118235, 18K Rose Gold, Black Index Dial, Presidential Bracelet, 36 mm",Rolex Day-Date 36,Rolex,NULL,NULL,,36300,36300.0,3,3,/api/uploads/aviandco/products/rolex-day-date-36-118235-003-1-7eb629c58b30b7db.jpg,https://www.aviandco.com/rolex-day-date-36-118235-black-index-dial-118235-003
avi-rolex-day-date-36-118235-pink-roman-dial-118235-004,mismatch,name;reference,"Rolex Day-Date 36 118235, 18K Rose Gold, Pink Roman Dial, Presidential Bracelet, 36 mm",Rolex Day-Date 36,Rolex,NULL,NULL,118235,34700,34700.0,3,3,/api/uploads/aviandco/products/rolex-day-date-36-118235-004-1-792eaf5ef790edf2.jpg,https://www.aviandco.com/rolex-day-date-36-118235-pink-roman-dial-118235-004
avi-rolex-day-date-36-118239-black-diamond-dial-118239-002,mismatch,name;price;reference,"Rolex Day-Date 36 118239, President, 18K White Gold, Black Diamond Dial, 36 mm",Rolex Day-Date 36,Rolex,NULL,NULL,118239,0,31100.0,3,3,/api/uploads/aviandco/products/rolex-day-date-36-118239-002-1-4c0d0643e3b922c8.jpg,https://www.aviandco.com/rolex-day-date-36-118239-black-diamond-dial-118239-002
avi-rolex-day-date-36-118348-pave-dial-118348-001,mismatch,name;price;reference,"Rolex Day-Date 36 118348, 18K Yellow Gold, Diamond Bezel, Pave Roman Dial, 36 mm",Rolex Day-Date 36,Rolex,NULL,NULL,118348,0,76600.0,3,3,/api/uploads/aviandco/products/rolex-day-date-36-118348-001-1-835d7c3226597af6.jpg,https://www.aviandco.com/rolex-day-date-36-118348-pave-dial-118348-001
avi-rolex-day-date-36-118388-lavender-jade-diamond-dial-118388,mismatch,name;reference,"Rolex Day-Date 36 118388, 18K Yellow Gold, Lavender Jade Carousel Diamond Dial, Presidential Bracelet, 36 mm",Rolex Day-Date 36,Rolex,NULL,NULL,118388,130600,130600.0,12,3,/api/uploads/aviandco/products/rolex-day-date-36-118388-001-1-e5d0d0981865b818.jpg,https://www.aviandco.com/rolex-day-date-36-118388-lavender-jade-diamond-dial-118388-001
avi-rolex-day-date-36-128158rbr-diamond-dial-128158rbr-001,mismatch,name;price;reference,"Rolex Day-Date 36 128158RBR, 18K Yellow Gold, Diamond Bezel, Pave Diamond Roman Dial, 36 mm",Rolex Day-Date 36,Rolex,NULL,NULL,128158RBR,86800,83700.0,3,3,/api/uploads/aviandco/products/rolex-day-date-36-128158rbr-001-1-2fea290084e81b4c.jpg,https://www.aviandco.com/rolex-day-date-36-128158rbr-diamond-dial-128158rbr-001
avi-rolex-day-date-36-128159rbr-diamond-dial-128159rbr-002,mismatch,name,"Rolex Day-Date 36 128159RBR, 18K White Gold, Diamond Pave Roman Dial, Leather Bracelet, 36 mm",This site can’t be reached,Rolex,NULL,NULL,,79100,0,3,0,/api/uploads/aviandco/products/rolex-day-date-36-128159rbr-001-1-81a0ba18241f8e83.jpg,https://www.aviandco.com/rolex-day-date-36-128159rbr-diamond-dial-128159rbr-002
avi-rolex-day-date-36-128235-brown-dial-g0128235-002,mismatch,name,"Rolex Day-Date 36 128235, 18K Rose Gold, Brown Ombre Diamond Dial, 36 mm",This site can’t be reached,Rolex,NULL,NULL,,52000,0,3,0,/api/uploads/aviandco/products/rolex-day-date-36-g0128235-002-1-783a3ff13256be86.jpg,https://www.aviandco.com/rolex-day-date-36-128235-brown-dial-g0128235-002
avi-rolex-day-date-36-128235-orange-jigsaw-puzzle-dial-g012823,mismatch,name;price;reference,"Rolex Day-Date 36 128235, Rose Gold, Orange Jigsaw Puzzle Dial, 36 mm",Rolex Day-Date 36,Rolex,NULL,NULL,128235,0,330000.0,3,3,/api/uploads/aviandco/products/rolex-day-date-36-g0128235-spy001-1-54a90d3dc66430ed.jpg,https://www.aviandco.com/rolex-day-date-36-128235-orange-jigsaw-puzzle-dial-g0128235-spy001
avi-rolex-day-date-36-128235-slate-dial-g0128235-003,mismatch,name;reference,"Rolex Day-Date 36 128235, 18K Rose Gold, Slate Diamond Dial, 36 mm",Rolex Day-Date 36,Rolex,NULL,NULL,128235,55600,55600.0,3,3,/api/uploads/aviandco/products/128235-slate-diamond-1-ab4726a741901d4b.jpg,https://www.aviandco.com/rolex-day-date-36-128235-slate-dial-g0128235-003
avi-rolex-day-date-36-128235-white-dial-g0128235-001,mismatch,name;reference,"Rolex Day-Date 36 128235, 18K Rose Gold, White Roman Dial, 36 mm",Rolex Day-Date 36,Rolex,NULL,NULL,128235,49300,49300.0,3,3,/api/uploads/aviandco/products/rolex-day-date-36-128235-white-roman-f75f5734c1b4ecc3.jpg,https://www.aviandco.com/rolex-day-date-36-128235-white-dial-g0128235-001
avi-rolex-day-date-36-128236-ice-blue-dial-g0128236-002,mismatch,name;reference,"Rolex Day-Date 36 128236, Platinum, Ice Blue Roman Dial, 36 mm",Rolex Day-Date 36,Rolex,NULL,NULL,128236,73900,73900.0,3,3,/api/uploads/aviandco/products/rolex-day-date-36128236-a94c2da0dcdd78a3.jpg,https://www.aviandco.com/rolex-day-date-36-128236-ice-blue-dial-g0128236-002
avi-rolex-day-date-36-128238-champagne-dial-g0128238-003,mismatch,name;price;reference,"Rolex Day-Date 36 128238, 18K Yellow Gold, Champagne Diamond Dial, 36 mm",Rolex Day-Date 36,Rolex,NULL,NULL,128238,0,66700.0,3,3,/api/uploads/aviandco/products/128238-champagne-diamond-1-1b4bc4d859f5210a.jpg,https://www.aviandco.com/rolex-day-date-36-128238-champagne-dial-g0128238-003
avi-rolex-day-date-36-128238-champagne-index-dial-128238-006,mismatch,name;price;reference,"Rolex Day-Date 36 128238, 18K Yellow Gold, Champagne Index Dial, Presidential Bracelet, 36 mm",Rolex Day-Date 36,Rolex,NULL,NULL,128238,0,52100.0,3,3,/api/uploads/aviandco/products/rolex-day-date-36-128238-006-1-c9525b421abd7ad1.jpg,https://www.aviandco.com/rolex-day-date-36-128238-champagne-index-dial-128238-006
avi-rolex-day-date-36-128238-green-ombre-dial-128238-007,mismatch,name;reference,"Rolex Day-Date 36 128238, 18K Yellow Gold, Green Ombre Dial, Presidential Bracelet, 36 mm",Rolex Day-Date 36,Rolex,NULL,NULL,128238,61300,61300.0,12,3,/api/uploads/aviandco/products/rolex-day-date-36-128238-007-1-d5198a62c634e481.jpg,https://www.aviandco.com/rolex-day-date-36-128238-green-ombre-dial-128238-007
avi-rolex-day-date-36-128238-green-ombre-dial-g0128238-004,mismatch,name;reference,"Rolex Day-Date 36 128238, 18K Yellow Gold, Green Ombre Diamond Dial, 36 mm",Rolex Day-Date 36,Rolex,NULL,NULL,128238,60300,60300.0,3,3,/api/uploads/aviandco/products/rolex-128238-green-ombre-26e59d9c499b8570.jpg,https://www.aviandco.com/rolex-day-date-36-128238-green-ombre-dial-g0128238-004
avi-rolex-day-date-36-128238-mother-of-pearl-dial-g0128238-002,mismatch,name;price;reference,"Rolex Day-Date 36 128238, 18K Yellow Gold, MOP Diamond Dial, 36 mm",Rolex Day-Date 36,Rolex,NULL,NULL,128238,0,54300.0,3,3,/api/uploads/aviandco/products/128238-mop-diamond-1-ebc00f29d64dfd66.jpg,https://www.aviandco.com/rolex-day-date-36-128238-mother-of-pearl-dial-g0128238-002
avi-rolex-day-date-36-128238-turquoise-jigsaw-puzzle-dial-g012,mismatch,name,"Rolex Day-Date 36 128238, Yellow Gold, Turquoise Jigsaw Puzzle Dial, 36 mm",This site can’t be reached,Rolex,NULL,NULL,,0,0,3,0,/api/uploads/aviandco/products/rolex-day-date-36-g0128238-spy001-78d619209a09802d.jpg,https://www.aviandco.com/rolex-day-date-36-128238-turquoise-jigsaw-puzzle-dial-g0128238-spy001
avi-rolex-day-date-36-128238-white-dial-g0128238-001,mismatch,name;reference,"Rolex Day-Date 36 128238, 18K Yellow Gold, White Index Dial, 36 mm",Rolex Day-Date 36,Rolex,NULL,NULL,128238,55200,55200.0,3,3,/api/uploads/aviandco/products/rolex-day-date-36128238-b2a7d95365a12bd7.jpg,https://www.aviandco.com/rolex-day-date-36-128238-white-dial-g0128238-001
avi-rolex-day-date-36-128239-blue-ombre-dial-g0128239-001,mismatch,name;price;reference,"Rolex Day-Date 36 128239, 18K White Gold, Blue Ombre Diamond Dial, 36 mm",Rolex Day-Date 36,Rolex,NULL,NULL,128239,0,49300.0,3,3,/api/uploads/aviandco/products/rolex-day-date-36-128239-blue-ombre-1-cdf478bb2d6179a1.jpg,https://www.aviandco.com/rolex-day-date-36-128239-blue-ombre-dial-g0128239-001
avi-rolex-day-date-36-128345rbr-pave-rainbow-diamond-dial-1283,mismatch,name;price;reference,"Rolex Day-Date 36 128345RBR, President, 18K Rose Gold, Pave Rainbow Baguette Diamond Dial",Rolex Day-Date 36,Rolex,NULL,NULL,128345RBR,0,167900.0,3,3,/api/uploads/aviandco/products/rolex-day-date-36-128345rbr-001-1-d050c600245dcf93.jpg,https://www.aviandco.com/rolex-day-date-36-128345rbr-pave-rainbow-diamond-dial-128349rbr-001
avi-rolex-day-date-36-128348rbr-carnelian-dial-g0128348rbr-001,mismatch,name,"Rolex Day-Date 36 128348RBR, 18K Yellow Gold, Diamond Bezel, Carnelian Diamond Roman Dial, 36 mm",There has been an error processing your request,Rolex,NULL,NULL,,0,0,3,0,/api/uploads/aviandco/products/128348rbr-rolex-day-date-36-carnelian-86bdde8682967d8c.png,https://www.aviandco.com/rolex-day-date-36-128348rbr-carnelian-dial-g0128348rbr-001
avi-rolex-day-date-36-128348rbr-champagne-dial-128348rbr-004,mismatch,name;price;reference,"Rolex Day-Date 36 128348RBR, 18K Yellow Gold, Champagne Diamond Dial, Presidental Bracelet, 36 mm",Rolex Day-Date 36,Rolex,NULL,NULL,128348RBR,0,137800.0,3,3,/api/uploads/aviandco/products/rolex-day-date-36-128348rbr-004-1-e00350ca52d966c7.jpg,https://www.aviandco.com/rolex-day-date-36-128348rbr-champagne-dial-128348rbr-004
avi-rolex-day-date-36-128348rbr-diamond-dial-128348rbr-005,mismatch,name;reference,"Rolex Day-Date 36 128348RBR, 18K Yellow Gold, Diamond Pave Dial, Presidential Bracelet, 36 mm",Rolex Day-Date 36,Rolex,NULL,NULL,128348RBR,148000,148000.0,12,3,/api/uploads/aviandco/products/rolex-day-date-36-rd607045-1-1-1-d95c0174fa975367.jpg,https://www.aviandco.com/rolex-day-date-36-128348rbr-diamond-dial-128348rbr-005
avi-rolex-day-date-36-128348rbr-turquoise-dial-g0128348rbr-002,mismatch,name;price,"Rolex Day-Date 36 128348RBR, 18K Yellow Gold, Turquoise Roman Dial, Diamond Bezel 36 mm",Rolex Day-Date 36,Rolex,NULL,NULL,,0,207900.0,3,3,/api/uploads/aviandco/products/rolex-day-date-36-128348rbr-turquoise-roman-1-1-1-f3983731c05f47c9.jpg,https://www.aviandco.com/rolex-day-date-36-128348rbr-turquoise-dial-g0128348rbr-002
avi-rolex-day-date-36-128349rbr-green-dial-g0128349rbr,mismatch,name;price,"Rolex Day-Date 36 128349RBR, 18K Yellow Gold, Green Ombré Diamond Dial, 36 mm",Rolex Day-Date 36,Rolex,NULL,NULL,,0,80000.0,3,3,/api/uploads/aviandco/products/rolex-day-date-36-128349rbr-1-06f8693dd3fce328.jpg,https://www.aviandco.com/rolex-day-date-36-128349rbr-green-dial-g0128349rbr
avi-rolex-day-date-36-128349rbr-pave-rainbow-dial-128349rbr-00,mismatch,name;price;reference,"Rolex Day-Date 36 128349RBR, 18K White Gold, Pave Rainbow Baguette Index Dial, Presidential Bracelet, 36 mm",Rolex Day-Date 36,Rolex,NULL,NULL,128349RBR,153100,148000.0,4,3,/api/uploads/aviandco/products/rolex-day-date-128349-1-1-33ce933480c6c6ce.jpg,https://www.aviandco.com/rolex-day-date-36-128349rbr-pave-rainbow-dial-128349rbr-004
avi-rolex-day-date-36-18038-black-index-dial-18038-004,mismatch,name;reference,"Rolex Day-Date 36 18038, 18K Yellow Gold, Black Index Dial, Presidential Bracelet, 36 mm",Rolex Day-Date 36,Rolex,NULL,NULL,18038,22500,22500.0,12,3,/api/uploads/aviandco/products/rolex-day-date-36-18038-004-1-1eae7b91c1bc9d1d.jpg,https://www.aviandco.com/rolex-day-date-36-18038-black-index-dial-18038-004
avi-rolex-day-date-36-18348-pave-dial-18348-001,mismatch,name;price;reference,"Rolex Day-Date 36 18348, 18K Yellow Gold, Diamond Bezel, Pave Roman Dial, 36 mm",Rolex Day-Date 36,Rolex,NULL,NULL,18348,0,27100.0,3,3,/api/uploads/aviandco/products/rolex-day-date-36-18348-001-1-a6677a09c2a900f5.jpg,https://www.aviandco.com/rolex-day-date-36-18348-pave-dial-18348-001
avi-rolex-day-date-36-18378-champagne-dial-18378-001,mismatch,name;price;reference,"Rolex Day-Date 36 18378, 18K Yellow Gold, Champagne Diamond Dial, 36 mm",Rolex Day-Date 36,Rolex,NULL,NULL,18378,35800,34200.0,3,3,/api/uploads/aviandco/products/rolex-day-date-36-18378-champagne-diamond-1-7a2181d2e44afcb6.jpg,https://www.aviandco.com/rolex-day-date-36-18378-champagne-dial-18378-001
avi-rolex-day-date-40-228206-green-dial-228206-004,mismatch,name;price;reference,"Rolex Day-Date 40 228206, Platinum, Green Arabic Language Dial, 40 mm",Rolex Day-Date 40,Rolex,NULL,NULL,228206,0,119000.0,3,3,/api/uploads/aviandco/products/rolex-day-date-40-228206-green-arabic-1-d681b8445e6f63c0.jpg,https://www.aviandco.com/rolex-day-date-40-228206-green-dial-228206-004
avi-rolex-day-date-40-228206-ice-blue-index-motif-dial-rd40071,mismatch,name;reference,"Rolex Day-Date 40 228206, Platinum, Ice Blue Motif Index Dial, 40 mm",Rolex Day-Date 40,Rolex,NULL,NULL,228206,66000,66000.0,10,3,/api/uploads/aviandco/products/rolex-day-date-40-ice-blue-motif-index-1-ae0cef0c45a8998f.jpg,https://www.aviandco.com/rolex-day-date-40-228206-ice-blue-index-motif-dial-rd4007136
avi-rolex-day-date-40-228206-ice-blue-roman-dial-228206-010,mismatch,name;price;reference,"Rolex Day-Date 40 228206, President, Platinum, Ice Blue Roman Dial, 40 mm",Rolex Day-Date 40,Rolex,NULL,NULL,228206,64300,61300.0,3,3,/api/uploads/aviandco/products/rd4006521--1-112-1-34c65e6e6869873c.jpg,https://www.aviandco.com/rolex-day-date-40-228206-ice-blue-roman-dial-228206-010
avi-rolex-day-date-40-228235-light-green-aventurine-dial-g0228,mismatch,name;price;reference,"Rolex Day-Date 40 228235, 18K Jubilee Gold, Light Green Aventurine Dial, Oyster Bracelet, 40 mm (2026)",Rolex Day-Date 40,Rolex,NULL,NULL,228235,0,70000.0,3,3,/api/uploads/aviandco/products/rolex-day-date-40-g0228235-spy-001-1-d3f611286866d2eb.jpg,https://www.aviandco.com/rolex-day-date-40-228235-light-green-aventurine-dial-g0228235-spy-001
avi-rolex-day-date-40-228236-black-index-dial-228236-017,mismatch,name;reference,"Rolex Day-Date 40 228236, Platinum, Black Index Dial, Presidential Bracelet, 40 mm",Rolex Day-Date 40,Rolex,NULL,NULL,228236,83700,83700.0,12,3,/api/uploads/aviandco/products/rolex-day-date-40-228236-017-1-c6494533f1bdc6f5.jpg,https://www.aviandco.com/rolex-day-date-40-228236-black-index-dial-228236-017
avi-rolex-day-date-40-228236-blue-ombre-roman-dial-228236-012,mismatch,name;reference,"Rolex Day-Date 40 228236, President, Platinum, Rare Blue Ombre Roman Dial, 40 mm",Rolex Day-Date 40,Rolex,NULL,NULL,228236,89000,89000.0,3,3,/api/uploads/aviandco/products/rolex-day-date-40-228236-012-3643067763613c02.jpg,https://www.aviandco.com/rolex-day-date-40-228236-blue-ombre-roman-dial-228236-012
avi-rolex-day-date-40-228236-blue-roman-dial-228236-018,mismatch,name;reference,"Rolex Day-Date 40 228236, Platinum, Blue Roman Dial, Presidential Bracelet, 40 mm",Rolex Day-Date 40,Rolex,NULL,NULL,228236,81100,81100.0,3,3,/api/uploads/aviandco/products/rolex-day-date-40-228236-018-1-f380709fd72a7ae9.jpg,https://www.aviandco.com/rolex-day-date-40-228236-blue-roman-dial-228236-018
avi-rolex-day-date-40-228236-ice-blue-dial-228236-016,mismatch,name;reference,"Rolex Day-Date 40 228236, Platinum, Ice Blue Roman Dial, President Bracelet, 40 mm",Rolex Day-Date 40,Rolex,NULL,NULL,228236,90700,90700.0,3,3,/api/uploads/aviandco/products/rolex-day-date-40-228236-ice-blue-roman-1-2999b0916fa04fa2.jpg,https://www.aviandco.com/rolex-day-date-40-228236-ice-blue-dial-228236-016
avi-rolex-day-date-40-228238-black-onyx-baguette-diamond-dial-,mismatch,name;price;reference,"Rolex Day-Date 40 228238, 18K Yellow Gold, Black Onyx Baguette Index Dial, Presidential Bracelet, 40 mm",Rolex Day-Date 40,Rolex,NULL,NULL,228238,0,77600.0,3,3,/api/uploads/aviandco/products/rolex-daydate-40-228238-013-1-1-11fd1e38883cb2d5.jpg,https://www.aviandco.com/rolex-day-date-40-228238-black-onyx-baguette-diamond-dial-228238-047
avi-rolex-day-date-40-228238-champagne-baguette-dial-228238-04,mismatch,name;reference,"Rolex Day-Date 40 228238, 18K Yellow Gold, Champagne Baguette Index Dial, Presidential Bracelet, 40 mm",Rolex Day-Date 40,Rolex,NULL,NULL,228238,69900,69900.0,3,3,/api/uploads/aviandco/products/rolex-day-date-40-228238-045-1-beed902a3ca87ef6.jpg,https://www.aviandco.com/rolex-day-date-40-228238-champagne-baguette-dial-228238-045
avi-rolex-day-date-40-228238-silver-dial-228238-023,mismatch,name;price;reference,"Rolex Day-Date 40 228238, 18K Yellow Gold, Silver Index Dial, 40 mm",Rolex Day-Date 40,Rolex,NULL,NULL,228238,0,46000.0,3,3,/api/uploads/aviandco/products/228238-023-1-96d17366644e49e7.jpg,https://www.aviandco.com/rolex-day-date-40-228238-silver-dial-228238-023
avi-rolex-day-date-40-228239-blue-roman-dial-228239-015,mismatch,name;price;reference,"Rolex Day-Date 40 228239, 18K White Gold, Blue Roman Dial, Presidential Bracelet, 40 mm",Rolex Day-Date 40,Rolex,NULL,NULL,228239,57200,55100.0,3,3,/api/uploads/aviandco/products/rolex-day-date-40-228239-015-1-1-0c7089fffa5ed2c1.jpg,https://www.aviandco.com/rolex-day-date-40-228239-blue-roman-dial-228239-015
avi-rolex-day-date-40-228239-blue-roman-dial-228239-017,mismatch,name;reference,"Rolex Day-Date 40 228239, 18K White Gold, Sunburst Blue Roman Dial, Presidential Bracelet, 40 mm",Rolex Day-Date 40,Rolex,NULL,NULL,228239,60700,60700.0,3,3,/api/uploads/aviandco/products/rolex-day-date-40-228239-017-1-cb4a830454c0960e.jpg,https://www.aviandco.com/rolex-day-date-40-228239-blue-roman-dial-228239-017
avi-rolex-day-date-40-228345rbr-chocolate-baguette-dial-228345,mismatch,name;reference,"Rolex Day-Date 228345RBR, 18K Rose Gold, Diamond Bezel, Chocolate Baguette Dial, Presidental Bracelet, 40 mm",Rolex Day-Date,Rolex,NULL,NULL,228345RBR,83700,83700.0,3,3,/api/uploads/aviandco/products/228345rbr-002-1-1-1-ffbf0cc8cd671152.jpg,https://www.aviandco.com/rolex-day-date-40-228345rbr-chocolate-baguette-dial-228345rbr-015
avi-rolex-day-date-40-228345rbr-chocolate-diamond-dial-228345r,mismatch,name;reference,"Rolex Day-Date 228345RBR, 18K Rose Gold, Chocolate Diamond Dial, Presidental Bracelet, 40 mm",Rolex Day-Date,Rolex,NULL,NULL,228345RBR,76600,76600.0,12,3,/api/uploads/aviandco/products/228345rbr-002-1-c480464f93bcb753.jpg,https://www.aviandco.com/rolex-day-date-40-228345rbr-chocolate-diamond-dial-228345rbr-011
avi-rolex-day-date-40-228345rbr-eisenkiesel-baguette-diamond-d,mismatch,name;reference,"Rolex Day-Date 40 228345RBR, 18K Rose Gold, Diamond Bezel, Eisenkiesel Baguette Diamond Dial, 40 mm",Rolex Day-Date 40,Rolex,NULL,NULL,228345RBR,91900,91900.0,3,3,/api/uploads/aviandco/products/rolex-day-date-40-228345rbr-007-1-195b152e6badcf0d.jpg,https://www.aviandco.com/rolex-day-date-40-228345rbr-eisenkiesel-baguette-diamond-dial-228345rbr-012
avi-rolex-day-date-40-228345rbr-sundust-diamond-dial-228345rbr,mismatch,name,"Rolex Day-Date 40 228345RBR, 18K Rose Gold, Sundust Baguette Diamond Dial, 40 mm",This site can’t be reached,Rolex,NULL,NULL,,59200,0,3,0,/api/uploads/aviandco/products/rolex-day-date-40-228345rbr-007-1-2-e9a4a6733a50c4ce.jpg,https://www.aviandco.com/rolex-day-date-40-228345rbr-sundust-diamond-dial-228345rbr-009
avi-rolex-day-date-40-228349rbr-black-dial-228349rbr-002,mismatch,name;reference,"Rolex Day-Date 40 228349RBR, 18K White Gold, Black Diamond Dial, 40 mm",Rolex Day-Date 40,Rolex,NULL,NULL,228349RBR,80000,80000.0,3,3,/api/uploads/aviandco/products/228349rbr-002-1-5613ba722276bc39.jpg,https://www.aviandco.com/rolex-day-date-40-228349rbr-black-dial-228349rbr-002
avi-rolex-day-date-40-228349rbr-blue-ombre-roman-dial-228349rb,mismatch,name;reference,"Rolex Day-Date 40 228349RBR, 18K White Gold, Diamond Bezel, Blue Ombre Roman Dial, Presidential Bracelet, 40 mm",Rolex Day-Date 40,Rolex,NULL,NULL,228349RBR,77600,77600.0,3,3,/api/uploads/aviandco/products/rolex-day-date-40-228349rbr-006-1-f95379c0b190d31c.jpg,https://www.aviandco.com/rolex-day-date-40-228349rbr-blue-ombre-roman-dial-228349rbr-006
avi-rolex-day-date-40-228349rbr-pavve-dial-g0228349rbr-001,mismatch,name;price;reference,"Rolex Day-Date 40 228349RBR, 18K White Gold, Pave Diamond Dial, 40 mm",Rolex Day-Date 40,Rolex,NULL,NULL,228349RBR,0,98999.0,3,3,/api/uploads/aviandco/products/rolex-day-date-40-228349rbr-1-1-264494edab70d14f.jpg,https://www.aviandco.com/rolex-day-date-40-228349rbr-pavve-dial-g0228349rbr-001
avi-rolex-day-date-40-228349rbr-white-meteorite-baguette-index,mismatch,name;reference,"Rolex Day-Date 40 228349RBR, 18K White Gold, Diamond Bezel, White Meteorite Baguette Index Dial, Presidential Bracelet, 40 mm",Rolex Day-Date 40,Rolex,NULL,NULL,228349RBR,86800,86800.0,3,3,/api/uploads/aviandco/products/rolex-day-date-40-228349rbr-004-1-1-13bf337e56acadd1.jpg,https://www.aviandco.com/rolex-day-date-40-228349rbr-white-meteorite-baguette-index-dial-228349rbr-007
avi-rolex-day-date-40-228396tbr-blue-dial-g0228396tbr-002,mismatch,name;price;reference,"Rolex Day-Date 40 228396TBR, Platinum, Diamond Bezel, Ice Blue Quadrant Roman Dial, 40 mm",Rolex Day-Date 40,Rolex,NULL,NULL,228396TBR,0,132700.0,3,3,/api/uploads/aviandco/products/rolex-day-date-40-228396tbr-blue-roman-1-ca6da3d60986862e.jpg,https://www.aviandco.com/rolex-day-date-40-228396tbr-blue-dial-g0228396tbr-002
avi-rolex-day-date-40-228396tbr-ice-blue-dial-g0228396tbr-001,mismatch,name;price;reference,"Rolex Day-Date 40 228396TBR, Platinum, Diamond Bezel, Ice Blue Arabic Language Dial, 40 mm",Rolex Day-Date 40,Rolex,NULL,NULL,228396TBR,0,212099.0,3,3,/api/uploads/aviandco/products/rolex-day-date-40-228396tbr-ice-blue-057bc7bce94f352f.jpg,https://www.aviandco.com/rolex-day-date-40-228396tbr-ice-blue-dial-g0228396tbr-001
avi-rolex-day-date-40-228396tbr-olive-green-arabic-language-di,mismatch,name;reference,"Rolex Day-Date 40 228396TBR, Platinum, Olive Green Arabic Language Dial, Baguette Diamond Bezel, President Bracelet, 40 mm",Rolex Day-Date 40,Rolex,NULL,NULL,228396TBR,153100,153100.0,4,3,/api/uploads/aviandco/products/rolex-day-date-40-228396tbr-008-1-27ac678632d26851.jpg,https://www.aviandco.com/rolex-day-date-40-228396tbr-olive-green-arabic-language-dial-228396tbr-008
avi-rolex-day-date-40-228398tru-diamond-pave-ruby-roman-dial-2,mismatch,name;price;reference,"Rolex Day-Date 40 228398TRU, 18K Yellow Gold, Ruby Bezel, Diamond Pave Ruby Roman Numerals Dial, Presidential Bracelet, 40 mm",Rolex Day-Date 40,Rolex,NULL,NULL,228398TRU,0,382600.0,3,3,/api/uploads/aviandco/products/rolex-day-date-40-228398tru-001-1-ee89a796fe050dd8.jpg,https://www.aviandco.com/rolex-day-date-40-228398tru-diamond-pave-ruby-roman-dial-228398tru-002
avi-rolex-day-date-ii-218206-ice-bue-roman-dial-218206-002,mismatch,name,"Rolex Day-Date II 218206, Platinum, Ice Blue Roman Dial, Presidential Bracelet, 41 mm",This site can’t be reached,Rolex,NULL,NULL,,55100,0,8,0,/api/uploads/aviandco/products/rolex-day-date-ii-218206-002-1-496ef2e276328320.jpg,https://www.aviandco.com/rolex-day-date-ii-218206-ice-bue-roman-dial-218206-002
avi-rolex-day-date-ii-218238-champagne-roman-dial-218238-002,mismatch,name;reference,"Rolex Day-Date II 218238, 18K Yellow Gold, Champagne Roman Dial, Presidential Bracelet, 41 mm",Rolex Day-Date II,Rolex,NULL,NULL,218238,42600,42600.0,3,3,/api/uploads/aviandco/products/rolex-day-date-ii-218238-002-1-1-b15296d7de791ef6.jpg,https://www.aviandco.com/rolex-day-date-ii-218238-champagne-roman-dial-218238-002
avi-rolex-day-date-ii-218399rbr-pave-index-dial-218399rbr-001,mismatch,name;price;reference,"Rolex Day-Date II 218399RBR, 18K White Gold, Diamond Baguette Bezel, Diamond Pave Index Dial, Presidential Bracelet, 41 mm",Rolex Day-Date II,Rolex,NULL,NULL,218399RBR,0,117400.0,3,3,/api/uploads/aviandco/products/rolex-day-date-ii-218399rbr-001-1-1-7f66966b8c4af6e3.jpg,https://www.aviandco.com/rolex-day-date-ii-218399rbr-pave-index-dial-218399rbr-001
avi-rolex-day-date-pink-diamond-dial-118205-002,mismatch,name;price;reference,"Rolex Day-Date 36 118205, 18K Rose Gold, Pink Diamond Dial, Presidential Bracelet, 36mm",Rolex Day-Date 36,Rolex,NULL,NULL,118205,0,32700.0,3,3,/api/uploads/aviandco/products/rolex-day-date-36-118205-002-1-06ffbf07e03a7bd2.jpg,https://www.aviandco.com/rolex-day-date-pink-diamond-dial-118205-002
avi-rolex-daytona-116500ln-black-index-dial-116500ln-036,mismatch,name;price;reference,"Rolex Daytona 116500LN, Stainless Steel, Black Index Dial, Oyster Bracelet, 40 mm",Rolex Daytona,Rolex,NULL,NULL,116500LN,29100,28600.0,5,3,/api/uploads/aviandco/products/rolex-daytona-116500ln-black-dial-1-4-b2f8daa08a9a992a.jpg,https://www.aviandco.com/rolex-daytona-116500ln-black-index-dial-116500ln-036
avi-rolex-daytona-116500ln-skeleton-index-dial-116500ln-037,mismatch,name,"Rolex Daytona 116500LN, Titan Black, Unique Piece 1 of 1 , Stainless Steel, Skeleton Index Dial, Oyster Bracelet, 40 mm",This site can’t be reached,Rolex,NULL,NULL,,0,0,3,0,/api/uploads/aviandco/products/rolex-daytona-116500ln-037-1-1b0456b585e04382.jpg,https://www.aviandco.com/rolex-daytona-116500ln-skeleton-index-dial-116500ln-037
avi-rolex-daytona-116500ln-spike-lee-skeleton-dial-116500ln-00,mismatch,name;price;reference,"Rolex Daytona 116500LN, 'Spike Lee', Stainless Steel, Skeleton Dial, Oyster Bracelet, 40 mm",Rolex Daytona,Rolex,NULL,NULL,116500LN,0,132599.0,9,3,/api/uploads/aviandco/products/rolex-daytona-oyster-steel-spike-lee-116500ln-1-183074209fcaa14c.jpg,https://www.aviandco.com/rolex-daytona-116500ln-spike-lee-skeleton-dial-116500ln-003
avi-rolex-daytona-116500ln-white-dial-116500ln-035,mismatch,name;reference,"Rolex Daytona 116500LN, ""Panda"", Stainless Steel, White Index Dial, Oyster Bracelet, 40 mm",Rolex Daytona,Rolex,NULL,NULL,116500LN,32700,32700.0,12,3,/api/uploads/aviandco/products/rolex-daytona-116500ln-034-1-2-1-8fd3f55c188e51dc.jpg,https://www.aviandco.com/rolex-daytona-116500ln-white-dial-116500ln-035
avi-rolex-daytona-116500ln-white-index-dial-116500ln-038,mismatch,name;reference,"Rolex Daytona 116500LN, ""Panda"", Stainless Steel, White Index Dial, Oyster Bracelet, 40 mm",Rolex Daytona,Rolex,NULL,NULL,116500LN,38800,38800.0,10,3,/api/uploads/aviandco/products/rolex-daytona-116500ln-034-1-2-1-1-307a57d15cab389e.jpg,https://www.aviandco.com/rolex-daytona-116500ln-white-index-dial-116500ln-038
avi-rolex-daytona-116503-black-index-dial-116503-004,mismatch,name;price;reference,"Rolex Daytona 116503, 18K Yellow Gold & Steel, Black Index Dial, 40 mm",Rolex Daytona,Rolex,NULL,NULL,116503,0,22400.0,9,3,/api/uploads/aviandco/products/rolex-daytona-116503-black-index-1-1-10358797946a63a0.jpg,https://www.aviandco.com/rolex-daytona-116503-black-index-dial-116503-004
avi-rolex-daytona-116503-champagne-diamond-dial-116503-005,mismatch,name,"Rolex Daytona 116503, 18K Yellow Gold & Steel, Champagne Diamond Dial, 40 mm",This site can’t be reached,Rolex,NULL,NULL,,25900,0,9,0,/api/uploads/aviandco/products/rolex-daytona-116503-champagne-dial-1-1-0945b8a903f734d0.jpg,https://www.aviandco.com/rolex-daytona-116503-champagne-diamond-dial-116503-005
avi-rolex-daytona-116505-black-index-dial-116505-010,mismatch,name,"Rolex Daytona 116505, 18K Rose Gold, Black Index Dial, Oyster Bracelet, 40 mm",This site can’t be reached,Rolex,NULL,NULL,,53600,0,3,0,/api/uploads/aviandco/products/rolex-daytona-116505-black-index-dial-1-1-1-1-1-1-45f2d7988e1432a6.jpg,https://www.aviandco.com/rolex-daytona-116505-black-index-dial-116505-010
avi-rolex-daytona-116505-chocolate-arabic-dial-116505-014,mismatch,name,"Rolex Daytona 116505, 18K Rose Gold, Chocolate Arabic Dial, Oyster Bracelet, 40 mm",This site can’t be reached,Rolex,NULL,NULL,,46000,0,5,0,/api/uploads/aviandco/products/rolex-daytona-116505-014-1-947af1751acdb8ad.jpg,https://www.aviandco.com/rolex-daytona-116505-chocolate-arabic-dial-116505-014
avi-rolex-daytona-116505-chocolate-index-dial-116505-007,mismatch,name;reference,"Rolex Daytona 116505, 18K Rose Gold, Chocolate Index Dial, 40 mm",Rolex Daytona,Rolex,NULL,NULL,116505,56200,56200.0,3,3,/api/uploads/aviandco/products/rolex-cosmograph-daytona-116505-007-1-45177988284a6620.jpg,https://www.aviandco.com/rolex-daytona-116505-chocolate-index-dial-116505-007
avi-rolex-daytona-116505-pink-dial-116505-011,mismatch,name;reference,"Rolex Daytona 116505, 18K Rose Gold, Pink Diamond Dial, Oyster Bracelet, 40 mm",Rolex Daytona,Rolex,NULL,NULL,116505,63300,63300.0,12,3,/api/uploads/aviandco/products/rolex-daytona-116505-013-1-c497f92feab7f28a.jpg,https://www.aviandco.com/rolex-daytona-116505-pink-dial-116505-011
avi-rolex-daytona-116505-pink-sundust-baguette-dial-116505-013,mismatch,name;reference,"Rolex Daytona 116505, 18K Rose Gold, Pink Sundust Diamond Dial, Oyster Bracelet, 40 mm",Rolex Daytona,Rolex,NULL,NULL,116505,61300,61300.0,3,3,/api/uploads/aviandco/products/rolex-daytona-116505-013-1-1-0a9455c603050700.jpg,https://www.aviandco.com/rolex-daytona-116505-pink-sundust-baguette-dial-116505-013
avi-rolex-daytona-116506-blue-dial-116506-009,mismatch,name;reference,"Rolex Daytona 116506, Platinum, Ice Blue Index Dial, 40 mm",Rolex Daytona,Rolex,NULL,NULL,116506,105800,105800.0,10,3,/api/uploads/aviandco/products/rolex-cosmograph-daytona-116506-009-1-da88dc9d1fd3fed4.jpg,https://www.aviandco.com/rolex-daytona-116506-blue-dial-116506-009
avi-rolex-daytona-116506-ice-blue-diamond-dial-116506-013,mismatch,name;reference,"Rolex Daytona 116506, Platinum, Ice Blue Baguette Index Dial, Oyster Bracelet, 40 mm",Rolex Daytona,Rolex,NULL,NULL,116506,125500,125500.0,3,3,/api/uploads/aviandco/products/rolex-daytona-116506-blue-dial-stickers-1-1-1-1-e45bf6f9cadf1da9.jpg,https://www.aviandco.com/rolex-daytona-116506-ice-blue-diamond-dial-116506-013
avi-rolex-daytona-116508-black-diamond-dial-116508-014,mismatch,name;reference,"Rolex Daytona 116508, 18K Yellow Gold, Black Diamond Dial, 40 mm",Rolex Daytona,Rolex,NULL,NULL,116508,55200,55200.0,3,3,/api/uploads/aviandco/products/untitled-design-4--1-d77daba509b715fc.jpg,https://www.aviandco.com/rolex-daytona-116508-black-diamond-dial-116508-014
avi-rolex-daytona-116508-champagne-dial-116508-018,mismatch,name;price;reference,"Rolex Daytona 116508, ""Pikachu"", 18K Yellow Gold, Champagne Index Dial, Oyster Bracelet, 40 mm",Rolex Daytona,Rolex,NULL,NULL,116508,59700,57700.0,7,3,/api/uploads/aviandco/products/rolex-daytona-116508-018-1-366ef11f23798f6f.jpg,https://www.aviandco.com/rolex-daytona-116508-champagne-dial-116508-018
avi-rolex-daytona-116508-green-index-dial-116508-020,mismatch,name;reference,"Rolex Daytona 116508, ""John Mayer"", 18K Yellow Gold, Green Index Dial, Oyster Bracelet, 40 mm",Rolex Daytona,Rolex,NULL,NULL,116508,81800,81800.0,12,3,/api/uploads/aviandco/products/116508-009-1-1-1-7be0909e7a85099c.jpg,https://www.aviandco.com/rolex-daytona-116508-green-index-dial-116508-020
avi-rolex-daytona-116509-black-dial-g0116509-001,mismatch,name;price;reference;image_count,"Rolex Daytona 116509, 18K White Gold, Black Diamond Dial, 40 mm",Rolex Daytona,Rolex,NULL,NULL,116509,0,60000.0,1,3,/api/uploads/aviandco/products/116509-rolex-daytona-black-diamond-ba54c92e217d7dd0.png,https://www.aviandco.com/rolex-daytona-116509-black-dial-g0116509-001
avi-rolex-daytona-116509-blue-dial-g0116509-002,mismatch,name;reference;image_count,"Rolex Daytona 116509, 18K White Gold, Blue Index Dial, Oyster Bracelet, 41 mm",Rolex Daytona,Rolex,NULL,NULL,116509,60000,60000.0,1,3,/api/uploads/aviandco/products/rolex-daytona-g0116509-002-1-8eddd65b93a9f934.jpg,https://www.aviandco.com/rolex-daytona-116509-blue-dial-g0116509-002
avi-rolex-daytona-116509-blue-index-dial-116509-011,mismatch,name;reference,"Rolex Daytona 116509, 18K White Gold, Blue Index Dial, Oyster Bracelet, 40 mm",Rolex Daytona,Rolex,NULL,NULL,116509,54600,54600.0,4,3,/api/uploads/aviandco/products/rolex-daytona-116509-blue-index-dial-1-ee8986c7746b0ea5.jpg,https://www.aviandco.com/rolex-daytona-116509-blue-index-dial-116509-011
avi-rolex-daytona-116509-grey-arabic-dial-116509-010,mismatch,name;reference;image_count,"Rolex Daytona 116509, Titan Black, 18K White Gold, Grey Arabic Dial, Oyster Bracelet, 40 mm",Rolex Daytona,Rolex,NULL,NULL,116509,39300,39300.0,1,3,/api/uploads/aviandco/products/rolex-daytona-116509-010-1-a7ca430f0a97c1f5.jpg,https://www.aviandco.com/rolex-daytona-116509-grey-arabic-dial-116509-010
avi-rolex-daytona-116509-meteorite-dial-g0116509-003,mismatch,name;reference,"Rolex Daytona 116509, 18K White Gold, Meteorite Index Dial, 40 mm",Rolex Daytona,Rolex,NULL,NULL,116509,117600,117600.0,3,3,/api/uploads/aviandco/products/116509-oyster-meteorite-index-fae62363bff66d09.jpg,https://www.aviandco.com/rolex-daytona-116509-meteorite-dial-g0116509-003
avi-rolex-daytona-116509-silver-black-dial-g0116509,mismatch,name;reference,"Rolex Daytona 116509, 18K White Gold, Silver and Black Index Dial, 40 mm",Rolex Daytona,Rolex,NULL,NULL,116509,55000,55000.0,3,3,/api/uploads/aviandco/products/rolex-daytona-116509-silver-index-dial-1-748ec2a260347416.jpg,https://www.aviandco.com/rolex-daytona-116509-silver-black-dial-g0116509
avi-rolex-daytona-116515-chocolate-arabic-dial-116515-001,mismatch,name;reference,"Rolex Daytona 116515, 18K Rose Gold, Chocolate Arabic Dial, Oysterflex Bracelet, 40 mm",Rolex Daytona,Rolex,NULL,NULL,116515,35800,35800.0,3,3,/api/uploads/aviandco/products/rolex-daytona-116515-001-1-8b721a1dd2edcd66.jpg,https://www.aviandco.com/rolex-daytona-116515-chocolate-arabic-dial-116515-001
avi-rolex-daytona-116515ln-black-diamond-dial-116515ln-015,mismatch,name;reference,"Rolex Daytona 116515LN, 18K Rose Gold, Black Diamond Dial, Oysterflex Bracelet, 40mm",Rolex Daytona,Rolex,NULL,NULL,116515LN,46000,46000.0,3,3,/api/uploads/aviandco/products/rolex-daytona-116515ln-black-diamond-1-1-ab292a2c2f6b97ad.jpg,https://www.aviandco.com/rolex-daytona-116515ln-black-diamond-dial-116515ln-015
avi-rolex-daytona-116515ln-chocolate-index-dial-116515ln-010,mismatch,name;reference,"Rolex Daytona 116515LN, 18K Rose Gold, Chocolate Index Dial, 40 mm",Rolex Daytona,Rolex,NULL,NULL,116515LN,48800,48800.0,3,3,/api/uploads/aviandco/products/116515ln-010-1-795ca4114ff7bef1.jpg,https://www.aviandco.com/rolex-daytona-116515ln-chocolate-index-dial-116515ln-010
avi-rolex-daytona-116518-white-dial-g0116518-001,mismatch,name;price;reference,"Rolex Daytona 116518, 18K Yellow Gold, White Arabic Dial, 40 mm",Rolex Daytona,Rolex,NULL,NULL,116518,0,28200.0,3,3,/api/uploads/aviandco/products/rolex-daytona-116518-white-index-leather-1-4ac81fa5edf6bfc5.jpg,https://www.aviandco.com/rolex-daytona-116518-white-dial-g0116518-001
avi-rolex-daytona-116518ln-black-dial-116518ln-004,mismatch,name,"Rolex Daytona 116518LN, 18K Yellow Gold, Black Index Dial, 40 mm",This site can’t be reached,Rolex,NULL,NULL,,49900,0,3,0,/api/uploads/aviandco/products/116518ln-004-1-177ca44cd97778d9.jpg,https://www.aviandco.com/rolex-daytona-116518ln-black-dial-116518ln-004
avi-rolex-daytona-116518ln-black-diamond-dial-116518ln-003,mismatch,name,"Rolex Daytona 116518LN, 18K Yellow Gold, Black Diamond Dial, 40 mm",This site can’t be reached,Rolex,NULL,NULL,,0,0,12,0,/api/uploads/aviandco/products/116518ln-003-1-7bc69465b2c19519.jpg,https://www.aviandco.com/rolex-daytona-116518ln-black-diamond-dial-116518ln-003
avi-rolex-daytona-116518ln-champagne-index-dial-116518ln-007,mismatch,name;price;reference,"Rolex Daytona 116518LN, ""Picachu"", 18K Yellow Gold, Champagne Index Dial, Oysterflex Bracelet, 40 mm",Rolex Daytona,Rolex,NULL,NULL,116518LN,0,51500.0,3,3,/api/uploads/aviandco/products/rdyt07057--1-7-1-a9609710b09d5fc8.jpg,https://www.aviandco.com/rolex-daytona-116518ln-champagne-index-dial-116518ln-007
avi-rolex-daytona-116519-green-dial-116519-001,mismatch,name;price;reference,"Rolex Daytona 116519, ""Beach"", 18K White Gold, Jadeite Green Roman Dial, Green Leather Bracelet, 40 mm",Rolex Daytona,Rolex,NULL,NULL,116519,83700,79600.0,7,3,/api/uploads/aviandco/products/116519-001-1-1-969a70dd6fbc5a6e.jpg,https://www.aviandco.com/rolex-daytona-116519-green-dial-116519-001
avi-rolex-daytona-116519-jadeite-green-roman-dial-116519-004,mismatch,name;reference,"Rolex Daytona 116519, ""Beach"", 18K White Gold, Jadeite Green Roman Dial, Green Leather Bracelet, 40 mm",Rolex Daytona,Rolex,NULL,NULL,116519,90300,90300.0,3,3,/api/uploads/aviandco/products/116519-001-1-1-1-b2012b26d9b63823.jpg,https://www.aviandco.com/rolex-daytona-116519-jadeite-green-roman-dial-116519-004
avi-rolex-daytona-116519-turquoise-roman-dial-116519-003,mismatch,name;reference,"Rolex Daytona 116519, ""Beach"", 18K White Gold, Turquoise Blue Roman Dial, Oyster Bracelet, 40 mm",Rolex Daytona,Rolex,NULL,NULL,116519,127600,127600.0,3,3,/api/uploads/aviandco/products/rolex-daytona-116519-003-1-f2c85e1f637231b9.jpg,https://www.aviandco.com/rolex-daytona-116519-turquoise-roman-dial-116519-003
avi-rolex-daytona-116519ln-black-diamond-dial-116519ln-011,mismatch,name;reference,"Rolex Daytona 116519LN, 18K White Gold, Black Diamond Dial, Oysterflex Bracelet, 40 mm",Rolex Daytona,Rolex,NULL,NULL,116519LN,44900,44900.0,3,3,/api/uploads/aviandco/products/rolex-daytona-116519ln-011-1-f936d64b9dac1da2.jpg,https://www.aviandco.com/rolex-daytona-116519ln-black-diamond-dial-116519ln-011
avi-rolex-daytona-116519ln-grey-index-dial-116519ln-013,mismatch,name;price;reference,"Rolex Daytona 116519LN, ""Ghost"", 18K White Gold, Sunburst Grey Index Dial, Oysterflex Bracelet, 40 mm",Rolex Daytona,Rolex,NULL,NULL,116519LN,0,50500.0,3,3,/api/uploads/aviandco/products/rolex-daytona-116519ln-013-1-b251eb40bac19744.jpg,https://www.aviandco.com/rolex-daytona-116519ln-grey-index-dial-116519ln-013
avi-rolex-daytona-116519ln-meteorite-index-dial-116519ln-012,mismatch,name;price;reference,"Rolex Daytona 116519LN, 18K White Gold, Meteorite Index Dial, Oysterflex Bracelet, 40 mm",Rolex Daytona,Rolex,NULL,NULL,116519LN,0,100500.0,3,3,/api/uploads/aviandco/products/rolex-daytona-116519ln-012-1-038c01d300ba95f2.jpg,https://www.aviandco.com/rolex-daytona-116519ln-meteorite-index-dial-116519ln-012
avi-rolex-daytona-116519ln-mother-of-pearl-diamond-dial-116519,mismatch,name;price;reference,"Rolex Daytona 116519LN, 18K White Gold, MOP Diamond Dial, 40 mm",Rolex Daytona,Rolex,NULL,NULL,116519LN,0,53599.0,3,3,/api/uploads/aviandco/products/116519ln-006-1-9b9de5f47f0f5d4f.jpg,https://www.aviandco.com/rolex-daytona-116519ln-mother-of-pearl-diamond-dial-116519ln-006
avi-rolex-daytona-116520-black-dial-116520-004,mismatch,name;reference,"Rolex Daytona 116520, Stainless Steel, Black Dial, Oyster Bracelet, 40 mm",Rolex Daytona,Rolex,NULL,NULL,116520,38000,38000.0,3,3,/api/uploads/aviandco/products/rolex-daytona-116520-001-1-be8629ba03f097ed.jpg,https://www.aviandco.com/rolex-daytona-116520-black-dial-116520-004
avi-rolex-daytona-116520-white-dial-116520-006,mismatch,name;reference,"Rolex Daytona 116520, Stainless Steel, White Dial, Oyster Bracelet, 40 mm",Rolex Daytona,Rolex,NULL,NULL,116520,29600,29600.0,3,3,/api/uploads/aviandco/products/rolex-cosmograph-daytona-116520-003-1-1-1-0bf40370849bd97b.jpg,https://www.aviandco.com/rolex-daytona-116520-white-dial-116520-006
avi-rolex-daytona-116520-white-index-dial-116520-007,mismatch,name;reference,"Rolex Daytona 116520, Stainless Steel, White Index Dial, Oyster Bracelet, 40 mm",Rolex Daytona,Rolex,NULL,NULL,116520,25000,25000.0,3,3,/api/uploads/aviandco/products/rolex-cosmograph-daytona-116520-003-1-2-ea6e5f16a253ac82.jpg,https://www.aviandco.com/rolex-daytona-116520-white-index-dial-116520-007
avi-rolex-daytona-116523-black-index-dial-116523-001,mismatch,name;price;reference,"Rolex Daytona 116523, Stainless Steel & 18K Yellow Gold, Black Index Dial, Oyster Bracelet, 40 mm",Rolex Daytona,Rolex,NULL,NULL,116523,19900,19400.0,10,3,/api/uploads/aviandco/products/rolex-daytona-116523-001-1-9c97664fe45b5178.jpg,https://www.aviandco.com/rolex-daytona-116523-black-index-dial-116523-001
avi-rolex-daytona-116528-champagne-dial-116528-001,mismatch,name;price;reference,"Rolex Daytona 116528, 18K Yellow Gold, Champagne Index Dial, 40 mm",Rolex Daytona,Rolex,NULL,NULL,116528,0,52100.0,3,3,/api/uploads/aviandco/products/rolex-cosmograph-daytona-116528-001-1-f1568a39c9651574.jpg,https://www.aviandco.com/rolex-daytona-116528-champagne-dial-116528-001
avi-rolex-daytona-116528-mother-pearl-roman-dial-116528-002,mismatch,name;price;reference,"Rolex Daytona 116528, 18K Yellow Gold, MOP Roman Dial, 40 mm",Rolex Daytona,Rolex,NULL,NULL,116528,0,47500.0,3,3,/api/uploads/aviandco/products/rolex-cosmograph-daytona--116528-002-1-baac52657fd3568d.jpg,https://www.aviandco.com/rolex-daytona-116528-mother-pearl-roman-dial-116528-002
avi-rolex-daytona-116568-green-index-dial-116568br-003,mismatch,name;price;reference,"Rolex Daytona 116568BR, 18K Yellow Gold, Green Index Dial, Oyster Bracelet, 40 mm",Rolex Daytona,Rolex,NULL,NULL,116568BR,183700,178600.0,3,3,/api/uploads/aviandco/products/rolex-daytona-116568br-003-1-8b1aea3f3bca4a00.jpg,https://www.aviandco.com/rolex-daytona-116568-green-index-dial-116568br-003
avi-rolex-daytona-116568br-mother-of-pearl-diamond-dial-g01165,mismatch,name;price;reference,"Rolex Daytona 116568BR, 18K Yellow Gold, Diamond Bezel, MOP Diamond Dial, 40 mm",Rolex Daytona,Rolex,NULL,NULL,116568BR,0,196000.0,3,3,/api/uploads/aviandco/products/116568br-001-1-1-1-615fe2ae519936a6.jpg,https://www.aviandco.com/rolex-daytona-116568br-mother-of-pearl-diamond-dial-g0116568br-002
avi-rolex-daytona-116576tbr-ice-blue-arabic-language-dial-1165,mismatch,name;price;reference,"Rolex Daytona 116576TBR, Platinum, Ice Blue Arabic Language Dial, Oyster Bracelet, 40 mm",Rolex Daytona,Rolex,NULL,NULL,116576TBR,0,352000.0,3,3,/api/uploads/aviandco/products/rolex-daytona-116576tbr-002-1-3921f5af390b537a.jpg,https://www.aviandco.com/rolex-daytona-116576tbr-ice-blue-arabic-language-dial-116576tbr-002
avi-rolex-daytona-116578saco-mother-of-pearl-diamond-dial-1165,mismatch,name;price;reference,"Rolex Daytona 116578SACO, 18K Yellow Gold, Orange Sapphire, MOP Diamond Dial, 40 mm",Rolex Daytona,Rolex,NULL,NULL,116578SACO,0,280600.0,3,3,/api/uploads/aviandco/products/rolex-daytona-116578saco-001-1-39a3699c0c7fb656.jpg,https://www.aviandco.com/rolex-daytona-116578saco-mother-of-pearl-diamond-dial-116578saco-001
avi-rolex-daytona-116588saco-black-sapphire-index-dial-116588s,mismatch,name;reference,"Rolex Daytona 116588SACO, 18K Yellow Gold, Orange Sapphire Bezel, Black Sapphire Index Dial, Oysterflex Bracelet, 40 mm",Rolex Daytona,Rolex,NULL,NULL,116588SACO,316300,316300.0,12,3,/api/uploads/aviandco/products/116588saco-004-1-2-f4f04c34a6f828ff.jpg,https://www.aviandco.com/rolex-daytona-116588saco-black-sapphire-index-dial-116588saco-006
avi-rolex-daytona-116589saci-pave-diamond-dial-116589saci-001,mismatch,name;price;reference,"Rolex Daytona 116589SACI, 18K White Gold, Diamond Bezel, Pave Diamond Dial, 40 mm",Rolex Daytona,Rolex,NULL,NULL,116589SACI,0,280600.0,3,3,/api/uploads/aviandco/products/rolex-daytona-116589saci-001-b64094ae14e6a217.jpg,https://www.aviandco.com/rolex-daytona-116589saci-pave-diamond-dial-116589saci-001
avi-rolex-daytona-116595rbow-black-diamond-dial-116595rbow-007,mismatch,name;price;reference,"Rolex Daytona 116595RBOW, 18K Rose Gold, Black Dial, Rainbow Bezel, Oyster Bracelet, 40 mm",Rolex Daytona,Rolex,NULL,NULL,116595RBOW,0,425600.0,12,3,/api/uploads/aviandco/products/rolex-daytona-116505rbow-007-1-b72ce242148f65e6.jpg,https://www.aviandco.com/rolex-daytona-116595rbow-black-diamond-dial-116595rbow-007
avi-rolex-daytona-116595rbow-pave-dial-116595rbow-004,mismatch,name;price;reference,"Rolex Daytona 116595RBOW, 18K Rose Gold, Diamond Pave Dial, 40 mm",Rolex Daytona,Rolex,NULL,NULL,116595RBOW,0,583099.0,3,3,/api/uploads/aviandco/products/116595rbow-004-1-77de7c7eabcd80f9.jpg,https://www.aviandco.com/rolex-daytona-116595rbow-pave-dial-116595rbow-004
avi-rolex-daytona-116598rbow-black-diamond-dial-116598rbow-001,mismatch,name;price;reference,"Rolex Daytona 116598RBOW, 18K Yellow Gold, Rainbow Sapphire Bezel, Black Diamond Dial, 40 mm",Rolex Daytona,Rolex,NULL,NULL,116598RBOW,0,490200.0,3,3,/api/uploads/aviandco/products/rolex-daytona-116598rbow-001-1-02ced8554992e623.jpg,https://www.aviandco.com/rolex-daytona-116598rbow-black-diamond-dial-116598rbow-001
avi-rolex-daytona-116598saco-leopard-dial-116598saco-002,mismatch,name;reference,"Rolex Daytona 116598SACO, ""Leopard"", 18K Yellow Gold, Cognac Sapphire Bezel, Leopard Diamond Dial, Leather Bracelet, 40 mm",Rolex Daytona,Rolex,NULL,NULL,116598SACO,122500,122500.0,5,3,/api/uploads/aviandco/products/rolex-daytona-116598saco-002-1-926eae9111b7d015.jpg,https://www.aviandco.com/rolex-daytona-116598saco-leopard-dial-116598saco-002
avi-rolex-daytona-116598tbr-eye-of-the-tiger-dial-g0116598tbr-,mismatch,name;price;reference,"Rolex Daytona 116598TBR, Eye of the Tiger, 18K Yellow Gold, Pave Index Dial, 40 mm",Rolex Daytona,Rolex,NULL,NULL,116598TBR,0,371099.0,3,3,/api/uploads/aviandco/products/rolex-daytona-eye-of-tiger-116598tbr-yg-1-bd4572017d062433.jpg,https://www.aviandco.com/rolex-daytona-116598tbr-eye-of-the-tiger-dial-g0116598tbr-001
avi-rolex-daytona-116599rbow-black-dial-116599rbow-001,mismatch,name;reference,"Rolex Daytona 116599RBOW, 18K White Gold, Black Dial, Oyster Bracelet, 40 mm",Rolex Daytona,Rolex,NULL,NULL,116599RBOW,352800,352800.0,3,3,/api/uploads/aviandco/products/rolex-daytona-116599rbow-001-1-d4eb42830ac3bf74.jpg,https://www.aviandco.com/rolex-daytona-116599rbow-black-dial-116599rbow-001
avi-rolex-daytona-116599rbr-pink-mother-of-pearl-diamond-dial-,mismatch,name;price;reference,"Rolex Daytona 116599RBR, 18K White Gold, Pink MOP Diamond Dial, 40 mm",Rolex Daytona,Rolex,NULL,NULL,116599RBR,0,112299.0,12,3,/api/uploads/aviandco/products/rolex-daytona-116599rbr-001-1-fb789f6b6f5f575c.jpg,https://www.aviandco.com/rolex-daytona-116599rbr-pink-mother-of-pearl-diamond-dial-116599rbr-001
avi-rolex-daytona-126500ln-black-index-dial-126500ln-041,mismatch,name;reference,"Rolex Daytona 126500LN, Stainless Steel, Black Index Dial, Oyster Bracelet, 40 mm",Rolex Daytona,Rolex,NULL,NULL,126500LN,35800,35800.0,4,3,/api/uploads/aviandco/products/rolex-daytona-cosmograph-126500ln-002-1-2-1-1-1-92e0349e32d4660f.jpg,https://www.aviandco.com/rolex-daytona-126500ln-black-index-dial-126500ln-041
avi-rolex-daytona-126500ln-white-index-dial-126500ln-039,mismatch,name;reference,"Rolex Daytona 126500LN, ""Panda"", Stainless Steel, White Index Dial, Oyster Bracelet, 40 mm",Rolex Daytona,Rolex,NULL,NULL,126500LN,40300,40300.0,3,3,/api/uploads/aviandco/products/rolex-daytona-126500ln-027-1-5-2-4276fcc7cdd27b33.jpg,https://www.aviandco.com/rolex-daytona-126500ln-white-index-dial-126500ln-039
avi-rolex-daytona-126500ln-white-index-dial-126500ln-040,mismatch,name;reference,"Rolex Daytona 126500LN, ""Panda"", Stainless Steel, White Index Dial, Oyster Bracelet, 40 mm",Rolex Daytona,Rolex,NULL,NULL,126500LN,40300,40300.0,3,3,/api/uploads/aviandco/products/rolex-daytona-126500ln-027-1-5-1-8cf09271e355c950.jpg,https://www.aviandco.com/rolex-daytona-126500ln-white-index-dial-126500ln-040
avi-rolex-daytona-126502-white-dial-g0126502-spy-001,mismatch,name;price;reference,"Rolex Daytona 126502, Stainless Steel, White Dial, Oyster Bracelet, 40 mm (2026)",Rolex Daytona,Rolex,NULL,NULL,126502,0,60000.0,3,3,/api/uploads/aviandco/products/rolex-daytona-g0126502-spy-001-1-34c2e2bc899b3cec.jpg,https://www.aviandco.com/rolex-daytona-126502-white-dial-g0126502-spy-001
avi-rolex-daytona-126503-black-dial-126503-004,mismatch,name,"Rolex Daytona 126503, Stainless Steel & 18K Yellow Gold, Black Dial, Oyster Bracelet, 40 mm",This site can’t be reached,Rolex,NULL,NULL,,29400,0,3,0,/api/uploads/aviandco/products/rolex-daytona-126503-004-1-1-a28983bfad913397.jpg,https://www.aviandco.com/rolex-daytona-126503-black-dial-126503-004
avi-rolex-daytona-126503-black-diamond-dial-126503-002,mismatch,name;price;reference,"Rolex Daytona 126503, Stainless Steel & Yellow Gold, Black Diamond Dial, 40 mm",Rolex Daytona,Rolex,NULL,NULL,126503,33600,32200.0,3,3,/api/uploads/aviandco/products/126503-2911-1-1-d90551865dd97acd.jpg,https://www.aviandco.com/rolex-daytona-126503-black-diamond-dial-126503-002
avi-rolex-daytona-126503-champagne-dial-126503-001,mismatch,name;reference,"Rolex Daytona 126503, Stainless Steel & 18K Yellow Gold, Champagne Dial, 40 mm",Rolex Daytona,Rolex,NULL,NULL,126503,28700,28700.0,3,3,/api/uploads/aviandco/products/rolex-daytona-126503-001-1-c1a1c4e212129d0c.jpg,https://www.aviandco.com/rolex-daytona-126503-champagne-dial-126503-001
avi-rolex-daytona-126503-white-dial-126503-003,mismatch,name;reference,"Rolex Daytona 126503, Stainless Steel & 18K Yellow Gold, White Dial, Oyster Bracelet, 40 mm",Rolex Daytona,Rolex,NULL,NULL,126503,31200,31200.0,3,3,/api/uploads/aviandco/products/rolex-daytona-126503-003-1-9c61932d64775ba3.jpg,https://www.aviandco.com/rolex-daytona-126503-white-dial-126503-003
avi-rolex-daytona-126505-black-diamond-dial-126505-010,mismatch,name;reference,"Rolex Daytona 126505, 18K Rose Gold, Black Diamond Dial, Oyster Bracelet, 40 mm",Rolex Daytona,Rolex,NULL,NULL,126505,68900,68900.0,3,3,/api/uploads/aviandco/products/rolex-daytona-126505-010-1-45fc68f9d60c43d6.jpg,https://www.aviandco.com/rolex-daytona-126505-black-diamond-dial-126505-010
avi-rolex-daytona-126505-black-diamond-dial-126505-012,mismatch,name,"Rolex Daytona 126505, 18K Rose Gold, Black Diamond Dial, Oyster Bracelet, 40 mm",This site can’t be reached,Rolex,NULL,NULL,,67900,0,3,0,/api/uploads/aviandco/products/rolex-daytona-126505-010-1-1-8b5df57816c7ac4b.jpg,https://www.aviandco.com/rolex-daytona-126505-black-diamond-dial-126505-012
avi-rolex-daytona-126505-black-index-dial-126505-008,missing_source_url,,"Rolex Daytona 126505, 18K Rose Gold, Black Index Dial, Oyster Bracelet, 40 mm",,Rolex,NULL,NULL,,64300,,1,0,/api/uploads/aviandco/products/aviandco-404-oswaldo-local.jpg,
avi-rolex-daytona-126505-black-index-dial-126505-013,mismatch,name,"Rolex Daytona 126505, 18K Rose Gold, Black Index Dial, Oyster Bracelet, 40 mm (2026)",This site can’t be reached,Rolex,NULL,NULL,,64300,0,3,0,/api/uploads/aviandco/products/rolex-daytona-126505-008-1-1-bbb4840ac88243de.jpg,https://www.aviandco.com/rolex-daytona-126505-black-index-dial-126505-013
avi-rolex-daytona-126505-chocolate-index-dial-126505-006,mismatch,name;price;reference,"Rolex Daytona 126505, 18K Rose Gold, Chocolate Index Dial, Oyster Bracelet, 40 mm",Rolex Daytona,Rolex,NULL,NULL,126505,0,66400.0,12,3,/api/uploads/aviandco/products/rolex-daytona-126505-006-1-b241cd5c87017528.jpg,https://www.aviandco.com/rolex-daytona-126505-chocolate-index-dial-126505-006
avi-rolex-daytona-126505-sundust-index-dial-126505-003,mismatch,name;price;reference,"Rolex Daytona 126505, 18K Rose Gold, Sundust Index Dial, Oyster Bracelet, 40 mm",Rolex Daytona,Rolex,NULL,NULL,126505,0,64800.0,3,3,/api/uploads/aviandco/products/rolex-daytona-126505-002-1-1-dac82a1a0b988a39.jpg,https://www.aviandco.com/rolex-daytona-126505-sundust-index-dial-126505-003
avi-rolex-daytona-126505-sundust-index-dial-126505-011,mismatch,name;reference,"Rolex Daytona 126505, 18K Rose Gold, Sundust Index Dial, Oyster Bracelet, 40 mm (2026)",Rolex Daytona,Rolex,NULL,NULL,126505,68400,68400.0,10,3,/api/uploads/aviandco/products/rolex-daytona-126505-002-1-1-1-fa8db3ccb1c4fdfc.jpg,https://www.aviandco.com/rolex-daytona-126505-sundust-index-dial-126505-011
avi-rolex-daytona-126506-ice-blue-baguette-index-dial-126506-0,mismatch,name;price;reference,"Rolex Daytona 126506, Platinum, Ice Blue Baguette Index Dial, Oyster Bracelet, 40 mm (2026)",Rolex Daytona,Rolex,NULL,NULL,126506,0,148000.0,8,3,/api/uploads/aviandco/products/126506-001-1-1-1-1bceda1161825cc6.jpg,https://www.aviandco.com/rolex-daytona-126506-ice-blue-baguette-index-dial-126506-007
avi-rolex-daytona-126508-black-diamond-dial-126508-012,mismatch,name;price;reference,"Rolex Daytona 126508, 18K Yellow Gold, Black Diamond Dial, Oyster Bracelet, 40 mm",Rolex Daytona,Rolex,NULL,NULL,126508,61300,58700.0,3,3,/api/uploads/aviandco/products/rolex-daytona-126508-012-1-1f35c4bb3ceeff06.jpg,https://www.aviandco.com/rolex-daytona-126508-black-diamond-dial-126508-012
avi-rolex-daytona-126508-black-index-dial-126508-004,mismatch,name;reference,"Rolex Daytona 126508, 18K Yellow Gold, Black Index Dial, 40 mm",Rolex Daytona,Rolex,NULL,NULL,126508,59400,59400.0,3,3,/api/uploads/aviandco/products/rolex-daytona-116508-paul-newman-black-1-1-2de6b8b7b2efb6cc.jpg,https://www.aviandco.com/rolex-daytona-126508-black-index-dial-126508-004
avi-rolex-daytona-126508-black-index-dial-126508-013,mismatch,name;reference,"Rolex Daytona 126508, ""Paul Newman"", 18K Yellow Gold, Black Index Dial, 40 mm",Rolex Daytona,Rolex,NULL,NULL,126508,65900,65900.0,3,3,/api/uploads/aviandco/products/rolex-daytona-126508-008-1-0f7f867e275421ae.jpg,https://www.aviandco.com/rolex-daytona-126508-black-index-dial-126508-013
avi-rolex-daytona-126508-black-index-dial-126508-016,mismatch,name;reference,"Rolex Daytona 126508, 18K Yellow Gold, Black Index Dial, Oyster Bracelet, 40 mm (2026)",Rolex Daytona,Rolex,NULL,NULL,126508,63300,63300.0,3,3,/api/uploads/aviandco/products/rolex-daytona-126508-016-1-4e367d85e1d141f8.jpg,https://www.aviandco.com/rolex-daytona-126508-black-index-dial-126508-016
avi-rolex-daytona-126508-champagne-index-dial-126508-009,mismatch,name;reference,"Rolex Daytona 126508, 18K Yellow Gold, Champagne Index Dial, Oyster Bracelet, 40 mm",Rolex Daytona,Rolex,NULL,NULL,126508,72300,72300.0,3,3,/api/uploads/aviandco/products/rolex-daytona-126508-009-1-1961f2fe3d5d1cf5.jpg,https://www.aviandco.com/rolex-daytona-126508-champagne-index-dial-126508-009
avi-rolex-daytona-126508-green-sunburst-dial-126508-017,mismatch,name;price;reference,"Rolex Daytona 126508, ""John Mayer 2.0"", 18K Yellow Gold, Green Sunburst Dial, Oyster Bracelet, 40 mm",Rolex Daytona,Rolex,NULL,NULL,126508,0,94400.0,7,3,/api/uploads/aviandco/products/rolex-daytona-126508-010-1-1-9a38e09c83d01454.jpg,https://www.aviandco.com/rolex-daytona-126508-green-sunburst-dial-126508-017
avi-rolex-daytona-126508-white-index-dial-126508-007,mismatch,name;reference,"Rolex Daytona 126508, 18K Yellow Gold, White Index Dial, 40 mm",Rolex Daytona,Rolex,NULL,NULL,126508,61600,61600.0,3,3,/api/uploads/aviandco/products/rolex-daytona-126508-002-1-1-84ef1e0dcfbedbc8.jpg,https://www.aviandco.com/rolex-daytona-126508-white-index-dial-126508-007
avi-rolex-daytona-126509-black-dial-126509-002,mismatch,name;reference,"Rolex Daytona 126509, 18K White Gold, Black Dial, Oyster Bracelet, 40 mm",Rolex Daytona,Rolex,NULL,NULL,126509,62800,62800.0,4,3,/api/uploads/aviandco/products/rolex-daytona-126509-002-1-e0e2e863af832600.jpg,https://www.aviandco.com/rolex-daytona-126509-black-dial-126509-002
avi-rolex-daytona-126509-black-dial-g0126509-001,mismatch,name;reference,"Rolex Daytona 126509, 18K White Gold, Black Diamond Dial, 40 mm",Rolex Daytona,Rolex,NULL,NULL,126509,55400,55400.0,3,3,/api/uploads/aviandco/products/rolex-daytona-126509-black-diamond-5bdfacfece165a0a.png,https://www.aviandco.com/rolex-daytona-126509-black-dial-g0126509-001
avi-rolex-daytona-126509-black-index-dial-126509-004,mismatch,name;price;reference,"Rolex Daytona 126509, 18K White Gold, Black Index Dial, Oyster Bracelet, 40 mm",Rolex Daytona,Rolex,NULL,NULL,126509,56200,54600.0,3,3,/api/uploads/aviandco/products/rolex-daytona-126509-002-1-1-5fd76c8feaa20b74.jpg,https://www.aviandco.com/rolex-daytona-126509-black-index-dial-126509-004
avi-rolex-daytona-126509-blue-index-dial-126509-005,mismatch,name;reference,"Rolex Daytona 126509, 18K White Gold, Blue Index Dial, Oyster Bracelet, 40 mm",Rolex Daytona,Rolex,NULL,NULL,126509,66400,66400.0,3,3,/api/uploads/aviandco/products/rolex-daytona-126509-005-1-b5d9d9239c6c32d4.jpg,https://www.aviandco.com/rolex-daytona-126509-blue-index-dial-126509-005
avi-rolex-daytona-126509-silver-index-dial-126509-003,mismatch,name;price;reference,"Rolex Daytona 126509, ""Ghost"", 18K White Gold, Silver Index Dial, Oyster Bracelet, 40 mm",Rolex Daytona,Rolex,NULL,NULL,126509,0,66400.0,3,3,/api/uploads/aviandco/products/rolex-daytona-126509-003-1-1bf7fab311aec93c.jpg,https://www.aviandco.com/rolex-daytona-126509-silver-index-dial-126509-003
avi-rolex-daytona-126515ln-black-diamond-dial-126515ln-005,mismatch,name;price;reference,"Rolex Daytona 126515LN, 18K Rose Gold, Black Diamond Dial, Oysterflex Bracelet, 40 mm",Rolex Daytona,Rolex,NULL,NULL,126515LN,54100,51100.0,4,3,/api/uploads/aviandco/products/rolex-daytona-126515ln-005-1-884366dc1d654e39.jpg,https://www.aviandco.com/rolex-daytona-126515ln-black-diamond-dial-126515ln-005
avi-rolex-daytona-126515ln-chocolate-index-dial-126515ln-008,missing_source_url,,"Rolex Daytona 126515LN, 18K Rose Gold, Chocolate Index Dial, Oysterflex Bracelet, 40 mm",,Rolex,NULL,NULL,,54100,,1,0,/api/uploads/aviandco/products/aviandco-404-oswaldo-local.jpg,
avi-rolex-daytona-126515ln-meteorite-index-dial-12515ln-007,mismatch,name;reference,"Rolex Daytona 126515LN, 18K Rose Gold, Meteorite Index Dial, Oysterflex Bracelet, 40 mm",Rolex Daytona,Rolex,NULL,NULL,126515LN,102400,102400.0,3,3,/api/uploads/aviandco/products/rolex-daytona-126515ln-007-1-2f9b1e8a29d16bfe.jpg,https://www.aviandco.com/rolex-daytona-126515ln-meteorite-index-dial-12515ln-007
avi-rolex-daytona-126515ln-sundust-dial-126515ln-001,mismatch,name;price;reference,"Rolex Daytona 126515LN, 18K Rose Gold, Sundust Index Dial, 40 mm",Rolex Daytona,Rolex,NULL,NULL,126515LN,0,51100.0,3,3,/api/uploads/aviandco/products/126515ln-1-c73c311df2d3978d.png,https://www.aviandco.com/rolex-daytona-126515ln-sundust-dial-126515ln-001
avi-rolex-daytona-126518ln-black-dial-126518ln-005,mismatch,name,"Rolex Daytona 126518LN, ""Paul Newman"", 18K Yellow Gold, Black Dial, Oysterflex Bracelet, 40 mm",This site can’t be reached,Rolex,NULL,NULL,,58300,0,3,0,/api/uploads/aviandco/products/rolex-daytona-126518ln-005-1-1-c6d880d5c20deb8e.jpg,https://www.aviandco.com/rolex-daytona-126518ln-black-dial-126518ln-005
avi-rolex-daytona-126518ln-tiffany-blue-index-dial-126518ln-00,mismatch,name;price;reference,"Rolex Daytona 126518LN, 18K Yellow Gold, Tiffany Blue Index Dial, Oysterflex Bracelet, 40 mm",Rolex Daytona,Rolex,NULL,NULL,126518LN,0,110200.0,5,3,/api/uploads/aviandco/products/rolex-daytona-126518ln-004-1-def6634e633d50d6.jpg,https://www.aviandco.com/rolex-daytona-126518ln-tiffany-blue-index-dial-126518ln-008
avi-rolex-daytona-126519ln-black-dial-126519ln-005,mismatch,name;price;reference,"Rolex Daytona 126519LN, 18K White Gold, Black Dial, Oysterflex Bracelet, 40 mm",Rolex Daytona,Rolex,NULL,NULL,126519LN,49500,48500.0,3,3,/api/uploads/aviandco/products/126519ln-001-1-5449d53d588ba0da.jpg,https://www.aviandco.com/rolex-daytona-126519ln-black-dial-126519ln-005
avi-rolex-daytona-126519ln-black-diamond-dial-126519ln-002,mismatch,name;reference,"Rolex Daytona 126519LN, 18K White Gold, Black Diamond Dial, 40 mm",Rolex Daytona,Rolex,NULL,NULL,126519LN,53800,53800.0,3,3,/api/uploads/aviandco/products/126519ln-002-1-33d804a59998eb23.jpg,https://www.aviandco.com/rolex-daytona-126519ln-black-diamond-dial-126519ln-002
avi-rolex-daytona-126519ln-silver-index-dial-126519ln-006,mismatch,name;reference,"Rolex Daytona 126519LN, ""Ghost"", 18K White Gold, Silver Index Dial, Oysterflex Bracelet, 40 mm",Rolex Daytona,Rolex,NULL,NULL,126519LN,57700,57700.0,11,3,/api/uploads/aviandco/products/rolex-daytona-126519ln-003-1-1-976402e51d13befe.jpg,https://www.aviandco.com/rolex-daytona-126519ln-silver-index-dial-126519ln-006
avi-rolex-daytona-126525ln-black-index-dial-126525ln-001,mismatch,name;reference,"Rolex Daytona 126525LN, ""Le Mans"", 18K Rose Gold, Black Index Dial, Oyster Bracelet, 40 mm",Rolex Daytona,Rolex,NULL,NULL,126525LN,234700,234700.0,3,3,/api/uploads/aviandco/products/rolex-daytona-126525ln-001-1-d8c9d545a9aeb24b.jpg,https://www.aviandco.com/rolex-daytona-126525ln-black-index-dial-126525ln-001
avi-rolex-daytona-126539tbr-silver-dial-126539tbr-001,mismatch,name;reference,"Rolex Daytona 126539TBR, 18K White Gold, Silver Diamond Dial, Oysterflex Bracelet, 40 mm",Rolex Daytona,Rolex,NULL,NULL,126539TBR,168400,168400.0,3,3,/api/uploads/aviandco/products/rolex-daytona-40-126539tbr-001-1-8d621410efe4f7c3.jpg,https://www.aviandco.com/rolex-daytona-126539tbr-silver-dial-126539tbr-001
avi-rolex-daytona-126555tbr-brown-giraffe-diamond-dial-126555t,mismatch,name;price;reference,"Rolex Daytona 126555TBR, 18K Rose Gold, Brown ""Giraffe"" Diamond Dial, Oysterflex Bracelet, 40 mm",Rolex Daytona,Rolex,NULL,NULL,126555TBR,0,271300.0,3,3,/api/uploads/aviandco/products/rolex-daytona-126555tbr-001-1-1-989b92c73c3186f5.jpg,https://www.aviandco.com/rolex-daytona-126555tbr-brown-giraffe-diamond-dial-126555tbr-005
avi-rolex-daytona-126576tbr-pave-diamond-dial-126576tbr-001,mismatch,name,"Rolex Daytona 126576TBR, Platinum, Pave Diamond Dial, Ascher Cut Bezel",There has been an error processing your request,Rolex,NULL,NULL,,0,0,3,0,/api/uploads/aviandco/products/rolex-daytona-126576tbr-001-1-1-eda2029cdbb88ae7.jpg,https://www.aviandco.com/rolex-daytona-126576tbr-pave-diamond-dial-126576tbr-001
avi-rolex-daytona-126579rbr-mother-of-pearl-diamond-dial-g0126,mismatch,name;price;reference,"Rolex Daytona 126579RBR, 18K White Gold, Diamond Bezel, MOP Diamond Dial, 40 mm",Rolex Daytona,Rolex,NULL,NULL,126579RBR,0,107200.0,3,3,/api/uploads/aviandco/products/rolex-daytona-126579rbr-001-1-9e0ca1c11e28dcc3.jpg,https://www.aviandco.com/rolex-daytona-126579rbr-mother-of-pearl-diamond-dial-g0126579rbr-001
avi-rolex-daytona-126589rbr-mother-of-pearl-diamond-dial-12658,mismatch,name;reference,"Rolex Daytona 126589RBR, 18K White Gold, MOP Diamond Dial, 40 mm",Rolex Daytona,Rolex,NULL,NULL,126589RBR,97000,97000.0,3,3,/api/uploads/aviandco/products/126589rbr-001-1-2cab9dfdc5ee7f80.jpg,https://www.aviandco.com/rolex-daytona-126589rbr-mother-of-pearl-diamond-dial-126589rbr-001
avi-rolex-daytona-126595tbr-sundust-diamond-dia-126595tbr-001,mismatch,name;price;reference,"Rolex Daytona 126595TBR, 18K Rose Gold, Diamond Bezel, Sundust Diamond Dial, 40 mm",Rolex Daytona,Rolex,NULL,NULL,126595TBR,0,196000.0,3,3,/api/uploads/aviandco/products/126595tbr-001-01-vs2-4ab5aa9fb79cde8c.jpg,https://www.aviandco.com/rolex-daytona-126595tbr-sundust-diamond-dia-126595tbr-001
avi-rolex-daytona-126598tbr-gold-sundust-dial-126598tbr-001,mismatch,name,"Rolex Daytona 126598TBR, 18K Yellow Gold, Gold Sundust Dial, Diamond Bezel, Oyster Bracelet, 40 mm",Rolex Daytona,Rolex,NULL,NULL,,196000,196000.0,3,3,/api/uploads/aviandco/products/rolex-daytona-126598tbr-001-1-ec81be4ac3df6d66.jpg,https://www.aviandco.com/rolex-daytona-126598tbr-gold-sundust-dial-126598tbr-001
avi-rolex-daytona-16588saro-pave-diamond-dial-16588saro-001,mismatch,name;price;reference,"Rolex Daytona 16588SARO, ""Barbie"", 18K Yellow Gold, Pink Sapphire Bezel, Pave Diamond Dial, 40 mm",Rolex Daytona,Rolex,NULL,NULL,16588SARO,0,459100.0,3,3,/api/uploads/aviandco/products/rolex-cosmograph-daytona-16588saro-001-1-e8b5f9b6d09c2d0f.jpg,https://www.aviandco.com/rolex-daytona-16588saro-pave-diamond-dial-16588saro-001
avi-rolex-daytona-aet-remould-picasso-various-acts-limited-edi,mismatch,name;reference,"Rolex Daytona Aet Remould x Picasso ""Various Acts"", Limited to 5 pcs, Sapphire, Openworked Dial, Yellow Bracelet, 40 mm",Rolex Daytona,Rolex,NULL,NULL,AET,76600,76600.0,3,3,/api/uploads/aviandco/products/rolex-daytona-aetr-001-1-4a9e66db20b77da3.jpg,https://www.aviandco.com/rolex-daytona-aet-remould-picasso-various-acts-limited-edition-openworked-dial-aetr-001
avi-rolex-daytona-big-red-6263-black-dial-6263-004,mismatch,name;reference,"Rolex Daytona 6263, ""Big Red"", Stainless Steel, Black Index Dial, Oyster Bracelet, 37 mm",Rolex Daytona,Rolex,NULL,NULL,6263,178600,178600.0,12,3,/api/uploads/aviandco/products/rolex-cosmograph-daytona-6263-002-1-4d7e50ed39661623.jpg,https://www.aviandco.com/rolex-daytona-big-red-6263-black-dial-6263-004
avi-rolex-daytona-eye-of-the-tiger-116589tbr-black-and-silver-,mismatch,name;price;reference,"Rolex Daytona 116589TBR, ""Eye Of The Tiger"", 18K White Gold, Diamond Bezel, Black and Silver Diamond Dial, Oysterflex Bracelet, 40 mm",Rolex Daytona,Rolex,NULL,NULL,116589TBR,0,244900.0,3,3,/api/uploads/aviandco/products/rolex-daytona-116589tbr-001-1-1-7212f7c114a2346c.jpg,https://www.aviandco.com/rolex-daytona-eye-of-the-tiger-116589tbr-black-and-silver-diamond-dial-116589tbr-001
avi-rolex-daytona-le-mans-126529ln-black-dial-126529ln-001,mismatch,name;price;reference,"Rolex Daytona 126529LN, ""Le Mans"", 18K White Gold, Black Dial, Oyster Bracelet, 40 mm",Rolex Daytona,Rolex,NULL,NULL,126529LN,0,229600.0,5,3,/api/uploads/aviandco/products/rolex-daytona-126529ln-001-1-e934746a2bb888ca.jpg,https://www.aviandco.com/rolex-daytona-le-mans-126529ln-black-dial-126529ln-001
avi-rolex-deepsea-136660-blue-dial-13660-001,mismatch,name;reference,"Rolex Sea-Dweller 136660, Stainless Steel, Deepsea Blue Dial, 44 mm",Rolex Sea-Dweller,Rolex,NULL,NULL,136660,19000,19000.0,7,3,/api/uploads/aviandco/products/116660-002-1-2-1-12df162d508ee423.jpg,https://www.aviandco.com/rolex-deepsea-136660-blue-dial-13660-001
avi-rolex-deepsea-136668lb-blue-dial-136668lb-003,mismatch,name;price;reference,"Rolex Deepsea 136668LB, 18K Yellow Gold, Blue Dial, Oyster Bracelet, 44mm",Rolex Deepsea,Rolex,NULL,NULL,136668LB,68400,66400.0,3,3,/api/uploads/aviandco/products/rolex-deepsea-136668lb-001-1-2-5d3e9482a4082340.jpg,https://www.aviandco.com/rolex-deepsea-136668lb-blue-dial-136668lb-003
avi-rolex-deepsea-136668lb-blue-index-dial-136668lb-004,mismatch,name;reference,"Rolex Deepsea 136668LB, 18K Yellow Gold, Blue Index Dial, Oyster Bracelet, 44mm",Rolex Deepsea,Rolex,NULL,NULL,136668LB,68400,68400.0,3,3,/api/uploads/aviandco/products/rolex-deepsea-136668lb-001-1-2-1-94ae77eed64bb6c6.jpg,https://www.aviandco.com/rolex-deepsea-136668lb-blue-index-dial-136668lb-004
avi-rolex-explorer-214270-black-dial-g0214270-001,mismatch,name;reference,"Rolex Explorer 214270, Stainless Steel, Black Dial, Oyster Bracelet, 39 mm",Rolex Explorer,Rolex,NULL,NULL,214270,11300,11300.0,3,3,/api/uploads/aviandco/products/rexp07004--1-360-1-a1bb17b5aa3473c1.jpg,https://www.aviandco.com/rolex-explorer-214270-black-dial-g0214270-001
avi-rolex-explorer-224270-black-dial-g0224270-001,mismatch,name;reference,"Rolex Explorer 224270, Oyster, Steel, Black Dial, 40 mm",Rolex Explorer,Rolex,NULL,NULL,224270,11500,11500.0,3,3,/api/uploads/aviandco/products/224270-rolex-explorer-40-f3c2b426239c1b53.png,https://www.aviandco.com/rolex-explorer-224270-black-dial-g0224270-001
avi-rolex-explorer-ii-16570-black-dial-16570-001,mismatch,name;price;reference,"Rolex Explorer II 16570, Oyster, Steel, Black Index Dial, 40 mm",Rolex Explorer II,Rolex,NULL,NULL,16570,0,8900.0,3,3,/api/uploads/aviandco/products/rolex-explorer-ii-16570-001-1-cc525f16e06d47c4.jpg,https://www.aviandco.com/rolex-explorer-ii-16570-black-dial-16570-001
avi-rolex-explorer-ii-216570-back-dial-216570-001,mismatch,name;reference,"Rolex Explorer II 216570, Stainless Steel, Black Index Dial, 42 mm",Rolex Explorer II,Rolex,NULL,NULL,216570,12900,12900.0,3,3,/api/uploads/aviandco/products/rexp07020--1-50-1-1-fedb5be6cd6a9c5e.jpg,https://www.aviandco.com/rolex-explorer-ii-216570-back-dial-216570-001
avi-rolex-explorer-ii-216570-white-dial-216570-002,mismatch,name;reference,"Rolex Explorer II 216570, Stainless Steel, White Dial, 42 mm",Rolex Explorer II,Rolex,NULL,NULL,216570,13800,13800.0,3,3,/api/uploads/aviandco/products/rexp07002--1-60-2-1-40de8d83c85188fa.jpg,https://www.aviandco.com/rolex-explorer-ii-216570-white-dial-216570-002
avi-rolex-explorer-ii-226570-black-index-dial-226570-009,mismatch,name;reference,"Rolex Explorer II 226570, Stainless Steel, Black Index Dial, Oyster Bracelet, 42 mm (2026)",Rolex Explorer II,Rolex,NULL,NULL,226570,13800,13800.0,3,3,/api/uploads/aviandco/products/rolex-explorer-ii-226570-003-1-f6ef3dc57a6ebf2c.jpg,https://www.aviandco.com/rolex-explorer-ii-226570-black-index-dial-226570-009
avi-rolex-explorer-ii-226570-white-index-dial-226570-008,mismatch,name;reference,"Rolex Explorer II 226570, Stainless Steel, White Index Dial, Oyster Bracelet, 42 mm (2026)",Rolex Explorer II,Rolex,NULL,NULL,226570,14800,14800.0,3,3,/api/uploads/aviandco/products/rolex-explorer-ii-226570-008-1-bdd0dbf49645318b.jpg,https://www.aviandco.com/rolex-explorer-ii-226570-white-index-dial-226570-008
avi-rolex-gmt-master-1675-black-index-dial-1675-001,mismatch,name;reference,"Rolex GMT-Master 1675, ""Pepsi"", Stainless Steel, Black Index Dial, Oyster Bracelet, 40 mm",Rolex GMT-Master,Rolex,NULL,NULL,1675,35800,35800.0,3,3,/api/uploads/aviandco/products/rolex-gmt-master-1675-001-1-ee21a23de3f07e41.jpg,https://www.aviandco.com/rolex-gmt-master-1675-black-index-dial-1675-001
avi-rolex-gmt-master-16750-black-index-dial-16750-001,mismatch,name;price;reference,"Rolex GMT-Master 16750, ""Pepsi"", Stainless Steel, Black Dial, Jubilee Bracelet, 40 mm",Rolex GMT-Master,Rolex,NULL,NULL,16750,19400,18400.0,12,3,/api/uploads/aviandco/products/rolex-gmt-master-16750-001-1-1-fbe5692bcef3f846.jpg,https://www.aviandco.com/rolex-gmt-master-16750-black-index-dial-16750-001
avi-rolex-gmt-master-ii-116710ln-black-index-dial-116710ln-008,mismatch,name;reference,"Rolex GMT-Master II 116710LN, Stainless Steel, Black Index Dial, Oyster Bracelet, 40 mm",Rolex GMT-Master II,Rolex,NULL,NULL,116710LN,12800,12800.0,8,3,/api/uploads/aviandco/products/116710ln-002-1-1-3-1-1-1-1f481741e8736da4.jpg,https://www.aviandco.com/rolex-gmt-master-ii-116710ln-black-index-dial-116710ln-008
avi-rolex-gmt-master-ii-116710ln-black-index-dial-116710ln-009,mismatch,name;reference,"Rolex GMT-Master II 116710LN, Stainless Steel, Black Index Dial, Oyster Bracelet, 40 mm",Rolex GMT-Master II,Rolex,NULL,NULL,116710LN,13800,13800.0,3,3,/api/uploads/aviandco/products/116710ln-002-1-1-3-1-1-1-1-7767e1f07a1d636c.jpg,https://www.aviandco.com/rolex-gmt-master-ii-116710ln-black-index-dial-116710ln-009
avi-rolex-gmt-master-ii-116718ln-green-dial-116718ln-002,mismatch,name;reference,"Rolex GMT-Master II 116718LN, 18K Yellow Gold, Green Dial, 40 mm",Rolex GMT-Master II,Rolex,NULL,NULL,116718LN,52900,52900.0,4,3,/api/uploads/aviandco/products/rolex-gmt-master-ii-116718ln-1-2-59fbc2910de41e25.jpg,https://www.aviandco.com/rolex-gmt-master-ii-116718ln-green-dial-116718ln-002
avi-rolex-gmt-master-ii-116748saru-black-dial-116748saru-001,mismatch,name;price;reference,"Rolex GMT-Master II 116748SARU, 18K Yellow Gold, Diamond Bezel, Black Dial, 40 mm",Rolex GMT-Master II,Rolex,NULL,NULL,116748SARU,0,102500.0,3,3,/api/uploads/aviandco/products/rgm207028--1-385-1-c38d9bb9c439441e.jpg,https://www.aviandco.com/rolex-gmt-master-ii-116748saru-black-dial-116748saru-001
avi-rolex-gmt-master-ii-116759sa-pave-diamond-dial-116759sa-00,mismatch,name;reference;image_count,"Rolex GMT-Master II 116759SA, 18K White Gold, Sapphire And Diamond Bezel, Pave Diamond Dial, Oyster Bracelet, 40 mm",Rolex GMT-Master II,Rolex,NULL,NULL,116759SA,148000,148000.0,1,3,/api/uploads/aviandco/products/rolex-gmt-master-ii-116759sa-001-1-969b116597d5b06c.jpg,https://www.aviandco.com/rolex-gmt-master-ii-116759sa-pave-diamond-dial-116759sa-001
avi-rolex-gmt-master-ii-116759sanr-pave-diamond-dial-g0116759s,mismatch,name;price;reference,"Rolex GMT-Master II 116759SANR, 18K White Gold, Diamond Bezel, Pave Diamond Dial, 40 mm",Rolex GMT-Master II,Rolex,NULL,NULL,116759SANR,0,113500.0,3,3,/api/uploads/aviandco/products/rolex-gmt-master-ii-116759sanr-01-1-92c92707c7028516.jpg,https://www.aviandco.com/rolex-gmt-master-ii-116759sanr-pave-diamond-dial-g0116759sanr-001
avi-rolex-gmt-master-ii-116759saru-pave-diamond-dial-116759sar,mismatch,name;price,"Rolex GMT-Master II 116759SARU, 18K White Gold, Diamond Bezel. Pave Diamond Dial, 40 mm",Rolex GMT-Master II,Rolex,NULL,NULL,,0,176820.0,3,3,/api/uploads/aviandco/products/116759saru-002-18d44067af29e8a1.jpg,https://www.aviandco.com/rolex-gmt-master-ii-116759saru-pave-diamond-dial-116759saru-002
avi-rolex-gmt-master-ii-126710blnr-black-dial-116710blnr-008,mismatch,name;reference,"Rolex GMT-Master II 116710BLNR, ""Batman"", Stainless Steel, Black Index Dial, Oyster Bracelet, 40 mm",Rolex GMT-Master II,Rolex,NULL,NULL,116710BLNR,15200,15200.0,4,3,/api/uploads/aviandco/products/116710blnr-004-1-1-899a722a636304d9.jpg,https://www.aviandco.com/rolex-gmt-master-ii-126710blnr-black-dial-116710blnr-008
avi-rolex-gmt-master-ii-126710blro-pepsi-black-dial-126710blro,mismatch,name;reference,"Rolex GMT-Master II 126710BLRO, ""Pepsi"", Stainless Steel, Black Index Dial, Oyster Bracelet, 40 mm",Rolex GMT-Master II,Rolex,NULL,NULL,126710BLRO,35800,35800.0,9,3,/api/uploads/aviandco/products/126710blro-005-1-1-1-1-1-2-db5f25e320c0a8ef.jpg,https://www.aviandco.com/rolex-gmt-master-ii-126710blro-pepsi-black-dial-126710blro-018
avi-rolex-gmt-master-ii-126710grnr-black-dial-126710rnr-034,mismatch,name;reference,"Rolex GMT-Master II 126710GRNR, ""Bruce Wayne"", Stainless Steel, Black Dial, Jubilee Bracelet, 40 mm",Rolex GMT-Master II,Rolex,NULL,NULL,126710GRNR,24500,24500.0,3,3,/api/uploads/aviandco/products/rolex-gmt-ii-126710grnr-003-1-3-1-1-848dc2c8f9ee45e9.jpg,https://www.aviandco.com/rolex-gmt-master-ii-126710grnr-black-dial-126710rnr-034
avi-rolex-gmt-master-ii-126710grnr-black-dial-g0126710rnr-spy-,mismatch,name;price;reference,"Rolex GMT-Master II 126710GRNR, ""Bruce Wayne"", Stainless Steel, Black Dial, Oyster Bracelet, 40 mm",Rolex GMT-Master II,Rolex,NULL,NULL,126710GRNR,0,24500.0,3,3,/api/uploads/aviandco/products/rolex-gmt-master-ii-126710blnr-spy-001-1-cdd4b9ae9a5144b2.jpg,https://www.aviandco.com/rolex-gmt-master-ii-126710grnr-black-dial-g0126710rnr-spy-001
avi-rolex-gmt-master-ii-126711chnr-black-dial-126711chnr-008,mismatch,name;reference,"Rolex GMT-Master II 126711CHNR, ""Root Beer"", Stainless Steel & 18K Rose Gold, Black Dial, Oyster Bracelet, 40 mm",Rolex GMT-Master II,Rolex,NULL,NULL,126711CHNR,21500,21500.0,11,3,/api/uploads/aviandco/products/126711chnr-002-1-7-3a241c265bed46e9.jpg,https://www.aviandco.com/rolex-gmt-master-ii-126711chnr-black-dial-126711chnr-008
avi-rolex-gmt-master-ii-126713grnr-black-dial-126713grnr-009,mismatch,name;price;reference,"Rolex GMT-Master II 126713GRNR, Stainless Steel & 18K Yellow Gold, Black Dial, Jubilee Bracelet, 40 mm",Rolex GMT-Master II,Rolex,NULL,NULL,126713GRNR,24500,24000.0,3,3,/api/uploads/aviandco/products/126713grnr-9-2-1-ef88dd6bf8b5139c.jpg,https://www.aviandco.com/rolex-gmt-master-ii-126713grnr-black-dial-126713grnr-009
avi-rolex-gmt-master-ii-126713grnr-black-index-dial-126713grnr,mismatch,name;reference,"Rolex GMT-Master II 126713GRNR, Stainless Steel & 18K Yellow Gold, Black Index Dial, Jubilee Bracelet, 40 mm",Rolex GMT-Master II,Rolex,NULL,NULL,126713GRNR,25000,25000.0,9,3,/api/uploads/aviandco/products/126713grnr-9-2-1-1-4ba4b9368944ec57.jpg,https://www.aviandco.com/rolex-gmt-master-ii-126713grnr-black-index-dial-126713grnr-010
avi-rolex-gmt-master-ii-126715chnr-black-dial-126715chnr-009,mismatch,name;price;reference,"Rolex GMT-Master II 126715CHNR, ""Root Beer"", 18K Rose Gold, Black Dial, Oyster Bracelet,40 mm",Rolex GMT-Master II,Rolex,NULL,NULL,126715CHNR,41900,40900.0,9,3,/api/uploads/aviandco/products/126715chnr-003-1-2-1-1-1-8b4e4ce9cf4c87f0.jpg,https://www.aviandco.com/rolex-gmt-master-ii-126715chnr-black-dial-126715chnr-009
avi-rolex-gmt-master-ii-126715chnr-black-dial-126715chnr-011,mismatch,name;reference,"Rolex GMT-Master II 126715CHNR, ""Root Beer"", 18K Rose Gold, Black Dial, Oyster Bracelet, 40 mm",Rolex GMT-Master II,Rolex,NULL,NULL,126715CHNR,42900,42900.0,3,3,/api/uploads/aviandco/products/rolex-gmt-master-ii-126715chnr-004-1-1-1-4979a4e4a0aedf97.jpg,https://www.aviandco.com/rolex-gmt-master-ii-126715chnr-black-dial-126715chnr-011
avi-rolex-gmt-master-ii-126715chnr-black-index-dial-126715chnr,mismatch,name;reference,"Rolex GMT-Master II 126715CHNR, ""Root Beer"", 18K Rose Gold, Black Index Dial, Oyster Bracelet, 40 mm",Rolex GMT-Master II,Rolex,NULL,NULL,126715CHNR,48500,48500.0,10,3,/api/uploads/aviandco/products/126715chnr-003-1-2-1-1-1-1-40f4d79a87520a1c.jpg,https://www.aviandco.com/rolex-gmt-master-ii-126715chnr-black-index-dial-126715chnr-012
avi-rolex-gmt-master-ii-126715chnr-tiger-iron-dial-g0126715chn,mismatch,name;price;reference,"Rolex GMT-Master II 126715CHNR, Rose Gold, Tiger Iron Dial, Oyster Bracelet, 40 mm",Rolex GMT-Master II,Rolex,NULL,NULL,126715CHNR,0,115000.0,3,3,/api/uploads/aviandco/products/rolex-gmt-master-ii-g0126715chnr-001-1-b852a352d0a667f8.jpg,https://www.aviandco.com/rolex-gmt-master-ii-126715chnr-tiger-iron-dial-g0126715chnr-001
avi-rolex-gmt-master-ii-126718grnr-black-dial-g0126718grnr-001,mismatch,name;reference,"Rolex GMT-Master II 126718GRNR, Jubilee, 18K Yellow Gold, Black Dial, 40 mm",Rolex GMT-Master II,Rolex,NULL,NULL,126718GRNR,51400,51400.0,3,3,/api/uploads/aviandco/products/rolex-gmt-master-ii-126718grnr-4af9997a29f9bf42.png,https://www.aviandco.com/rolex-gmt-master-ii-126718grnr-black-dial-g0126718grnr-001
avi-rolex-gmt-master-ii-126719blro-meteorite-dial-126719blro-0,mismatch,name;reference,"Rolex GMT-Master II 126719BLRO, 18K White Gold, Meteorite Dial, 40 mm",Rolex GMT-Master II,Rolex,NULL,NULL,126719BLRO,69400,69400.0,3,3,/api/uploads/aviandco/products/rolex-gmt-master-ii-126719-pepsi-meteorite-1-1-1-2-1-adced2093b7ca413.jpg,https://www.aviandco.com/rolex-gmt-master-ii-126719blro-meteorite-dial-126719blro-011
avi-rolex-gmt-master-ii-126720vtnr-black-dial-126720vtnr-006,mismatch,name;reference,"Rolex GMT-Master II 126720VTNR, ""Sprite"", Stainless Steel, Black Dial, Jubilee Bracelet, 40 mm",Rolex GMT-Master II,Rolex,NULL,NULL,126720VTNR,20400,20400.0,12,3,/api/uploads/aviandco/products/rolex-gmt-master-ii-sprite-1-1-b572923dc02a2e45.jpg,https://www.aviandco.com/rolex-gmt-master-ii-126720vtnr-black-dial-126720vtnr-006
avi-rolex-gmt-master-ii-126720vtnr-black-dial-126720vtnr-011,mismatch,name;price;reference,"Rolex GMT-Master II 126720VTNR, ""Sprite"", Stainless Steel, Black Dial, Jubilee Bracelet, 40 mm",Rolex GMT-Master II,Rolex,NULL,NULL,126720VTNR,18900,18600.0,3,3,/api/uploads/aviandco/products/rolex-gmt-master-ii-sprite-1-1-1-08841457083b015d.jpg,https://www.aviandco.com/rolex-gmt-master-ii-126720vtnr-black-dial-126720vtnr-011
avi-rolex-gmt-master-ii-126720vtnr-black-dial-126720vtnr-012,mismatch,name;reference,"Rolex GMT-Master II 126720VTNR, ""Sprite"", Stainless Steel, Black Dial, Oyster Bracelet, 40 mm",Rolex GMT-Master II,Rolex,NULL,NULL,126720VTNR,18400,18400.0,3,3,/api/uploads/aviandco/products/rolex-gmt-master-ii-126720vtnr-008-1-2-ee1fb942e2ec71c5.jpg,https://www.aviandco.com/rolex-gmt-master-ii-126720vtnr-black-dial-126720vtnr-012
avi-rolex-gmt-master-ii-126720vtnr-black-index-dial-126720vtnr,mismatch,name;reference,"Rolex GMT-Master II 126720VTNR, ""Sprite"", Stainless Steel, Black Index Dial, Jubilee Bracelet, 40 mm",Rolex GMT-Master II,Rolex,NULL,NULL,126720VTNR,18900,18900.0,12,3,/api/uploads/aviandco/products/rolex-gmt-master-ii-sprite-1-1-1-1-e84695256af9548a.jpg,https://www.aviandco.com/rolex-gmt-master-ii-126720vtnr-black-index-dial-126720vtnr-013
avi-rolex-gmt-master-ii-126755saru-black-dial-126755saru-006,mismatch,name;price;reference,"Rolex GMT-Master II 126755SARU, 18K Rose Gold, Black Dial, Oyster Bracelet, 40 mm",Rolex GMT-Master II,Rolex,NULL,NULL,126755SARU,148000,142900.0,10,3,/api/uploads/aviandco/products/rolex-gmt-master-ii-126755saru-006-1-072ee102273f54bf.jpg,https://www.aviandco.com/rolex-gmt-master-ii-126755saru-black-dial-126755saru-006
avi-rolex-gmt-master-ii-126755saru-pave-dial-126755saru-005,mismatch,name;price;reference,"Rolex GMT-Master II 126755SARU, 18K Rose Gold, Pave Diamond Dial, Pave Oyster Bracelet, 40 mm",Rolex GMT-Master II,Rolex,NULL,NULL,126755SARU,0,229600.0,3,3,/api/uploads/aviandco/products/rolex-gmt-master-ii-126755saru-pave-diamond-1-1-2-00863dc93a54ae82.jpg,https://www.aviandco.com/rolex-gmt-master-ii-126755saru-pave-dial-126755saru-005
avi-rolex-gmt-master-ii-16710-black-index-dial-16710-001,mismatch,name;price;reference,"Rolex GMT-Master II 16710, ""Pepsi"", Stainless Steel, Black Dial, 40 mm",Rolex GMT-Master II,Rolex,NULL,NULL,16710,19400,17900.0,10,3,/api/uploads/aviandco/products/16710-001-1-1-5edc6c7d372cf92b.jpg,https://www.aviandco.com/rolex-gmt-master-ii-16710-black-index-dial-16710-001
avi-rolex-gmt-master-ii-16710-black-index-dial-16710-004,mismatch,name;reference,"Rolex GMT-Master II 16710, Stainless Steel, Black Index Dial, Oyster Bracelet, 40 mm",Rolex GMT-Master II,Rolex,NULL,NULL,16710,14800,14800.0,12,3,/api/uploads/aviandco/products/rolex-gmt-master-ii-16710-004-1-b6a5d9ad9306ff37.jpg,https://www.aviandco.com/rolex-gmt-master-ii-16710-black-index-dial-16710-004
avi-rolex-gmt-master-ii-16710t-black-index-dial-16710t-001,mismatch,name;price;reference,"Rolex GMT-Master II 16710T, ""Coke"", Stainless Steel, Black Index Dial, Oyster Bracelet, 40 mm",Rolex GMT-Master II,Rolex,NULL,NULL,16710T,0,13300.0,3,3,/api/uploads/aviandco/products/rolex-gmt-master-ii-16710t-001-1-e7bfae3a31f78246.jpg,https://www.aviandco.com/rolex-gmt-master-ii-16710t-black-index-dial-16710t-001
avi-rolex-gmt-master-ii-batman-126710blnr-black-dial-126710bln,mismatch,name;reference,"Rolex GMT-Master II 126710BLNR, ""Batman"", Stainless Steel, Black Index Dial, Oyster Bracelet, 40 mm",Rolex GMT-Master II,Rolex,NULL,NULL,126710BLNR,16400,16400.0,3,3,/api/uploads/aviandco/products/126710blnr-032-1-19d94eb1f453aa51.jpg,https://www.aviandco.com/rolex-gmt-master-ii-batman-126710blnr-black-dial-126710blnr-037
avi-rolex-gmt-master-ii-batman-126710blnr-black-index-dial-126,mismatch,name;reference,"Rolex GMT-Master II 126710BLNR, ""Batman"", Stainless Steel, Black Index Dial, Oyster Bracelet, 40 mm",Rolex GMT-Master II,Rolex,NULL,NULL,126710BLNR,17900,17900.0,3,3,/api/uploads/aviandco/products/rolex-gmt-master-ii-126710blnr-044-1-2046e4fa772dc528.jpg,https://www.aviandco.com/rolex-gmt-master-ii-batman-126710blnr-black-index-dial-126710blnr-044
avi-rolex-lady-datejust-178240-pink-dial-178240-001,mismatch,name,"Rolex Datejust 31 178240, Steel, Pink Roman Dial, 31 mm",There has been an error processing your request,Rolex,NULL,NULL,,0,0,9,0,/api/uploads/aviandco/products/rolex-lady-datejust-178240-pink-1-668520f025bb5a4a.jpg,https://www.aviandco.com/rolex-lady-datejust-178240-pink-dial-178240-001
avi-rolex-lady-datejust-178341-chocolate-dial-178341-001,mismatch,name;price;reference,"Rolex Datejust 31 178341, Steel & 18K Rose Gold, Chocolate Diamond Roman VI Dial, 31 mm",Rolex Datejust 31,Rolex,NULL,NULL,178341,0,15700.0,3,3,/api/uploads/aviandco/products/rolex-lady-datejust-178341-chocolate-roman-diamond-vi-1-c38fbf3f6a5ddd9e.jpg,https://www.aviandco.com/rolex-lady-datejust-178341-chocolate-dial-178341-001
avi-rolex-lady-datejust-278241-chocolate-dial-g0278241-001,mismatch,name,"Rolex Datejust 31 278241, Oyster, Steel & 18K Rose Gold, Chocolate Diamond Dial, 31 mm",This site can’t be reached,Rolex,NULL,NULL,,0,0,3,0,/api/uploads/aviandco/products/278241-oyster-choc-diamond-dd7c47e4e45eebb4.png,https://www.aviandco.com/rolex-lady-datejust-278241-chocolate-dial-g0278241-001
avi-rolex-lady-datejust-278241-chocolate-dial-g0278241-003,mismatch,name,"Rolex Datejust 31 278241, Jubilee, Steel & 18K Rose Gold, Chocolate Roman VI Dial, 31 mm",This site can’t be reached,Rolex,NULL,NULL,,0,0,3,0,/api/uploads/aviandco/products/278241-chocolate-roman-jubilee-e15c7adc977c88f5.png,https://www.aviandco.com/rolex-lady-datejust-278241-chocolate-dial-g0278241-003
avi-rolex-lady-datejust-278241-purple-dial-g0278241,mismatch,name,"Rolex Datejust 31 278241, Oyster, Stainless Steel & 18K Rose Gold, Aubergine Roman Dial, 31 mm",This site can’t be reached,Rolex,NULL,NULL,,0,0,3,0,/api/uploads/aviandco/products/rolex-datejust-31-278241-purple-roman-80eeb85156d0b581.jpg,https://www.aviandco.com/rolex-lady-datejust-278241-purple-dial-g0278241
avi-rolex-lady-datejust-278241-rodium-dial-g0278241-002,mismatch,name;price;reference,"Rolex Datejust 31 278241, Oyster, Steel & 18K Rose Gold, Rhodium Index Dial, 31 mm",Rolex Datejust 31,Rolex,NULL,NULL,278241,0,20400.0,3,3,/api/uploads/aviandco/products/278241-oyster-rhodium-index-4bb1d57469ff2e83.png,https://www.aviandco.com/rolex-lady-datejust-278241-rodium-dial-g0278241-002
avi-rolex-lady-datejust-278241-rose-dial-g0278241-004,mismatch,name;price;reference,"Rolex Datejust 31 278241, Jubilee, Steel & 18K Rose Gold, Rose Roman Dial, 31 mm",Rolex Datejust 31,Rolex,NULL,NULL,278241,0,20400.0,3,3,/api/uploads/aviandco/products/278241-gold-roman-jubilee-f7d258594cea2c6b.jpg,https://www.aviandco.com/rolex-lady-datejust-278241-rose-dial-g0278241-004
avi-rolex-lady-datejust-278243-white-dial-g0278243-001,mismatch,name;reference,"Rolex Datejust 31 278243, Jubilee, Stainless Steel & Yellow Gold, White Roman Dial, 31 mm",Rolex Datejust 31,Rolex,NULL,NULL,278243,20400,20400.0,3,3,/api/uploads/aviandco/products/278243-1-81e0dd0cab01693e.jpg,https://www.aviandco.com/rolex-lady-datejust-278243-white-dial-g0278243-001
avi-rolex-lady-datejust-278271-chocolate-dial-g0278271-003,mismatch,name;reference,"Rolex Lady-Datejust 278271, Stainless Steel & 18K Rose Gold, Chocolate Diamond Dial, Jubilee Bracelet, 31 mm",Rolex Lady-Datejust,Rolex,NULL,NULL,278271,22900,22900.0,3,3,/api/uploads/aviandco/products/rolex-lady-datejust-278271-chocolate-diamond-1-0f8bc16a9ebfd55f.jpg,https://www.aviandco.com/rolex-lady-datejust-278271-chocolate-dial-g0278271-003
avi-rolex-lady-datejust-278271-chocolate-dial-g0278271-006,mismatch,name;reference,"Rolex Datejust 31 278271, Oyster Steel & 18K Rose Gold, Chocolate Roman VI Dial, 31 mm",Rolex Datejust 31,Rolex,NULL,NULL,278271,21000,21000.0,3,3,/api/uploads/aviandco/products/278271-oyster-choc-diamond-roman-b80af1dff42f24f8.jpg,https://www.aviandco.com/rolex-lady-datejust-278271-chocolate-dial-g0278271-006
avi-rolex-lady-datejust-278271-grey-roman-diamond-dial-278271-,mismatch,name;price;reference,"Rolex Datejust 31 278271, Steel & 18K Rose Gold, Grey Roman Diamond Dial, 31 mm",Rolex Datejust 31,Rolex,NULL,NULL,278271,0,19600.0,3,3,/api/uploads/aviandco/products/rolex-detejust-31-278271-014-1-d3459da0648dc19b.jpg,https://www.aviandco.com/rolex-lady-datejust-278271-grey-roman-diamond-dial-278271-014
avi-rolex-lady-datejust-278271-purple-dial-g0278271,mismatch,name;price;reference,"Rolex Datejust 31 278271, Oyster, Stainless Steel & 18K Rose Gold, Aubergine Roman Dial, 31 mm",Rolex Datejust 31,Rolex,NULL,NULL,278271,0,20398.98,3,3,/api/uploads/aviandco/products/rolex-datejust-31-278271-purple-roman-13f5f5a03fad62a4.jpg,https://www.aviandco.com/rolex-lady-datejust-278271-purple-dial-g0278271
avi-rolex-lady-datejust-278271-rhodium-dial-g0278271-002,mismatch,name;price;reference,"Rolex Datejust 31 278271, Jubilee, Steel & 18K Rose Gold, Rhodium Roman Dial, 31 mm",Rolex Datejust 31,Rolex,NULL,NULL,278271,0,21418.98,3,3,/api/uploads/aviandco/products/278271-rhodium-roman-jubilee-d0745c12fd214da8.jpg,https://www.aviandco.com/rolex-lady-datejust-278271-rhodium-dial-g0278271-002
avi-rolex-lady-datejust-278271-rose-dial-278271-006,mismatch,name,"Rolex Datejust 31 278271, Steel & 18K Rose Gold, Rose Index Dial, 31 mm",This site can’t be reached,Rolex,NULL,NULL,,0,0,3,0,/api/uploads/aviandco/products/rolex-lady-datejust-278271-rose-index-1-8dfec1529d449dc6.jpg,https://www.aviandco.com/rolex-lady-datejust-278271-rose-dial-278271-006
avi-rolex-lady-datejust-278271-rose-dial-g0278271-010,mismatch,name;reference,"Rolex Datejust 31 278271, Jubilee, Steel &18K Rose Gold, Rose Diamond Dial, 31 mm",Rolex Datejust 31,Rolex,NULL,NULL,278271,21800,21800.0,3,3,/api/uploads/aviandco/products/278271-gold-diamond-jubilee-e2c5701c1906f910.jpg,https://www.aviandco.com/rolex-lady-datejust-278271-rose-dial-g0278271-010
avi-rolex-lady-datejust-278271-silver-dial-g0278271-008,mismatch,name;reference,"Rolex Datejust 31 278271, Jubilee, Steel & 18K Rose Gold, Silver Diamond Dial, 31 mm",Rolex Datejust 31,Rolex,NULL,NULL,278271,20700,20700.0,3,3,/api/uploads/aviandco/products/278271-jubilee-silver-diamond-dial-395a5cbc9fa757e6.jpg,https://www.aviandco.com/rolex-lady-datejust-278271-silver-dial-g0278271-008
avi-rolex-lady-datejust-278271-silver-floral-dial-278271-005,mismatch,name;price;reference,"Rolex Datejust 31 278271, Steel & 18K Rose Gold, Silver Floral Motif Diamond Dial, 31 mm",Rolex Datejust 31,Rolex,NULL,NULL,278271,0,16399.0,12,3,/api/uploads/aviandco/products/rolex-lady-datejust-278271-silver-floral-diamond-1-b872d2a517118c0e.jpg,https://www.aviandco.com/rolex-lady-datejust-278271-silver-floral-dial-278271-005
avi-rolex-lady-datejust-278271-white-dial-g0278271-001,mismatch,name;reference,"Rolex Lady-Datejust 278271, Stainless Steel & 18K Rose Gold, White Roman Dial, Jubilee Bracelet, 31 mm",Rolex Lady-Datejust,Rolex,NULL,NULL,278271,20300,20300.0,3,3,/api/uploads/aviandco/products/rolex-lady-datejust-278271-1-67067f0863a19ff6.jpg,https://www.aviandco.com/rolex-lady-datejust-278271-white-dial-g0278271-001
avi-rolex-lady-datejust-278273-green-floral-motif-diamond-dial,mismatch,name;price;reference,"Rolex Datejust 31 278273, Jubilee, Steel & 18K Yellow Gold, Green Floral Motif Diamond Dial, 31 mm",Rolex Datejust 31,Rolex,NULL,NULL,278273,0,19500.0,3,3,/api/uploads/aviandco/products/278273-007-1-a90f1aeb0a234105.jpg,https://www.aviandco.com/rolex-lady-datejust-278273-green-floral-motif-diamond-dial-278273-007
avi-rolex-lady-datejust-278274-black-dial-rj3107030,mismatch,name;price;reference,"Rolex Datejust 31 278274, Stainless Steel, Black Index Dial, 31 mm",Rolex Datejust 31,Rolex,NULL,NULL,278274,0,11800.0,3,3,/api/uploads/aviandco/products/rolex-datejust-31-278274-1-cd17b976eb79de8e.jpg,https://www.aviandco.com/rolex-lady-datejust-278274-black-dial-rj3107030
avi-rolex-lady-datejust-278274-blue-dial-278274-014,mismatch,name;price;reference,"Rolex Datejust 31 278274, Steel, Azzurro Blue Floral Motif Dial, 31 mm",Rolex Datejust 31,Rolex,NULL,NULL,278274,0,17200.0,3,3,/api/uploads/aviandco/products/rolex-datejustlady31-278274-287076-240325-142836-1-1-152dad07f80631ea.jpg,https://www.aviandco.com/rolex-lady-datejust-278274-blue-dial-278274-014
avi-rolex-lady-datejust-278274-blue-dial-g0278274-004,mismatch,name;price;reference,"Rolex Datejust 31 278274, Jubilee, Steel, Blue Roman Dial, 31 mm",Rolex Datejust 31,Rolex,NULL,NULL,278274,0,18400.0,3,3,/api/uploads/aviandco/products/278274-blue-roman-jubilee-m278274-0034-8c8a5d874203db96.jpg,https://www.aviandco.com/rolex-lady-datejust-278274-blue-dial-g0278274-004
avi-rolex-lady-datejust-278274-blue-dial-g0278274-014,mismatch,name;price;reference,"Rolex Datejust 31 278274, Oyster, Steel, Blue Roman Dial, 31 mm",Rolex Datejust 31,Rolex,NULL,NULL,278274,0,18400.0,3,3,/api/uploads/aviandco/products/rolex-datejust-blue-roman-278274-4d36b37c1156123b.png,https://www.aviandco.com/rolex-lady-datejust-278274-blue-dial-g0278274-014
avi-rolex-lady-datejust-278274-dark-grey-dial-g0278274-011,mismatch,name;price;reference,"Rolex Datejust 31 278274, Stainless Steel, Dark Grey Diamond Dial, Jubilee Bracelet, 31 mm",Rolex Datejust 31,Rolex,NULL,NULL,278274,0,17999.0,3,3,/api/uploads/aviandco/products/278274-dark-grey-diamond-jubileer-d5a0c324bcba288e.jpg,https://www.aviandco.com/rolex-lady-datejust-278274-dark-grey-dial-g0278274-011
avi-rolex-lady-datejust-278274-g0278274-002,mismatch,name;reference,"Rolex Datejust 31 278274, Jubilee, Steel, Silver Diamond Dial, 31 mm",Rolex Datejust 31,Rolex,NULL,NULL,278274,18400,18400.0,3,3,/api/uploads/aviandco/products/278274-silver-diamond-jubilee-3a739e731cd5ea31.jpg,https://www.aviandco.com/rolex-lady-datejust-278274-g0278274-002
avi-rolex-lady-datejust-278274-green-dial-g0278274-010,mismatch,name,"Rolex Datejust 31 278274, Jubilee, Steel, Green Index Dial, 31 mm",This site can’t be reached,Rolex,NULL,NULL,,0,0,3,0,/api/uploads/aviandco/products/278274-green-index-jubilee-b31c4c436d680dff.jpg,https://www.aviandco.com/rolex-lady-datejust-278274-green-dial-g0278274-010
avi-rolex-lady-datejust-278274-grey-dial-g0278274-007,mismatch,name;price;reference,"Rolex Datejust 31 278274, Jubilee, Steel, Dark Grey Roman Dial, 31 mm",Rolex Datejust 31,Rolex,NULL,NULL,278274,0,17338.98,3,3,/api/uploads/aviandco/products/278274-dark-grey-roman-jubilee-bb4a13226b3d601b.jpg,https://www.aviandco.com/rolex-lady-datejust-278274-grey-dial-g0278274-007
avi-rolex-lady-datejust-278274-mop-dial-g0278274-012,mismatch,name;price,"Rolex Datejust 31 278274, Jubilee, Steel, MOP Diamond Dial, 31 mm",Rolex Datejust 31,Rolex,NULL,NULL,,0,20400.0,3,3,/api/uploads/aviandco/products/278274-mop-diamond-jubilee-e32f2816269590e5.jpg,https://www.aviandco.com/rolex-lady-datejust-278274-mop-dial-g0278274-012
avi-rolex-lady-datejust-278274-pink-dial-g0278274-001,mismatch,name;reference,"Rolex Datejust 31 278274, Jubilee, Steel, Pink Index Dial, 31 mm",Rolex Datejust 31,Rolex,NULL,NULL,278274,15400,15400.0,3,3,/api/uploads/aviandco/products/278274-pink-index-jubilee-6bcc779264bc3fad.jpg,https://www.aviandco.com/rolex-lady-datejust-278274-pink-dial-g0278274-001
avi-rolex-lady-datejust-278274-pink-dial-g0278274-005,mismatch,name;price;reference,"Rolex Datejust 31 278274, Jubilee, Steel, Pink Roman Dial, 31 mm",Rolex Datejust 31,Rolex,NULL,NULL,278274,0,17338.98,3,3,/api/uploads/aviandco/products/278274-pink-roman-jubilee-410da5bcba6fedcd.jpg,https://www.aviandco.com/rolex-lady-datejust-278274-pink-dial-g0278274-005
avi-rolex-lady-datejust-278274-pink-dial-g0278274-009,mismatch,name;price;reference,"Rolex Datejust 31 278274, Jubilee, Steel, Pink Diamond Roman VI Dial, 31 mm",Rolex Datejust 31,Rolex,NULL,NULL,278274,0,17100.0,3,3,/api/uploads/aviandco/products/278274-pink-vi-jubilee-diamond-roman-8fdce5326f07c711.jpg,https://www.aviandco.com/rolex-lady-datejust-278274-pink-dial-g0278274-009
avi-rolex-lady-datejust-278274-white-dial-g0278274-013,mismatch,name;price;reference,"Rolex Datejust 31 278274, Jubilee, Steel, White Roman Dial, 31 mm",Rolex Datejust 31,Rolex,NULL,NULL,278274,0,17338.98,3,3,/api/uploads/aviandco/products/278274-white-roman-jubilee-7b9bf909ad5fd4a4.jpg,https://www.aviandco.com/rolex-lady-datejust-278274-white-dial-g0278274-013
avi-rolex-lady-datejust-278275-mother-of-pearl-diamond-dial-27,mismatch,name;reference,"Rolex Datejust 278275, President, 18K Rose Gold, MOP Diamond Dial, 31 mm",Rolex Datejust,Rolex,NULL,NULL,278275,51800,51800.0,3,3,/api/uploads/aviandco/products/278275-002-1-820b72998b793953.jpg,https://www.aviandco.com/rolex-lady-datejust-278275-mother-of-pearl-diamond-dial-278275-002
avi-rolex-lady-datejust-278278-green-floral-diamond-dial-g0278,mismatch,name;price,"Rolex Datejust 278278, 18K Yellow Gold, Green Floral Diamond Dial, 31 mm",Rolex Datejust,Rolex,NULL,NULL,,0,44900.0,3,3,/api/uploads/aviandco/products/rolex-datejust-31-278278-004-1-1-f707db40bf7e95b6.jpg,https://www.aviandco.com/rolex-lady-datejust-278278-green-floral-diamond-dial-g0278278-004
avi-rolex-lady-datejust-278285rbr-chocolate-dial-g0278285rbr-0,mismatch,name;price;reference,"Rolex Datejust 31 278285RBR, Oyster, 18K Rose Gold, Diamond Bezel, Chocolate Diamond Dial, 31 mm",Rolex Datejust 31,Rolex,NULL,NULL,278285RBR,0,61198.98,3,3,/api/uploads/aviandco/products/278285rbr-chocolate-diamond-roman-f41afd79e75a2afc.png,https://www.aviandco.com/rolex-lady-datejust-278285rbr-chocolate-dial-g0278285rbr-003
avi-rolex-lady-datejust-278285rbr-mother-of-pearl-dial-g027828,mismatch,name;reference,"Rolex Datejust 31 278285RBR, Oyster, 18K Rose Gold, Diamond Bezel, MOP Diamond Dial, 31 mm",Rolex Datejust 31,Rolex,NULL,NULL,278285RBR,70900,70900.0,3,3,/api/uploads/aviandco/products/rolex-datejust-31-278285rbr-mop-dial-8872294b90e9d126.jpg,https://www.aviandco.com/rolex-lady-datejust-278285rbr-mother-of-pearl-dial-g0278285rbr
avi-rolex-lady-datejust-278285rbr-pave-butterfly-dial-g0278285,mismatch,name;price;reference,"Rolex Lady-Datejust 278285RBR, Oyster, 18K Rose Gold, Diamond Bezel, Diamond Pave Butterfly Dial, 31 mm",Rolex Lady-Datejust,Rolex,NULL,NULL,278285RBR,0,60000.0,3,3,/api/uploads/aviandco/products/rolex-lady-datejust-g0278285rbr-005-1-6631115a685cd2f4.jpg,https://www.aviandco.com/rolex-lady-datejust-278285rbr-pave-butterfly-dial-g0278285rbr-005
avi-rolex-lady-datejust-278285rbr-rhodium-dial-g0278285rbr-004,mismatch,name;price;reference,"Rolex Datejust 31 278285RBR, Oyster, 18K Rose Gold, Diamond Bezel, Roman Diamond Dial, 31 mm",Rolex Datejust 31,Rolex,NULL,NULL,278285RBR,0,61198.98,3,3,/api/uploads/aviandco/products/278285rbr-lady-datejust-rhodium-dial-eab91ec52431fb7b.png,https://www.aviandco.com/rolex-lady-datejust-278285rbr-rhodium-dial-g0278285rbr-004
avi-rolex-lady-datejust-278285rbr-rose-dial-g0278285rbr-001,mismatch,name;price;reference,"Rolex Datejust 31 278285RBR, Oyster, 18K Rose Gold, Diamond Bezel, Rose Diamond Dial, 31 mm",Rolex Datejust 31,Rolex,NULL,NULL,278285RBR,0,61198.98,3,3,/api/uploads/aviandco/products/278285rbr-rolex-datejust-8ff177c49e8d2e22.png,https://www.aviandco.com/rolex-lady-datejust-278285rbr-rose-dial-g0278285rbr-001
avi-rolex-lady-datejust-278285rbr-rose-dial-g0278285rbr-002,mismatch,name;price;reference,"Rolex Datejust 31 278285RBR, Oyster, 18K Rose Gold, Diamond Bezel, Chocolate Diamond Dial, 31 mm",Rolex Datejust 31,Rolex,NULL,NULL,278285RBR,0,61198.98,3,3,/api/uploads/aviandco/products/278285rbr-chocolate-diamond-64b5c4d281acbcb2.png,https://www.aviandco.com/rolex-lady-datejust-278285rbr-rose-dial-g0278285rbr-002
avi-rolex-lady-datejust-278341rbr-chocolate-dial-g0278341rbr,mismatch,name;price,"Rolex Datejust 31 278341RBR, Oyster, Stainless Steel & 18K Rose Gold, Chocolate Roman Dial, 31 mm",Rolex Datejust 31,Rolex,NULL,NULL,,0,30598.98,3,3,/api/uploads/aviandco/products/rolex-datejust-31-278341rbr-chocolate-roman-1-de193838c842a033.jpg,https://www.aviandco.com/rolex-lady-datejust-278341rbr-chocolate-dial-g0278341rbr
avi-rolex-lady-datejust-278341rbr-chocolate-dial-g0278341rbr-0,mismatch,name,"Rolex Datejust 31 278341RBR, Jubilee, Stainless Steel & 18K Rose Gold, Chocolate Roman Dial, 31 mm",This site can’t be reached,Rolex,NULL,NULL,,0,0,3,0,/api/uploads/aviandco/products/rolex-datejust-31-278341rbr-chocolate-jubilee-1-2ce4152ed7a745e8.jpg,https://www.aviandco.com/rolex-lady-datejust-278341rbr-chocolate-dial-g0278341rbr-003
avi-rolex-lady-datejust-278341rbr-mop-dial-g0278341rbr-005,mismatch,name;price;reference,"Rolex Datejust 31 278341RBR, Jubilee, Steel & 18K Rose Gold, MOP Diamond Dial, 31 mm",Rolex Datejust 31,Rolex,NULL,NULL,278341RBR,0,30598.98,3,3,/api/uploads/aviandco/products/278341rbr-mop-diamond-jubilee-c09555c000cdb27e.jpg,https://www.aviandco.com/rolex-lady-datejust-278341rbr-mop-dial-g0278341rbr-005
avi-rolex-lady-datejust-278341rbr-mother-of-pearl-dial-g027834,mismatch,name;price;reference,"Rolex Datejust 31 278341RBR, Oyster, Steel & 18K Rose Gold, MOP Diamond Dial, 31 mm",Rolex Datejust 31,Rolex,NULL,NULL,278341RBR,0,30598.98,3,3,/api/uploads/aviandco/products/rolex-datejust-31-278341rbr-mop-dial-4e9321e0628b7646.jpg,https://www.aviandco.com/rolex-lady-datejust-278341rbr-mother-of-pearl-dial-g0278341rbr-002
avi-rolex-lady-datejust-278341rbr-purple-dial-g0278341rbr-001,mismatch,name;price;reference,"Rolex Datejust 31 278341RBR, Oyster, Stainless Steel & 18K Rose Gold, Aubergine Roman Dial, 31 mm",Rolex Datejust 31,Rolex,NULL,NULL,278341RBR,0,30598.98,3,3,/api/uploads/aviandco/products/rolex-datejust-31-278341rbr-purple-roman-1--1-61148153637d33a6.jpg,https://www.aviandco.com/rolex-lady-datejust-278341rbr-purple-dial-g0278341rbr-001
avi-rolex-lady-datejust-278341rbr-silver-dial-g0278341rbr-004,mismatch,name;price,"Rolex Datejust 31 278341RBR, Oyster, Steel & 18K Rose Gold, Floral Motif Diamond Dial, 31 mm",Rolex Datejust 31,Rolex,NULL,NULL,,0,30598.98,3,3,/api/uploads/aviandco/products/278341rbr-silver-floral-motif-diamond-9588ee7d3653fd19.png,https://www.aviandco.com/rolex-lady-datejust-278341rbr-silver-dial-g0278341rbr-004
avi-rolex-lady-datejust-278381rbr-chocolate-dial-g0278381rbr-0,mismatch,name;price;reference,"Rolex Datejust 31 278381RBR, Jubilee, Steel & 18K Rose Gold, Diamond Bezel, Chocolate Roman Dial, 31 mm",Rolex Datejust 31,Rolex,NULL,NULL,278381RBR,0,30598.98,3,3,/api/uploads/aviandco/products/rolex-lady-datejust-4ba4efbd8be07fb4.png,https://www.aviandco.com/rolex-lady-datejust-278381rbr-chocolate-dial-g0278381rbr-004
avi-rolex-lady-datejust-278381rbr-rhodium-dial-g0278381rbr-003,mismatch,name;price;reference,"Rolex Datejust 31 278381RBR, Jubilee, Steel & 18K Rose Gold, Diamond Bezel, Diamond Roman Dial, 31 mm",Rolex Datejust 31,Rolex,NULL,NULL,278381RBR,0,30598.98,3,3,/api/uploads/aviandco/products/278381rbr-491be9f801877cd0.png,https://www.aviandco.com/rolex-lady-datejust-278381rbr-rhodium-dial-g0278381rbr-003
avi-rolex-lady-datejust-278381rbr-silver-dial-g0278381rbr-001,mismatch,name;price;reference,"Rolex Datejust 31 278381RBR, Jubilee, Steel & 18K Rose Gold, Diamond Bezel, Silver Diamond Dial, 31 mm",Rolex Datejust 31,Rolex,NULL,NULL,278381RBR,0,30598.98,3,3,/api/uploads/aviandco/products/datejust-31-silver-diamond-dial-278381rbr-jubilee-5727b900e431f798.jpg,https://www.aviandco.com/rolex-lady-datejust-278381rbr-silver-dial-g0278381rbr-001
avi-rolex-lady-datejust-278381rbr-silver-dial-g0278381rbr-002,mismatch,name;price;reference,"Rolex Datejust 31 278381RBR, Oyster, Steel & 18K Rose Gold, Diamond Bezel, Floral Motif Dial, 31 mm",Rolex Datejust 31,Rolex,NULL,NULL,278381RBR,0,30598.98,3,3,/api/uploads/aviandco/products/278381rbr-silver-floral-oyster-e0d2a968df90dd25.png,https://www.aviandco.com/rolex-lady-datejust-278381rbr-silver-dial-g0278381rbr-002
avi-rolex-lady-datejust-279160-dark-grey-dial-g0279160-003,mismatch,name,"Rolex Lady-Datejust 279160, Jubilee, Steel, Dark Grey Index Dial, 28 mm",This site can’t be reached,Rolex,NULL,NULL,,0,0,3,0,/api/uploads/aviandco/products/279160-dark-grey-index-fac67806a633fa71.jpg,https://www.aviandco.com/rolex-lady-datejust-279160-dark-grey-dial-g0279160-003
avi-rolex-lady-datejust-279160-pink-dial-g0279160-001,mismatch,name,"Rolex Lady-Datejust 279160, Jubilee, Steel, Pink Roman Dial, 28 mm",This site can’t be reached,Rolex,NULL,NULL,,12600,0,3,0,/api/uploads/aviandco/products/279160-pink-roman-2e2730f06aacc49c.jpg,https://www.aviandco.com/rolex-lady-datejust-279160-pink-dial-g0279160-001
avi-rolex-lady-datejust-279160-pink-dial-g0279160-002,mismatch,name;price;reference,"Rolex Lady-Datejust 279160, Oyster, Steel, Pink Roman Dial, 28 mm",Rolex Lady-Datejust,Rolex,NULL,NULL,279160,0,11300.0,3,3,/api/uploads/aviandco/products/279160-pink-roman-oyster-b71e7d6d8acfb26f.jpg,https://www.aviandco.com/rolex-lady-datejust-279160-pink-dial-g0279160-002
avi-rolex-lady-datejust-279160-silver-dial-g0279160,mismatch,name;price;reference,"Rolex Lady-Datejust 279160, Oyster, Stainless Steel, Silver Index Dial, 28 mm",Rolex Lady-Datejust,Rolex,NULL,NULL,279160,0,11218.98,3,3,/api/uploads/aviandco/products/279160-silver-index-dial-1--photoroom-png-photoroom-764e52522b18a9c6.png,https://www.aviandco.com/rolex-lady-datejust-279160-silver-dial-g0279160
avi-rolex-lady-datejust-279161-chocolate-dial-g0279161,mismatch,name;price;reference,"Rolex Lady-Datejust 279161, Stainless Steel & 18K Rose Gold, Brown Roman Dial, Oyster Bracelet, 28 mm",Rolex Lady-Datejust,Rolex,NULL,NULL,279161,0,200000.0,3,3,/api/uploads/aviandco/products/datejust-28-279161-brown-roman-105eddac620aae10.jpg,https://www.aviandco.com/rolex-lady-datejust-279161-chocolate-dial-g0279161
avi-rolex-lady-datejust-279161-green-dial-g0279161-001,mismatch,name;price;reference,"Rolex Lady-Datejust 279161, Stainless Steel & 18K Rose Gold, Olive Green Diamond Dial, Oyster Bracelet, 28 mm",Rolex Lady-Datejust,Rolex,NULL,NULL,279161,0,200000.0,3,3,/api/uploads/aviandco/products/279161-green-dial-0c0a6561977ea2a9.jpg,https://www.aviandco.com/rolex-lady-datejust-279161-green-dial-g0279161-001
avi-rolex-lady-datejust-279171-chocolate-dial-g0279171-002,mismatch,name;price;reference,"Rolex Lady-Datejust 279171, Stainless Steel & 18K Rose Gold, Chocolate Roman Dial, 28 mm",Rolex Lady-Datejust,Rolex,NULL,NULL,279171,0,18358.98,3,3,/api/uploads/aviandco/products/g0279171-002-716d1e999e445455.png,https://www.aviandco.com/rolex-lady-datejust-279171-chocolate-dial-g0279171-002
avi-rolex-lady-datejust-279171-chocolate-dial-g0279171-004,mismatch,name;price;reference,"Rolex Lady-Datejust 279171, Stainless Steel & 18K Rose Gold, Chocolate Index Dial, 28 mm",Rolex Lady-Datejust,Rolex,NULL,NULL,279171,0,18400.0,3,3,/api/uploads/aviandco/products/g0279171-004-591fd9deb5af3968.png,https://www.aviandco.com/rolex-lady-datejust-279171-chocolate-dial-g0279171-004
avi-rolex-lady-datejust-279171-chocolate-dial-g0279171-009,mismatch,name;price;reference,"Rolex Lady-Datejust 279271, Jubilee, Steel & 18K Rose Gold, Chocolate Diamond Star XI Dial, 28 mm",Rolex Lady-Datejust,Rolex,NULL,NULL,279171,0,19378.98,3,3,/api/uploads/aviandco/products/279171-jubilee-choc-star-diamond-8564dcbdd1c46bc1.jpg,https://www.aviandco.com/rolex-lady-datejust-279171-chocolate-dial-g0279171-009
avi-rolex-lady-datejust-279171-mother-of-pearl-dial-g0279171-0,mismatch,name;price;reference,"Rolex Lady-Datejust 279171, Jubilee, Steel & 18K Rose Gold, MOP Diamond Dial, 28 mm",Rolex Lady-Datejust,Rolex,NULL,NULL,279171,0,20200.0,3,3,/api/uploads/aviandco/products/rolex-lady-datejust-28-279171-948-90ad4c31f7100db5.jpg,https://www.aviandco.com/rolex-lady-datejust-279171-mother-of-pearl-dial-g0279171-008
avi-rolex-lady-datejust-279171-olive-green-dial-g0279171-005,mismatch,name;price,"Rolex Lady-Datejust 279171, Steel & 18K Rose Gold, Olive Green Diamond Dial, 28 mm",Rolex Lady-Datejust,Rolex,NULL,NULL,,0,20200.0,3,3,/api/uploads/aviandco/products/rolex-lady-datejust-28-279171-005-1-94aa2d5b6631df52.jpg,https://www.aviandco.com/rolex-lady-datejust-279171-olive-green-dial-g0279171-005
avi-rolex-lady-datejust-279171-rose-dial-g0279171-006,mismatch,name;price;reference,"Rolex Lady-Datejust 279171, Jubilee, Steel & 18K Rose Gold, Rose Star Dial, 28 mm",Rolex Lady-Datejust,Rolex,NULL,NULL,279171,0,19378.98,3,3,/api/uploads/aviandco/products/rolex-lady-datejust-28-279171-932-9c9889064e275d78.jpg,https://www.aviandco.com/rolex-lady-datejust-279171-rose-dial-g0279171-006
avi-rolex-lady-datejust-279171-rose-diamond-dial-279171-011,mismatch,name;price;reference,"Rolex Lady-Datejust 279171, Jubilee, Steel & 18K Rose Gold, Rose Diamond Dial, 28 mm",Rolex Lady-Datejust,Rolex,NULL,NULL,279171,0,16900.0,3,3,/api/uploads/aviandco/products/rolex-lady-datejust-28-279171-932-1-1e7509c8bebf9f1a.jpg,https://www.aviandco.com/rolex-lady-datejust-279171-rose-diamond-dial-279171-011
avi-rolex-lady-datejust-279171-white-dial-g0279171,mismatch,name;reference,"Rolex Lady-Datejust 279171, Stainless Steel & 18K Rose Gold, White Roman Dial, 28 mm",Rolex Lady-Datejust,Rolex,NULL,NULL,279171,16500,16500.0,3,3,/api/uploads/aviandco/products/rolex-datejust-28-279171-80cfadeac30806ca.jpg,https://www.aviandco.com/rolex-lady-datejust-279171-white-dial-g0279171
avi-rolex-lady-datejust-279173-champagne-dial-279173-5,mismatch,name;price;reference,"Rolex Lady-Datejust 279173, Steel & 18K Yellow Gold, Silver Index Dial, 28 mm",Rolex Lady-Datejust,Rolex,NULL,NULL,279173,0,15360.0,3,3,/api/uploads/aviandco/products/g0279173-005-af6343121f18cee6.jpg,https://www.aviandco.com/rolex-lady-datejust-279173-champagne-dial-279173-5
avi-rolex-lady-datejust-279174-grey-dial-g0279174-004,mismatch,name;price;reference,"Rolex Lady-Datejust 279174, Jubilee, Steel, Dark Grey Roman Dial, 28 mm",Rolex Lady-Datejust,Rolex,NULL,NULL,279174,0,16000.0,3,3,/api/uploads/aviandco/products/279174-datejust-28-dark-grey-roman-jubilee-84d48c5838f4e099.png,https://www.aviandco.com/rolex-lady-datejust-279174-grey-dial-g0279174-004
avi-rolex-lady-datejust-279174-grey-dial-g0279174-005,mismatch,name;reference,"Rolex Lady-Datejust 279174, Jubilee, Steel, Dark Grey Diamond Dial, 28 mm",Rolex Lady-Datejust,Rolex,NULL,NULL,279174,16000,16000.0,3,3,/api/uploads/aviandco/products/279174-grey-diamond-jubilee-b5d7ed55d0d83ce2.jpg,https://www.aviandco.com/rolex-lady-datejust-279174-grey-dial-g0279174-005
avi-rolex-lady-datejust-279174-mother-of-pearl-dial-g0279174-0,mismatch,name;price;reference,"Rolex Lady-Datejust 279174, Jubilee, Steel, MOP Diamond Dial, 28 mm",Rolex Lady-Datejust,Rolex,NULL,NULL,279174,0,16318.98,3,3,/api/uploads/aviandco/products/279174-jubilee-mop-diamond-2022b24665c84f7b.png,https://www.aviandco.com/rolex-lady-datejust-279174-mother-of-pearl-dial-g0279174-007
avi-rolex-lady-datejust-279174-pink-dial-g0279174-001,mismatch,name;reference,"Rolex Lady-Datejust 279174, Jubilee, Stainless Steel, Pink Roman Dial, 28 mm",Rolex Lady-Datejust,Rolex,NULL,NULL,279174,13900,13900.0,3,3,/api/uploads/aviandco/products/279174-pink-roman-dial-photoroom-png-photoroom-493217ded9a86681.png,https://www.aviandco.com/rolex-lady-datejust-279174-pink-dial-g0279174-001
avi-rolex-lady-datejust-279174-pink-dial-g0279174-002,mismatch,name;reference,"Rolex Lady-Datejust 279174, Jubilee, Steel, Pink Index Dial, 28 mm",Rolex Lady-Datejust,Rolex,NULL,NULL,279174,13900,13900.0,3,3,/api/uploads/aviandco/products/279174-datejust-28-pink-index-jubilee-aeaefef78f9c27b5.png,https://www.aviandco.com/rolex-lady-datejust-279174-pink-dial-g0279174-002
avi-rolex-lady-datejust-279174-pink-diamond-dial-279174-008,mismatch,name;price;reference,"Rolex Lady-Datejust 279174, Oyster, 18K White Gold, Pink Diamond Dial, 28 mm",Rolex Lady-Datejust,Rolex,NULL,NULL,279174,0,12800.0,3,3,/api/uploads/aviandco/products/279174-008-49bcb87baeebd72e.jpg,https://www.aviandco.com/rolex-lady-datejust-279174-pink-diamond-dial-279174-008
avi-rolex-lady-datejust-279174-silver-dial-g0279174-006,mismatch,name;price;reference,"Rolex Lady-Datejust 279174, Jubilee, Stainless Steel, Silver Roman Dial, 28mm",Rolex Lady-Datejust,Rolex,NULL,NULL,279174,0,15200.0,3,3,/api/uploads/aviandco/products/rolex-lady-datejust-28-279174-919-deb721c813135177.jpg,https://www.aviandco.com/rolex-lady-datejust-279174-silver-dial-g0279174-006
avi-rolex-lady-datejust-279178-champagne-diamond-dial-279178-0,mismatch,name;reference,"Rolex Datejust 28 279178, 18K Yellow Gold, Champagne Diamond Dial, Presidential Bracelet, 28 mm (2026)",Rolex Datejust 28,Rolex,NULL,NULL,279178,42400,42400.0,3,3,/api/uploads/aviandco/products/rolex-datejust-28-279178-005-1-66ee6c7441037ccf.jpg,https://www.aviandco.com/rolex-lady-datejust-279178-champagne-diamond-dial-279178-005
avi-rolex-lady-datejust-279178-champagne-index-dial-279178-004,mismatch,name;reference,"Rolex Datejust 28 279178, 18K Yellow Gold, Champagne Index Dial, Jubilee Bracelet, 28 mm",Rolex Datejust 28,Rolex,NULL,NULL,279178,42400,42400.0,3,3,/api/uploads/aviandco/products/279178-7fbaf1e8aeb1e244.jpg,https://www.aviandco.com/rolex-lady-datejust-279178-champagne-index-dial-279178-004
avi-rolex-lady-datejust-279381rbr-chocoate-dial-279381rbr-006,mismatch,name;price;reference,"Rolex Lady-Datejust 279381RBR, Jubilee, Steel & 18K Rose Gold, Chocolate Star Diamond Dial, 28 mm",Rolex Lady-Datejust,Rolex,NULL,NULL,279381RBR,0,27900.0,3,3,/api/uploads/aviandco/products/rolex-datejust-28-279381rbr-006-1-b3453576c4acc323.jpg,https://www.aviandco.com/rolex-lady-datejust-279381rbr-chocoate-dial-279381rbr-006
avi-rolex-lady-datejust-279381rbr-chocolate-dial-g0279381rbr,mismatch,name;price;reference,"Rolex Lady-Datejust 279381RBR, Jubilee, Stainless Steel & 18K Rose Gold, Chocolate Diamond Dial, 28 mm",Rolex Lady-Datejust,Rolex,NULL,NULL,279381RBR,0,26518.98,3,3,/api/uploads/aviandco/products/279381rbr-brown-diamond-dial-c6e740e7d543ba01.png,https://www.aviandco.com/rolex-lady-datejust-279381rbr-chocolate-dial-g0279381rbr
avi-rolex-lady-datejust-279381rbr-everose-dial-279381rbr-005,mismatch,name;price;reference,"Rolex Lady-Datejust 279381RBR, Jubilee, Steel & 18K Rose Gold, Rose Star Diamond Roman Dial, 28 mm",Rolex Lady-Datejust,Rolex,NULL,NULL,279381RBR,0,26518.98,3,3,/api/uploads/aviandco/products/279381rbr-1-61c3c07efa12d820.jpg,https://www.aviandco.com/rolex-lady-datejust-279381rbr-everose-dial-279381rbr-005
avi-rolex-lady-datejust-279381rbr-olive-green-dial-g0279381rbr,mismatch,name;price;reference,"Rolex Lady-Datejust 279381RBR, Jubilee, Steel & 18K Rose Gold, Olive Green Dial, 28 mm",Rolex Lady-Datejust,Rolex,NULL,NULL,279381RBR,0,26518.98,3,3,/api/uploads/aviandco/products/rolex-lady-datejust-28-279381rbr-olive-green-diamond-jubilee-f258b4e4115dfc5e.jpg,https://www.aviandco.com/rolex-lady-datejust-279381rbr-olive-green-dial-g0279381rbr-001
avi-rolex-lady-datejust-279381rbr-purple-dial-g0279381rbr-002,mismatch,name;price;reference,"Rolex Lady-Datejust 279381RBR, Jubilee Steel & 18K Rose Gold, Aubergine Diamond Dial, 28 mm",Rolex Lady-Datejust,Rolex,NULL,NULL,279381RBR,0,26518.98,3,3,/api/uploads/aviandco/products/279381rbr-datejust-28-aubergine-diamond-jubilee-1880e2c7f8d2045c.png,https://www.aviandco.com/rolex-lady-datejust-279381rbr-purple-dial-g0279381rbr-002
avi-rolex-lady-datejust-279381rbr-purple-dial-g0279381rbr-004,mismatch,name;price;reference,"Rolex Lady-Datejust 279381RBR, Oyster, Steel & 18K Rose Gold, Aubergine Diamond Dial, 28 mm",Rolex Lady-Datejust,Rolex,NULL,NULL,279381RBR,0,26518.98,3,3,/api/uploads/aviandco/products/279381rbr-oyster-aubergine-a8305dc17b7fc477.png,https://www.aviandco.com/rolex-lady-datejust-279381rbr-purple-dial-g0279381rbr-004
avi-rolex-lady-datejust-279383rbr-champagne-dial-g0279383rbr-0,mismatch,name,"Rolex Lady-Datejust 279383RBR, Stainless Steel & 18K Yellow Gold, Diamond Bezel, Champagne Diamond Dial, Jubilee Bracelet, 28 mm",This site can’t be reached,Rolex,NULL,NULL,,0,0,1,0,/api/uploads/aviandco/products/279383rbr-champagne-c944c2fd91d53ea1.png,https://www.aviandco.com/rolex-lady-datejust-279383rbr-champagne-dial-g0279383rbr-002
avi-rolex-lady-datejust-279383rbr-champagne-diamond-dial-g0279,mismatch,name;price;reference,"Rolex Lady-Datejust 279383RBR, Jubilee, Steel & 18K Yellow Gold, Diamond Bezel, Diamond Star Dial, 28 mm",Rolex Lady-Datejust,Rolex,NULL,NULL,279383RBR,0,24800.0,3,3,/api/uploads/aviandco/products/rjld07012--1-126-1-cb8edfb8ce4f9dc6.jpg,https://www.aviandco.com/rolex-lady-datejust-279383rbr-champagne-diamond-dial-g0279383rbr-1
avi-rolex-lady-datejust-279383rbr-mother-of-pearl-dial-g027938,mismatch,name;price;reference,"Rolex Lady-Datejust 279383RBR, Stainless Steel & 18K Yellow Gold, MOP Diamond Dial, Jubilee Bracelet, 28 mm",Rolex Lady-Datejust,Rolex,NULL,NULL,279383RBR,0,27600.0,3,3,/api/uploads/aviandco/products/rolex-datejust-28-mop-0d28cb5badce126f.jpg,https://www.aviandco.com/rolex-lady-datejust-279383rbr-mother-of-pearl-dial-g0279383rbr-003
avi-rolex-lady-datejust-279383rbr-silver-dial-g0279383rbr,mismatch,name;price;reference,"Rolex Lady-Datejust 279383RBR, Jubilee, Stainless Steel & 18K Yellow Gold, Silver Index Dial, 28 mm",Rolex Lady-Datejust,Rolex,NULL,NULL,279383RBR,0,22950.0,3,3,/api/uploads/aviandco/products/279383rbr-silver-index-2-1-b0c9d75efbb37dec.png,https://www.aviandco.com/rolex-lady-datejust-279383rbr-silver-dial-g0279383rbr
avi-rolex-lady-datejust-279383rbr-silver-dial-g0279383rbr-004,mismatch,name;price;reference,"Rolex Lady-Datejust 279383RBR, Jubilee, Steel & 18K Yellow Gold, Silver Roman Dial, 28 mm",Rolex Lady-Datejust,Rolex,NULL,NULL,279383RBR,0,22950.0,3,3,/api/uploads/aviandco/products/279383rbr-silver-roman-8e7d785aa75b03a8.png,https://www.aviandco.com/rolex-lady-datejust-279383rbr-silver-dial-g0279383rbr-004
avi-rolex-lady-datejust-279383rbr-silver-dial-g0279383rbr-005,mismatch,name;reference,"Rolex Lady-Datejust 279383RBR, Steel & 18K Yellow Gold, Silver Diamond Dial, 28 mm",Rolex Lady-Datejust,Rolex,NULL,NULL,279383RBR,27900,27900.0,3,3,/api/uploads/aviandco/products/rolex-lady-datejust-279383rbr-13d8c663b31eba00.jpg,https://www.aviandco.com/rolex-lady-datejust-279383rbr-silver-dial-g0279383rbr-005
avi-rolex-lady-datejust-28-279138rbr-champagne-diamond-dial-27,mismatch,name;price;reference,"Rolex Datejust 28 279138RBR, 18K Yellow Gold, Champagne Diamond Dial, Presidential Bracelet, 28 mm",Rolex Datejust 28,Rolex,NULL,NULL,279138RBR,0,43500.0,3,3,/api/uploads/aviandco/products/rolex-datejust-28-279138rbr-001-1-dedc0d918db85d8e.jpg,https://www.aviandco.com/rolex-lady-datejust-28-279138rbr-champagne-diamond-dial-279138rbr-001
avi-rolex-lady-datejust-28-279178-diamond-pave-roman-dial-2791,mismatch,name,"Rolex Datejust 28 279178, 18K Yellow Gold, Diamond Pave Roman Dial, Jubilee Bracelet, 28 mm",This site can’t be reached,Rolex,NULL,NULL,,58700,0,3,0,/api/uploads/aviandco/products/rolex-datejust-28-279178-003-1-1-303aecc43bbbddde.jpg,https://www.aviandco.com/rolex-lady-datejust-28-279178-diamond-pave-roman-dial-279178-003
avi-rolex-lady-datejust-31-278271-purple-roman-dial-278271-017,mismatch,name;reference,"Rolex Datejust 31 278271, Stainless Steel & 18K Rose Gold, Sundust Purple Roman Dial, Diamond VI, Jubilee Bracelet, 31 mm",Rolex Datejust 31,Rolex,NULL,NULL,278271,23000,23000.0,3,3,/api/uploads/aviandco/products/rolex-datejust-31-278271-017-1-b8f2227d3b8e1eb7.jpg,https://www.aviandco.com/rolex-lady-datejust-31-278271-purple-roman-dial-278271-017
avi-rolex-lady-datejust-31-278271-silver-floral-dial-278271-01,mismatch,name;price;reference,"Rolex Datejust 31 278271, Stainless Steel & 18K Rose Gold, Silver Floral Motif Diamond Dial, Jubilee Bracelet, 31 mm",Rolex Datejust 31,Rolex,NULL,NULL,278271,0,23600.0,5,3,/api/uploads/aviandco/products/rolex-datejust-31-278271-016-1-c50e8dd5440609cf.jpg,https://www.aviandco.com/rolex-lady-datejust-31-278271-silver-floral-dial-278271-016
avi-rolex-lady-datejust-31-278278-malachite-dial-278278-005,mismatch,name;reference,"Rolex Datejust 31 278278, 18K Yellow Gold, Malachite Roman Dial, Presidential Bracelet, 31 mm",Rolex Datejust 31,Rolex,NULL,NULL,278278,52600,52600.0,3,3,/api/uploads/aviandco/products/rolex-datejust-31-278278-005-1-7d3aba2e6e625533.jpg,https://www.aviandco.com/rolex-lady-datejust-31-278278-malachite-dial-278278-005
avi-rolex-land-dweller-127234-white-honeycomb-dial-127234-001,mismatch,name;reference,"Rolex Land-Dweller 36 127234, Stainless Steel & 18K White Gold, White Honeycomb Motif Dial, Flat Jubilee Bracelet, 36 mm",Rolex Land-Dweller 36,Rolex,NULL,NULL,127234,25600,25600.0,3,3,/api/uploads/aviandco/products/rolex-land-dweller-127234-001-1-6c278d32696e1467.jpg,https://www.aviandco.com/rolex-land-dweller-127234-white-honeycomb-dial-127234-001
avi-rolex-land-dweller-127235-white-motif-dial-127235-002,mismatch,name;reference,"Rolex Land-Dweller 127235, 18K Rose Gold, White Honeycomb Motif Dial, Flat Jubilee Bracelet, 36 mm",Rolex Land-Dweller,Rolex,NULL,NULL,127235,58200,58200.0,8,3,/api/uploads/aviandco/products/rolex-land-dweller-127235-001-1-1-1e2b4f9d85c52d1a.jpg,https://www.aviandco.com/rolex-land-dweller-127235-white-motif-dial-127235-002
avi-rolex-land-dweller-127335-white-motif-dial-127335-001,mismatch,name;price;reference,"Rolex Land-Dweller 40 127335, 18K Rose Gold, White Honeycomb Motif Dial, Flat Jubilee Bracelet, 40 mm (2026)",Rolex Land-Dweller 40,Rolex,NULL,NULL,127335,0,68400.0,3,3,/api/uploads/aviandco/products/rolex-land-dweller-127335-001-1-2-1-be0ebd28b2caf232.jpg,https://www.aviandco.com/rolex-land-dweller-127335-white-motif-dial-127335-001
avi-rolex-land-dweller-127336-ice-blue-motif-dial-g0127336-001,mismatch,name;reference,"Rolex Land-Dweller 40 127336, Platinum, Ice Blue Motif Dial, 40 mm",Rolex Land-Dweller 40,Rolex,NULL,NULL,127336,170900,170900.0,3,3,/api/uploads/aviandco/products/rolex-land-dweller-40-g0127336-001-8284083b664df50e.jpg,https://www.aviandco.com/rolex-land-dweller-127336-ice-blue-motif-dial-g0127336-001
avi-rolex-land-dweller-36-127285tbr-white-motif-dial-g0127285t,mismatch,name;price;reference,"Rolex Land-Dweller 36 127285TBR, 18K Rose Gold, White Motif Dial, 36 mm",Rolex Land-Dweller 36,Rolex,NULL,NULL,127285TBR,0,133800.0,3,3,/api/uploads/aviandco/products/rolex-land-dweller-36-127285tbr-001-c28f908f83341b02.jpg,https://www.aviandco.com/rolex-land-dweller-36-127285tbr-white-motif-dial-g0127285tbr-001
avi-rolex-land-dweller-40-127334-white-motif-dial-g0127334-001,mismatch,name;price;reference,"Rolex Land-Dweller 40 127334, Stainless Steel and White Gold, White Motif Dial, 40 mm",Rolex Land-Dweller 40,Rolex,NULL,NULL,127334,0,38900.0,4,3,/api/uploads/aviandco/products/rolex-land-dweller-40-127334-001-1-04e189733edbeb84.jpg,https://www.aviandco.com/rolex-land-dweller-40-127334-white-motif-dial-g0127334-001
avi-rolex-land-dweller-40-127386tbr-ice-blue-motif-dial-g01273,mismatch,name;price;reference,"Rolex Land-Dweller 40 127386TBR, Platinum, Diamond Bezel, Ice Blue Motif Dial, 40 mm",Rolex Land-Dweller 40,Rolex,NULL,NULL,127386TBR,0,241500.0,12,3,/api/uploads/aviandco/products/rolex-land-dweller-127386tbr-001-1-b64645c700e66c80.jpg,https://www.aviandco.com/rolex-land-dweller-40-127386tbr-ice-blue-motif-dial-g0127386tbr-001
avi-rolex-milgauss-116400-white-index-dial-116400-005,mismatch,name;reference,"Rolex Milgauss 116400, Stainless Steel, White Index Dial, Oyster Bracelet, 40 mm",Rolex Milgauss,Rolex,NULL,NULL,116400,12100,12100.0,8,3,/api/uploads/aviandco/products/rolex-milgauss-116400-005-1-b69e63d7d02ab280.jpg,https://www.aviandco.com/rolex-milgauss-116400-white-index-dial-116400-005
avi-rolex-oyster-perpetua-116758sa-black-dial-116758sa-001,mismatch,name;price;reference,"Rolex GMT-Master II 116758SA, 18KG Yellow Gold, BlackDial, Oyster Bracelet, 41 mm",Rolex GMT-Master II,Rolex,NULL,NULL,116758SA,0,107200.0,11,3,/api/uploads/aviandco/products/rolex-gmt-master-ii-116758sa-001-1-b7e599038d7ae292.jpg,https://www.aviandco.com/rolex-oyster-perpetua-116758sa-black-dial-116758sa-001
avi-rolex-oyster-perpetual-114300-grape-dial-114300-001,mismatch,name,"Rolex Oyster Perpetual 41 114300, Stainless Steel, Grape Dial, Domed Bezel, Oyster Bracelet, 41 mm",This site can’t be reached,Rolex,NULL,NULL,,9700,0,3,0,/api/uploads/aviandco/products/rolex-oyster-perpetual-41-114300-001-1-c98078472b194ee7.jpg,https://www.aviandco.com/rolex-oyster-perpetual-114300-grape-dial-114300-001
avi-rolex-oyster-perpetual-115234-black-diamond-dial-115234-00,mismatch,name;price;reference,"Rolex Oyster Perpetual 34 115234, Stainless Steel, Black Diamond Dial, Oyster Bracelet, 34 mm",Rolex Oyster Perpetual 34,Rolex,NULL,NULL,115234,0,7700.0,3,3,/api/uploads/aviandco/products/rolex-oyster-perpetual-115234-001-1-deedec65828a5013.jpg,https://www.aviandco.com/rolex-oyster-perpetual-115234-black-diamond-dial-115234-001
avi-rolex-oyster-perpetual-116000-blue-dial-116000-001,mismatch,name;price;reference,"Rolex Oyster Perpetual 36 116000, Stainless Steel, Blue Dial, 36 mm",Rolex Oyster Perpetual 36,Rolex,NULL,NULL,116000,0,7500.0,3,3,/api/uploads/aviandco/products/116000-001-1-ea332d4da518dbaa.jpg,https://www.aviandco.com/rolex-oyster-perpetual-116000-blue-dial-116000-001
avi-rolex-oyster-perpetual-124200-lavender-index-dial-124200-0,mismatch,name;reference,"Rolex Oyster Perpetual 124200, Stainless Steel, Lavender Index Dial, Oyster Bracelet, 34 mm",Rolex Oyster Perpetual,Rolex,NULL,NULL,124200,13300,13300.0,3,3,/api/uploads/aviandco/products/rolex-oyster-perpetual-124200-001-1-1b2433cf62fc52cb.jpg,https://www.aviandco.com/rolex-oyster-perpetual-124200-lavender-index-dial-124200-001
avi-rolex-oyster-perpetual-124200-mediterranean-blue-index-dia,mismatch,name,"Rolex Oyster Perpetual 34 124200, Stainless Steel, Mediterranean Blue Index Dial, Oyster Bracelet, 34 mm",Rolex Oyster Perpetual 34,Rolex,NULL,NULL,,10800,10800.0,3,3,/api/uploads/aviandco/products/rolex-oyster-perpetual-124200-003-1-b39d43f12425e3b3.jpg,https://www.aviandco.com/rolex-oyster-perpetual-124200-mediterranean-blue-index-dial-124200-003
avi-rolex-oyster-perpetual-124300-black-index-dial-124300-026,mismatch,name;reference,"Rolex Oyster Perpetual 41 124300, Stainless Steel, Black Index Dial, Oyster Bracelet, 41 mm",Rolex Oyster Perpetual 41,Rolex,NULL,NULL,124300,9700,9700.0,3,3,/api/uploads/aviandco/products/rolex-oyster-perpetual-41-124300-026-1-3777d89db9a8ef3b.jpg,https://www.aviandco.com/rolex-oyster-perpetual-124300-black-index-dial-124300-026
avi-rolex-oyster-perpetual-124300-coral-red-dial-124300-015,mismatch,name;reference,"Rolex Oyster Perpetual 41 124300, Stainless Steel, Coral Red Index Dial, 41 mm",Rolex Oyster Perpetual 41,Rolex,NULL,NULL,124300,19200,19200.0,9,3,/api/uploads/aviandco/products/rolex-oyster-perpetual-126000-red-dial-1-2-e1cc47ec4d19a92d.jpg,https://www.aviandco.com/rolex-oyster-perpetual-124300-coral-red-dial-124300-015
avi-rolex-oyster-perpetual-124300-green-dial-ropr07083,mismatch,name;price;reference,"Rolex Oyster Perpetual 41 124300, Stainless Steel, Enamel Green Index Dial, Oyster Bracelet, 41 mm",Rolex Oyster Perpetual 41,Rolex,NULL,NULL,124300,11300,10800.0,10,3,/api/uploads/aviandco/products/rolex-oyster-perpetual-ropr07083-1-32b362e12250c32a.jpg,https://www.aviandco.com/rolex-oyster-perpetual-124300-green-dial-ropr07083
avi-rolex-oyster-perpetual-124300-silver-index-dial-124300-020,mismatch,name;price;reference,"Rolex Oyster Perpetual 41 124300, Stainless Steel, Silver Index Dial, Oyster Bracelet, 41 mm",Rolex Oyster Perpetual 41,Rolex,NULL,NULL,124300,0,9800.0,11,3,/api/uploads/aviandco/products/rolex-oyster-perpetual-41-124300-020-1-f985a130f85dfc20.jpg,https://www.aviandco.com/rolex-oyster-perpetual-124300-silver-index-dial-124300-020
avi-rolex-oyster-perpetual-126000-celebration-dial-126000-002,mismatch,name;price;reference,"Rolex Oyster Perpetual 36 126000, Oystersteel, Celebration-motif Dial, 36 mm",Rolex Oyster Perpetual 36,Rolex,NULL,NULL,126000,0,20500.0,3,3,/api/uploads/aviandco/products/rolex-oyster-perpetual-126000-celebration-1-823b1955c1b16e33.jpg,https://www.aviandco.com/rolex-oyster-perpetual-126000-celebration-dial-126000-002
avi-rolex-oyster-perpetual-126000-green-dial-ropr07076,mismatch,name;price;reference,"Rolex Oyster Perpetual 36 126000, Stainless Steel, Green Index Dial, Oyster Bracelet, 36 mm",Rolex Oyster Perpetual 36,Rolex,NULL,NULL,126000,0,11500.0,12,3,/api/uploads/aviandco/products/ropr07076-1-0b5de95acc4306d0.jpg,https://www.aviandco.com/rolex-oyster-perpetual-126000-green-dial-ropr07076
avi-rolex-oyster-perpetual-126000-mediterranean-blue-index-dia,mismatch,name;price;reference,"Rolex Oyster Perpetual 36 126000, Stainless Steel, Mediterranean Blue Index Dial, Oyster Bracelet, 36 mm",Rolex Oyster Perpetual 36,Rolex,NULL,NULL,126000,0,11700.0,3,3,/api/uploads/aviandco/products/rolex-oyster-perpetual-126000-001-1-1-1-68b71f686741e703.jpg,https://www.aviandco.com/rolex-oyster-perpetual-126000-mediterranean-blue-index-dial-126000-013
avi-rolex-oyster-perpetual-126000-pink-dial-126000-009,mismatch,name;price;reference,"Rolex Oyster Perpetual 36 126000, Stainless Steel, Pink Dial, Oyster Bracelet, 36 mm",Rolex Oyster Perpetual 36,Rolex,NULL,NULL,126000,0,13800.0,3,3,/api/uploads/aviandco/products/rolex-oyster-perpetual-126000-008-1-e3b9832da8dedbb3.jpg,https://www.aviandco.com/rolex-oyster-perpetual-126000-pink-dial-126000-009
avi-rolex-oyster-perpetual-126000-red-dial-ropr07078,mismatch,name;price;reference,"Rolex Oyster Perpetual 36 126000, Steel, Red Index Dial, 36 mm",Rolex Oyster Perpetual 36,Rolex,NULL,NULL,126000,0,17900.0,3,3,/api/uploads/aviandco/products/rolex-oyster-perpetual-126000-001-1-c8c1448493bf903b.jpg,https://www.aviandco.com/rolex-oyster-perpetual-126000-red-dial-ropr07078
avi-rolex-oyster-perpetual-126000-silver-dial-126000-006,mismatch,name,"Rolex Oyster Perpetual 36 126000, Stainless Steel, Silver Dial, 36 mm",This site can’t be reached,Rolex,NULL,NULL,,0,0,3,0,/api/uploads/aviandco/products/rolex-126000-silver-1-1-472d61f7b5f2c36b.jpg,https://www.aviandco.com/rolex-oyster-perpetual-126000-silver-dial-126000-006
avi-rolex-oyster-perpetual-126000-turquoise-dial-g0126000-010,mismatch,name;reference,"Rolex Oyster Perpetual 36 126000, Stainless Steel, Turquoise Dial, 36 mm",Rolex Oyster Perpetual 36,Rolex,NULL,NULL,126000,18400,18400.0,3,3,/api/uploads/aviandco/products/126000-003-1-1-1-b5201f31ad1dcd27.jpg,https://www.aviandco.com/rolex-oyster-perpetual-126000-turquoise-dial-g0126000-010
avi-rolex-oyster-perpetual-126000-yellow-dial-126000-007,mismatch,name;price;reference,"Rolex Oyster Perpetual 36 126000, Stainless Steel, Yellow Index Dial, 36 mm",Rolex Oyster Perpetual 36,Rolex,NULL,NULL,126000,0,20000.0,12,3,/api/uploads/aviandco/products/ropr07074-1-1-a1fbea784caa627a.jpg,https://www.aviandco.com/rolex-oyster-perpetual-126000-yellow-dial-126000-007
avi-rolex-oyster-perpetual-134300-lavender-index-dial-134300-0,mismatch,name;reference,"Rolex Oyster Perpetual 41 134300, Stainless Steel, Lavender Index Dial, Oyster Bracelet, 41 mm (2026)",Rolex Oyster Perpetual 41,Rolex,NULL,NULL,134300,13800,13800.0,3,3,/api/uploads/aviandco/products/rolex-oyster-perpetual-41-134300-002-1-f9f31965f0a225d7.jpg,https://www.aviandco.com/rolex-oyster-perpetual-134300-lavender-index-dial-134300-002
avi-rolex-oyster-perpetual-134300-pistashio-green-dial-134300-,mismatch,name;price;reference,"Rolex Oyster Perpetual 41 134300, Stainless Steel, Pistachio Green Dial, Oyster Bracelet, 41 mm",Rolex Oyster Perpetual 41,Rolex,NULL,NULL,134300,0,13800.0,3,3,/api/uploads/aviandco/products/rolex-oyster-perpetual-134300-001-1-cbb43e77a4e4decc.jpg,https://www.aviandco.com/rolex-oyster-perpetual-134300-pistashio-green-dial-134300-001
avi-rolex-oyster-perpetual-277200-pink-dial-277200-004,mismatch,name;reference,"Rolex Oyster Perpetual 31 277200, Stainless Steel, Pink Index Dial, 31 mm",Rolex Oyster Perpetual 31,Rolex,NULL,NULL,277200,11400,11400.0,3,3,/api/uploads/aviandco/products/277200-004-1-beb11bf25cb1149b.jpg,https://www.aviandco.com/rolex-oyster-perpetual-277200-pink-dial-277200-004
avi-rolex-oyster-perpetual-28-276200-mediterranean-blue-index-,mismatch,name;reference,"Rolex Oyster Perpetual 28 276200, Stainless Steel, Mediterranean Blue Index Dial, Oyster Bracelet, 28 mm (2026)",Rolex Oyster Perpetual 28,Rolex,NULL,NULL,276200,10000,10000.0,3,3,/api/uploads/aviandco/products/rolex-perpetual-28-276200-003-1-f70b11ff12c04ba9.jpg,https://www.aviandco.com/rolex-oyster-perpetual-28-276200-mediterranean-blue-index-dial-276200-003
avi-rolex-oyster-perpetual-28-276200-pistashio-green-dial-2762,mismatch,name;reference,"Rolex Oyster Perpetual 28 276200, Stainless Steel, Pistachio Green Dial, Oyster Bracelet, 28 mm (2026)",Rolex Oyster Perpetual 28,Rolex,NULL,NULL,276200,10800,10800.0,12,3,/api/uploads/aviandco/products/rolex-oyster-perpetual-28-276200-001-1-b876427dd3bd35d9.jpg,https://www.aviandco.com/rolex-oyster-perpetual-28-276200-pistashio-green-dial-276200-001
avi-rolex-oyster-perpetual-28-276208-green-stone-dial-g0276208,mismatch,name;price;reference,"Rolex Oyster Perpetual 28 276208, 18K Yellow Gold, Green Stone Dial, Oyster Bracelet, 28 mm (2026)",Rolex Oyster Perpetual 28,Rolex,NULL,NULL,276208,0,40000.0,3,3,/api/uploads/aviandco/products/rolex-oyster-perpetual-28-276208-green-stone-dial-g0276208-spy-001-1-665c564e98ad6b45.jpg,https://www.aviandco.com/rolex-oyster-perpetual-28-276208-green-stone-dial-g0276208-spy-001
avi-rolex-oyster-perpetual-31-277200-turquoise-dial-g0277200-0,mismatch,name;reference,"Rolex Oyster Perpetual 31 277200, Stainless Steel, Turquoise Index Dial, 31 mm",Rolex Oyster Perpetual 31,Rolex,NULL,NULL,277200,16000,16000.0,3,3,/api/uploads/aviandco/products/rolex-oyster-perpetual-277200-tiffany-1-1-1-1-be6fc947de95aeee.jpg,https://www.aviandco.com/rolex-oyster-perpetual-31-277200-turquoise-dial-g0277200-003
avi-rolex-oyster-perpetual-34-124205-blue-stone-dial-g0124205-,mismatch,name;price;reference,"Rolex Oyster Perpetual 34 124205, 18K Rose Gold, Blue Stone Dial, Oyster Bracelet, 34 mm (2026)",Rolex Oyster Perpetual 34,Rolex,NULL,NULL,124205,0,40000.0,3,3,/api/uploads/aviandco/products/rolex-oyster-perpetual-28-g0124205-spy-001-1-7b16b48bf83f8e23.jpg,https://www.aviandco.com/rolex-oyster-perpetual-34-124205-blue-stone-dial-g0124205-spy-001
avi-rolex-oyster-perpetual-34-124208-black-dial-g0124208-spy-0,mismatch,name;price;reference,"Rolex Oyster Perpetual 34 124208, 18K Yellow Gold, Black Dial, Oyster Bracelet, 34 mm (2026)",Rolex Oyster Perpetual 34,Rolex,NULL,NULL,124208,0,40000.0,3,3,/api/uploads/aviandco/products/rolex-oyster-perpetual-34-g0124208-spy-001-b503b770d3f98bd0.jpg,https://www.aviandco.com/rolex-oyster-perpetual-34-124208-black-dial-g0124208-spy-001
avi-rolex-oyster-perpetual-34-124208-white-dial-g0124208-spy-0,mismatch,name;price;reference,"Rolex Oyster Perpetual 34 124208, 18K Yellow Gold, White Dial, Oyster Bracelet, 34 mm (2026)",Rolex Oyster Perpetual 34,Rolex,NULL,NULL,124208,0,40000.0,3,3,/api/uploads/aviandco/products/rolex-oyster-perpetual-34-g0124208-spy-002-1-8a8b692b41a96205.jpg,https://www.aviandco.com/rolex-oyster-perpetual-34-124208-white-dial-g0124208-spy-002
avi-rolex-oyster-perpetual-34-124248rbr-mother-of-pearl-dial-g,mismatch,name;price;reference,"Rolex Oyster Perpetual 34 124248RBR, 18K Yellow Gold, Mother of Pearl Dial, Diamond Bezel, Oyster Bracelet, 34 mm (2026)",Rolex Oyster Perpetual 34,Rolex,NULL,NULL,124248RBR,0,50000.0,3,3,/api/uploads/aviandco/products/rolex-oyster-perpetual-34-g0124248rbr-spy-002-1-0224f2803a61483e.jpg,https://www.aviandco.com/rolex-oyster-perpetual-34-124248rbr-mother-of-pearl-dial-g0124248rbr-spy-002
avi-rolex-oyster-perpetual-34-124248rbr-turquoise-dial-g012424,mismatch,name;price;reference,"Rolex Oyster Perpetual 34 124248RBR, 18K Yellow Gold, Turquoise Dial, Diamond Bezel, Oyster Bracelet, 34 mm (2026)",Rolex Oyster Perpetual 34,Rolex,NULL,NULL,124248RBR,0,50000.0,3,3,/api/uploads/aviandco/products/rolex-oyster-perpetual-34-g0124248rbr-spy-001-1-016caf17e533ebe7.jpg,https://www.aviandco.com/rolex-oyster-perpetual-34-124248rbr-turquoise-dial-g0124248rbr-spy-001
avi-rolex-oyster-perpetual-36-126000-multicolored-motif-dial-g,mismatch,name;price;reference,"Rolex Oyster Perpetual 36 126000, Stainless Steel, Multicolored Motif Dial, Oyster Bracelet, 36 mm (2026)",Rolex Oyster Perpetual 36,Rolex,NULL,NULL,126000,0,10000.0,3,3,/api/uploads/aviandco/products/rolex-oyster-perpetual-36-g0126000-spy-001-1-1372451a276181aa.jpg,https://www.aviandco.com/rolex-oyster-perpetual-36-126000-multicolored-motif-dial-g0126000-spy-001
avi-rolex-oyster-perpetual-41-124300-celebration-dial-124300-0,mismatch,name;price;reference,"Rolex Oyster Perpetual 41 124300, Stainless Steel, Celebration Index Dial, Oyster Bracelet, 41 mm",Rolex Oyster Perpetual 41,Rolex,NULL,NULL,124300,0,27500.0,3,3,/api/uploads/aviandco/products/rolex-oyster-perpetal-124300-016-1-1-9b15e55825391aae.jpg,https://www.aviandco.com/rolex-oyster-perpetual-41-124300-celebration-dial-124300-021
avi-rolex-oyster-perpetual-41-124300-enamel-green-index-dial-1,mismatch,name;reference,"Rolex Oyster Perpetual 41 124300, Stainless Steel, Enamel Green Index Dial, Oyster Bracelet, 41 mm",Rolex Oyster Perpetual 41,Rolex,NULL,NULL,124300,11900,11900.0,3,3,/api/uploads/aviandco/products/rolex-oyster-perpetual-ropr07083-1-1-1-1b7696eb3a065d5e.jpg,https://www.aviandco.com/rolex-oyster-perpetual-41-124300-enamel-green-index-dial-124300-027
avi-rolex-oyster-perpetual-41-124300-turquoise-index-dial-1243,mismatch,name;reference,"Rolex Oyster Perpetual 41 124300, Stainless Steel, Turquoise Index Dial, Oyster Bracelet, 41 mm",Rolex Oyster Perpetual 41,Rolex,NULL,NULL,124300,30500,30500.0,3,3,/api/uploads/aviandco/products/rolex-oyster-perpetual-41-124300-022-1-a9f4da66106ebb49.jpg,https://www.aviandco.com/rolex-oyster-perpetual-41-124300-turquoise-index-dial-124300-022
avi-rolex-oyster-perpetual-41-124300-yellow-index-dial-124300-,mismatch,name;reference,"Rolex Oyster Perpetual 41 124300, Stainless Steel, Yellow Index Dial, Oyster Bracelet, 41 mm",Rolex Oyster Perpetual 41,Rolex,NULL,NULL,124300,22500,22500.0,3,3,/api/uploads/aviandco/products/rolex-oyster-perpetual-41-124300-028-1-1-4d27409a4086806b.jpg,https://www.aviandco.com/rolex-oyster-perpetual-41-124300-yellow-index-dial-124300-028
avi-rolex-oyster-perpetual-41-134303-slate-dial-g0134303-spy-0,mismatch,name;price;reference,"Rolex Oyster Perpetual 41 134303, Stainless Steel & 18K Yellow Gold, Slate Dial, 41 mm (2026)",Rolex Oyster Perpetual 41,Rolex,NULL,NULL,134303,0,15000.0,3,3,/api/uploads/aviandco/products/rolex-oyster-perpetual-41-g0134303-spy-001-1-f837d4cd20a1a06f.jpg,https://www.aviandco.com/rolex-oyster-perpetual-41-134303-slate-dial-g0134303-spy-001
avi-rolex-pearlmaster-81209-white-dial-rjpm07014,mismatch,name;price;reference,"Rolex Datejust Pearlmaster 81209, 18K White Gold, Pink Roman Dial, Pearlmaster Bracelet, 34 mm",Rolex Datejust Pearlmaster,Rolex,NULL,NULL,81209,24500,22500.0,3,3,/api/uploads/aviandco/products/rolex-pearlmaster-rjpm07014-1-2e880bf9dbeb7240.jpg,https://www.aviandco.com/rolex-pearlmaster-81209-white-dial-rjpm07014
avi-rolex-pearlmaster-86345sajor-pave-dial-86345sajor-002,mismatch,name;reference,"Rolex Datejust Pearlmaster 86345SAJOR, 18K Rose Gold, Pave Diamond Dial, Pearlmaster Bracelet, 39 mm",Rolex Datejust Pearlmaster,Rolex,NULL,NULL,86345SAJOR,127600,127600.0,3,3,/api/uploads/aviandco/products/rolex-pearlmaster-86345sajor-002-1-a51096764ce973e8.jpg,https://www.aviandco.com/rolex-pearlmaster-86345sajor-pave-dial-86345sajor-002
avi-rolex-perpetual-1908-52508-intense-white-dial-52508-002,mismatch,name;reference,"Rolex Perpetual 1908 52508, 18K Yellow Gold, Intense White Dial, Settimo Bracelet, 39 mm (2026)",Rolex Perpetual 1908,Rolex,NULL,NULL,52508,54100,54100.0,3,3,/api/uploads/aviandco/products/rolex-perpetual-1908-52508-002-1-6a5134fe3eb9a4b7.jpg,https://www.aviandco.com/rolex-perpetual-1908-52508-intense-white-dial-52508-002
avi-rolex-sea-dweller-116660-blue-dial-116660-005,mismatch,name;price;reference,"Rolex Sea-Dweller 116660, Stainless Steel, ""Deep Blue"", Oyster Bracelet, 44 mm",Rolex Sea-Dweller,Rolex,NULL,NULL,116660,0,13600.0,3,3,/api/uploads/aviandco/products/rolex-sea-dweller-rsea07043-1-1-1-45e485ae762cd316.jpg,https://www.aviandco.com/rolex-sea-dweller-116660-blue-dial-116660-005
avi-rolex-sea-dweller-122603-black-dial-122603-003,mismatch,name;reference,"Rolex Sea-Dweller 126603, Stainless Steel and 18K Yellow Gold, Black Dial, Oyster Bracelet, 43 mm",Rolex Sea-Dweller,Rolex,NULL,NULL,126603,21500,21500.0,3,3,/api/uploads/aviandco/products/rolex-sea-dweller-126603-003-1-2-49ddbe60a59d2008.jpg,https://www.aviandco.com/rolex-sea-dweller-122603-black-dial-122603-003
avi-rolex-sea-dweller-126600-black-index-dial-126600-008,mismatch,name;reference,"Rolex Sea-Dweller 126600, Stainless Steel, Black Index Dial, Oyster Bracelet, 43 mm",Rolex Sea-Dweller,Rolex,NULL,NULL,126600,14800,14800.0,11,3,/api/uploads/aviandco/products/126600-002-1-d4ebf1228db52f6e.jpg,https://www.aviandco.com/rolex-sea-dweller-126600-black-index-dial-126600-008
avi-rolex-sea-dweller-126660-blue-dial-126660-002,mismatch,name;price;reference,"Rolex Sea-Dweller 126660, ""James Cameron"", Stainless Steel, Deepsea Blue Dial, Oyster Bracelet, 44 mm",Rolex Sea-Dweller,Rolex,NULL,NULL,126660,0,15600.0,12,3,/api/uploads/aviandco/products/rolex-sea-dweller-116660-blue-dial-2-2-1-7acf5b4a527bebc4.jpg,https://www.aviandco.com/rolex-sea-dweller-126660-blue-dial-126660-002
avi-rolex-sea-dweller-deepsea-126067-black-index-dial-126067-0,mismatch,name;price;reference,"Rolex Deepsea 126067, Titanium, Black Index Dial, Oyster Bracelet, 50 mm",Rolex Deepsea,Rolex,NULL,NULL,126067,0,46000.0,3,3,/api/uploads/aviandco/products/rolex-deepsea-126067-002-1-67c303a5a22ec1ee.jpg,https://www.aviandco.com/rolex-sea-dweller-deepsea-126067-black-index-dial-126067-002
avi-rolex-sky-dweller-326135-sundust-dial-326135-002,mismatch,name;price;reference,"Rolex Sky-Dweller 326135, 18K Rose Gold, Sundust Dial, Alligator Bracelet, 42 mm",Rolex Sky-Dweller,Rolex,NULL,NULL,326135,32200,30700.0,7,3,/api/uploads/aviandco/products/rolex-sky-dweller-326135-002-1-6eccb7a6c5b773ed.jpg,https://www.aviandco.com/rolex-sky-dweller-326135-sundust-dial-326135-002
avi-rolex-sky-dweller-326235-black-dial-326238-001,mismatch,name;price;reference,"Rolex Sky-Dweller 326238, Oysterflex, 18K Yellow Gold, Black Index Dial 42 mm",Rolex Sky-Dweller,Rolex,NULL,NULL,326238,34700,32700.0,3,3,/api/uploads/aviandco/products/rolex-sky-dweller-326238-001-1-06399e8dd144c5e2.jpg,https://www.aviandco.com/rolex-sky-dweller-326235-black-dial-326238-001
avi-rolex-sky-dweller-326235-rhodium-dial-326235-002,mismatch,name;price;reference,"Rolex Sky-Dweller 326235, 18K Rose Gold, Rhodium Dial, 42 mm",Rolex Sky-Dweller,Rolex,NULL,NULL,326235,0,62000.0,3,3,/api/uploads/aviandco/products/rolex-sky-dweller-326935-rhodium-1-1-3-c1657101cbbaceb8.jpg,https://www.aviandco.com/rolex-sky-dweller-326235-rhodium-dial-326235-002
avi-rolex-sky-dweller-326235-slate-rhodium-index-dial-326235-0,mismatch,name;price;reference,"Rolex Sky-Dweller 326235, 18K Rose Gold, Slate Rhodium Index Dial, Oysterflex Bracelet, 42 mm",Rolex Sky-Dweller,Rolex,NULL,NULL,326235,0,37800.0,3,3,/api/uploads/aviandco/products/rolex-sky-dweller-326235-008-1-7e353f9fbe00ace1.jpg,https://www.aviandco.com/rolex-sky-dweller-326235-slate-rhodium-index-dial-326235-008
avi-rolex-sky-dweller-326235-white-dial-326235-007,mismatch,name;reference,"Rolex Sky-Dweller 326235, Oysterflex, 18K Rose Gold, White Index Dial, 42 mm",Rolex Sky-Dweller,Rolex,NULL,NULL,326235,41300,41300.0,3,3,/api/uploads/aviandco/products/rolex-sky-dweller-g032635-007-1-59fe839aa885e16f.jpg,https://www.aviandco.com/rolex-sky-dweller-326235-white-dial-326235-007
avi-rolex-sky-dweller-326259tbr-meteorite-diamond-dial-326259t,mismatch,name;price;reference,"Rolex Sky-Dweller 326259TBR, 18K White Gold, Diamond Bezel, Meteorite Diamond Dial, 42 mm",Rolex Sky-Dweller,Rolex,NULL,NULL,326259TBR,0,193900.0,12,3,/api/uploads/aviandco/products/326259tbr-004-1-1-1-fec6d706743a5d7d.jpg,https://www.aviandco.com/rolex-sky-dweller-326259tbr-meteorite-diamond-dial-326259tbr-005
avi-rolex-sky-dweller-326933-champagne-dial-g0326933-003,mismatch,name;reference,"Rolex Sky-Dweller 326933, Stainless Steel & 18K Yellow Gold, Champagne Index Dial, 42 mm",Rolex Sky-Dweller,Rolex,NULL,NULL,326933,22000,22000.0,3,3,/api/uploads/aviandco/products/326933-1-1-1-8e5798241797c33c.jpg,https://www.aviandco.com/rolex-sky-dweller-326933-champagne-dial-g0326933-003
avi-rolex-sky-dweller-326933-white-dial-326933-002,mismatch,name;reference,"Rolex Sky-Dweller 326933, 18K Yellow Gold & Stainless Steel, Black Dial, 42 mm",Rolex Sky-Dweller,Rolex,NULL,NULL,326933,20800,20800.0,3,3,/api/uploads/aviandco/products/326933-002-1-1-9b7505aeee77f126.jpg,https://www.aviandco.com/rolex-sky-dweller-326933-white-dial-326933-002
avi-rolex-sky-dweller-326933-white-dial-326934-012,mismatch,name;reference,"Rolex Sky-Dweller 326933, Stainless Steel & 18K Yellow Gold, White Dial, Jubilee Bracelet, 42 mm",Rolex Sky-Dweller,Rolex,NULL,NULL,326933,22200,22200.0,3,3,/api/uploads/aviandco/products/326934-012-1-b17a176b448e1ed1.jpg,https://www.aviandco.com/rolex-sky-dweller-326933-white-dial-326934-012
avi-rolex-sky-dweller-326933-white-dial-g0326933-spy-001,mismatch,name;reference,"Rolex Sky-Dweller 326933, Oyster, Stainless Steel, 18K Yellow Gold, White Index Dial, 42 mm",Rolex Sky-Dweller,Rolex,NULL,NULL,326933,20300,20300.0,8,3,/api/uploads/aviandco/products/rolex-sky-dweller-rsky07118-1-1-ed7e5abf69cafc82.jpg,https://www.aviandco.com/rolex-sky-dweller-326933-white-dial-g0326933-spy-001
avi-rolex-sky-dweller-326934-black-dial-326934-019,mismatch,name;reference,"Rolex Sky-Dweller 326934, Stainless Steel, Black Index Dial, Oyster Bracelet, 42 mm",Rolex Sky-Dweller,Rolex,NULL,NULL,326934,19900,19900.0,3,3,/api/uploads/aviandco/products/rsky07030--1-366-1-1-dffc8b68e59f84c9.jpg,https://www.aviandco.com/rolex-sky-dweller-326934-black-dial-326934-019
avi-rolex-sky-dweller-326934-black-dial-326934-022,mismatch,name;price,"Rolex Sky-Dweller 326934, Stainless Steel, Black Index Dial, Oyster Bracelet, 42 mm","SHOP FOR RICHARD MILLE, AUDEMARS PIGUET, & MORE",Rolex,NULL,NULL,,19400,35800.0,3,0,/api/uploads/aviandco/products/rsky07030--1-366-1-1-1-3d4e69d9cf3e14fd.jpg,https://www.aviandco.com/rolex-sky-dweller-326934-black-dial-326934-022
avi-rolex-sky-dweller-326934-blue-index-dial-326934-021,mismatch,name;price;reference,"Rolex Sky-Dweller 326934, Stainless Steel, Blue Index Dial, Jubilee Bracelet, 42 mm",Rolex Sky-Dweller,Rolex,NULL,NULL,326934,25600,25000.0,3,3,/api/uploads/aviandco/products/rolex-sky-dweller-326934-021-1-693ff461007c2627.jpg,https://www.aviandco.com/rolex-sky-dweller-326934-blue-index-dial-326934-021
avi-rolex-sky-dweller-326934-blue-index-dial-326934-023,mismatch,name;reference,"Rolex Sky-Dweller 326934, Stainless Steel, Blue Index Dial, Oyster Bracelet, 42 mm",Rolex Sky-Dweller,Rolex,NULL,NULL,326934,25600,25600.0,5,3,/api/uploads/aviandco/products/rolex-sky-dweller-326934-023-1-0183a9b2a7870475.jpg,https://www.aviandco.com/rolex-sky-dweller-326934-blue-index-dial-326934-023
avi-rolex-sky-dweller-326934-white-dial-326934-006,mismatch,name;price;reference,"Rolex Sky-Dweller 326934, Stainless Steel, White Dial, 42 mm",Rolex Sky-Dweller,Rolex,NULL,NULL,326934,18900,18400.0,12,3,/api/uploads/aviandco/products/rolex-sky-dweller-326934-006-1-8ddf755e4d6ca73c.jpg,https://www.aviandco.com/rolex-sky-dweller-326934-white-dial-326934-006
avi-rolex-sky-dweller-326934-white-index-dial-326934-017,mismatch,name;price;reference;image_count,"Rolex Sky-Dweller 326934, Stainless Steel, White Index Dial, 42 mm",Rolex Sky-Dweller,Rolex,NULL,NULL,326934,18900,18400.0,1,3,/api/uploads/aviandco/products/rolex-sky-dweller-326934-white-index-1-4-0e6b0ba381d53a94.jpg,https://www.aviandco.com/rolex-sky-dweller-326934-white-index-dial-326934-017
avi-rolex-sky-dweller-326935-chocolate-dial-rsky07161,mismatch,name;price;reference,"Rolex Sky-Dweller 326935, 18K Rose Gold, Chocolate Arabic Dial, 42 mm",Rolex Sky-Dweller,Rolex,NULL,NULL,326935,0,66400.0,9,3,/api/uploads/aviandco/products/rolex-sky-dweller-326935-choc-dial-1-6caa14cfcb8772d1.jpg,https://www.aviandco.com/rolex-sky-dweller-326935-chocolate-dial-rsky07161
avi-rolex-sky-dweller-326935-rhodium-slate-index-dial-326935-0,mismatch,name;reference,"Rolex Sky-Dweller 326935, 18K Rose Gold, Rhodium Slate Index Dial, Oyster Bracelet, 42 mm",Rolex Sky-Dweller,Rolex,NULL,NULL,326935,52100,52100.0,10,3,/api/uploads/aviandco/products/rolex-sky-dweller-326935-016-1-3eee2b7d8c109e1c.jpg,https://www.aviandco.com/rolex-sky-dweller-326935-rhodium-slate-index-dial-326935-016
avi-rolex-sky-dweller-326935-sundust-roman-dial-326935-013,mismatch,name;price;reference,"Rolex Sky-Dweller 326935, 18K Rose Gold, Sundust Roman Dial, Oyster Bracelet, 40 mm",Rolex Sky-Dweller,Rolex,NULL,NULL,326935,0,47000.0,3,3,/api/uploads/aviandco/products/rolex-sky-dweller-326935-013-1-b6ac61d24cc93f63.jpg,https://www.aviandco.com/rolex-sky-dweller-326935-sundust-roman-dial-326935-013
avi-rolex-sky-dweller-326935-white-index-dial-326935-010,mismatch,name;reference,"Rolex Sky-Dweller 326935, 18K Rose Gold, Chocolate Index Dial, Oyster Bracelet, 42 mm",Rolex Sky-Dweller,Rolex,NULL,NULL,326935,54800,54800.0,3,3,/api/uploads/aviandco/products/rolex-sky-dweller-326935-010-1-4a9af6167a4d7c6b.jpg,https://www.aviandco.com/rolex-sky-dweller-326935-white-index-dial-326935-010
avi-rolex-sky-dweller-326935-white-index-dial-326935-014,mismatch,name;reference,"Rolex Sky-Dweller 326935, 18K Rose Gold, White Index Dial, Oyster Bracelet, 42 mm",Rolex Sky-Dweller,Rolex,NULL,NULL,326935,49000,49000.0,3,3,/api/uploads/aviandco/products/rsky07028--1-28-1-003aee9d5e3f9be4.jpg,https://www.aviandco.com/rolex-sky-dweller-326935-white-index-dial-326935-014
avi-rolex-sky-dweller-326938-black-index-dial-326938-003,mismatch,name;reference,"Rolex Sky-Dweller 326938, 18K Yellow Gold, Black Index Dial, Oyster Bracelet, 42 mm",Rolex Sky-Dweller,Rolex,NULL,NULL,326938,45400,45400.0,3,3,/api/uploads/aviandco/products/rolex-sky-dweller-326938-black-index-1-2995d5a05660ed7c.jpg,https://www.aviandco.com/rolex-sky-dweller-326938-black-index-dial-326938-003
avi-rolex-sky-dweller-326938-champagne-arabic-dial-326938-002,mismatch,name;price;reference,"Rolex Sky-Dweller 326938, 18K Yellow Gold, Champagne Arabic Dial, Oyster Bracelet, 42 mm",Rolex Sky-Dweller,Rolex,NULL,NULL,326938,40300,39300.0,3,3,/api/uploads/aviandco/products/rolex-sky-dweller-326938-002-1-644bc4ca7a6380f2.jpg,https://www.aviandco.com/rolex-sky-dweller-326938-champagne-arabic-dial-326938-002
avi-rolex-sky-dweller-326939-ivory-dial-rsky07142,mismatch,name;reference,"Rolex Sky-Dweller 326939, 18K White Gold, Ivory Roman Dial, Oyster Bracelet, 42 mm",Rolex Sky-Dweller,Rolex,NULL,NULL,326939,36400,36400.0,3,3,/api/uploads/aviandco/products/rolex-sky-dweller-ivory-roman-1-2014c3e5e48dc9f0.jpg,https://www.aviandco.com/rolex-sky-dweller-326939-ivory-dial-rsky07142
avi-rolex-sky-dweller-326939-ivory-roman-dial-326939-001,mismatch,name;reference,"Rolex Sky-Dweller 326939, 18K White Gold, Ivory Roman Dial, Oyster Bracelet, 42 mm",Rolex Sky-Dweller,Rolex,NULL,NULL,326939,33700,33700.0,3,3,/api/uploads/aviandco/products/326939-001-1-0ebc4b9616f15a35.jpg,https://www.aviandco.com/rolex-sky-dweller-326939-ivory-roman-dial-326939-001
avi-rolex-sky-dweller-336235-chocolate-dial-336235-001,mismatch,name;reference,"Rolex Sky-Dweller 336235, 18K Rose Gold, Chocolate Index Dial, Oysterflex Bracelet, 42 mm",Rolex Sky-Dweller,Rolex,NULL,NULL,336235,48500,48500.0,3,3,/api/uploads/aviandco/products/336235-sky-dweller-chocolate-d0e6c52d9277cf02.png,https://www.aviandco.com/rolex-sky-dweller-336235-chocolate-dial-336235-001
avi-rolex-sky-dweller-336235-rhodum-dial-g0336235-002,mismatch,name;reference,"Rolex Sky-Dweller 336235, Oysterflex, 18K Rose Gold, Rhodium Index Dial, 42 mm",Rolex Sky-Dweller,Rolex,NULL,NULL,336235,50700,50700.0,3,3,/api/uploads/aviandco/products/336235-rhodium-sky-dweller-5941cec79f9fc2de.png,https://www.aviandco.com/rolex-sky-dweller-336235-rhodum-dial-g0336235-002
avi-rolex-sky-dweller-336238-black-index-dial-336238-001,mismatch,name;reference,"Rolex Sky-Dweller 336238, 18K Yellow Gold, Black Index Dial, Oysterlex Bracelet, 42 mm",Rolex Sky-Dweller,Rolex,NULL,NULL,336238,48500,48500.0,11,3,/api/uploads/aviandco/products/rolex-sky-dweller-336238-001-1-1-ee287e95792dd512.jpg,https://www.aviandco.com/rolex-sky-dweller-336238-black-index-dial-336238-001
avi-rolex-sky-dweller-336238-white-index-dial-336238-002,mismatch,name;reference,"Rolex Sky-Dweller 336238, 18K Yellow Gold, White Index Dial, Oysterlex Bracelet, 42 mm",Rolex Sky-Dweller,Rolex,NULL,NULL,336238,45400,45400.0,3,3,/api/uploads/aviandco/products/rolex-sky-dweller-336238-002-1-4cf55d1e5b1e0f73.jpg,https://www.aviandco.com/rolex-sky-dweller-336238-white-index-dial-336238-002
avi-rolex-sky-dweller-336239-black-index-dial-336239-002,mismatch,name;reference,"Rolex Sky-Dweller 336239, 18K White Gold, Black Index Dial, Oysterflex Bracelet, 42 mm",Rolex Sky-Dweller,Rolex,NULL,NULL,336239,44400,44400.0,12,3,/api/uploads/aviandco/products/rolex-sky-sweller-336239-002-1-d5f2acf4858ebb7b.jpg,https://www.aviandco.com/rolex-sky-dweller-336239-black-index-dial-336239-002
avi-rolex-sky-dweller-336933-black-index-dial-336933-006,mismatch,name;reference,"Rolex Sky-Dweller 336933, Stainless Steel & 18K Yellow Gold, Black Index Dial, Jubilee Bracelet, 42 mm",Rolex Sky-Dweller,Rolex,NULL,NULL,336933,29600,29600.0,12,3,/api/uploads/aviandco/products/rolex-sky-dweller-336933-006-1-e4d98fe396d247fa.jpg,https://www.aviandco.com/rolex-sky-dweller-336933-black-index-dial-336933-006
avi-rolex-sky-dweller-336933-champagne-dial-336933-001,mismatch,name;reference,"Rolex Sky-Dweller 336933, 18K Yellow Gold & Stainless Steel, Champagne Dial, 42 mm",Rolex Sky-Dweller,Rolex,NULL,NULL,336933,27600,27600.0,3,3,/api/uploads/aviandco/products/rsky07134-1-1-10e183eadd710a68.jpg,https://www.aviandco.com/rolex-sky-dweller-336933-champagne-dial-336933-001
avi-rolex-sky-dweller-336933-champagne-index-dial-336933-007,mismatch,name;reference,"Rolex Sky-Dweller 336933, Stainless Steel & 18K Yellow Gold, Champagne Index Dial, Oyster Bracelet, 42 mm",Rolex Sky-Dweller,Rolex,NULL,NULL,336933,25000,25000.0,9,3,/api/uploads/aviandco/products/rolex-sky-dweller-336933-007-01-4861c96fe255f6ad.jpg,https://www.aviandco.com/rolex-sky-dweller-336933-champagne-index-dial-336933-007
avi-rolex-sky-dweller-336934-blue-dial-336934-008,mismatch,name;reference,"Rolex Sky-Dweller 336934, Stainless Steel, Blue Index Dial, Jubilee Bracelet, 42 mm",Rolex Sky-Dweller,Rolex,NULL,NULL,336934,27900,27900.0,11,3,/api/uploads/aviandco/products/rolex-sky-dweller-336934-blue-jubilee-1-1-eb13a90610e3519d.jpg,https://www.aviandco.com/rolex-sky-dweller-336934-blue-dial-336934-008
avi-rolex-sky-dweller-336934-blue-dial-336934-021,mismatch,name;reference,"Rolex Sky-Dweller 336934, Stainless Steel, Blue Index Dial, Oyster Bracelet, 42 mm",Rolex Sky-Dweller,Rolex,NULL,NULL,336934,25600,25600.0,3,3,/api/uploads/aviandco/products/336934-016-1-2-496a9c1db8f65880.jpg,https://www.aviandco.com/rolex-sky-dweller-336934-blue-dial-336934-021
avi-rolex-sky-dweller-336934-green-dial-336934-009,mismatch,name;reference,"Rolex Sky-Dweller 336934, Stainless Steel, Green Index Dial, 42 mm",Rolex Sky-Dweller,Rolex,NULL,NULL,336934,30800,30800.0,3,3,/api/uploads/aviandco/products/rolex-sky-dweller-336934-green-jubilee-1-1-c957b5cedf4c7a78.jpg,https://www.aviandco.com/rolex-sky-dweller-336934-green-dial-336934-009
avi-rolex-sky-dweller-336934-green-index-dial-336934-023,mismatch,name;price;reference,"Rolex Sky-Dweller 336934, 18K White Gold & Stainless Steel, Green Index Dial, Oyster Bracelet, 42 mm",Rolex Sky-Dweller,Rolex,NULL,NULL,336934,24000,23500.0,3,3,/api/uploads/aviandco/products/rolex-sky-dweller-336934-023-1-d416a0288814e728.jpg,https://www.aviandco.com/rolex-sky-dweller-336934-green-index-dial-336934-023
avi-rolex-sky-dweller-336934-green-index-dial-336934-024,mismatch,name;price;reference,"Rolex Sky-Dweller 336934, 18K White Gold & Stainless Steel, Blue Index Dial, Oyster Bracelet, 42 mm",Rolex Sky-Dweller,Rolex,NULL,NULL,336934,0,28100.0,3,3,/api/uploads/aviandco/products/336934-016-1-2-1-2b2917d3274905aa.jpg,https://www.aviandco.com/rolex-sky-dweller-336934-green-index-dial-336934-024
avi-rolex-sky-dweller-336934-green-index-dial-336934-025,mismatch,name;reference,"Rolex Sky-Dweller 336934, 18K White Gold & Stainless Steel, Green Index Dial, Oyster Bracelet, 42 mm",Rolex Sky-Dweller,Rolex,NULL,NULL,336934,28600,28600.0,10,3,/api/uploads/aviandco/products/rolex-sky-dweller-336934-023-1-2-a3e5b1b3d97a294d.jpg,https://www.aviandco.com/rolex-sky-dweller-336934-green-index-dial-336934-025
avi-rolex-sky-dweller-336934-white-dial-g0336934-001,mismatch,name;reference,"Rolex Sky-Dweller 336934, Jubilee, Steel, White Index Dial, 42 mm",Rolex Sky-Dweller,Rolex,NULL,NULL,336934,25000,25000.0,3,3,/api/uploads/aviandco/products/336934-sky-dweller-white-dial-a8eeed982d2ef13c.png,https://www.aviandco.com/rolex-sky-dweller-336934-white-dial-g0336934-001
avi-rolex-sky-dweller-336935-blue-index-dial-336935-031,mismatch,name;reference,"Rolex Sky-Dweller 336935, 18K Rose Gold, Blue Index Dial, Jubilee Bracelet, 42 mm",Rolex Sky-Dweller,Rolex,NULL,NULL,336935,81700,81700.0,3,3,/api/uploads/aviandco/products/rolex-sky-dweller-336935-031-1-b8e746d77ea0b261.jpg,https://www.aviandco.com/rolex-sky-dweller-336935-blue-index-dial-336935-031
avi-rolex-sky-dweller-336935-blue-index-dial-336935-032,mismatch,name;reference,"Rolex Sky-Dweller 336935, 18K Rose Gold, Blue Index Dial, Oyster Bracelet, 42 mm",Rolex Sky-Dweller,Rolex,NULL,NULL,336935,73500,73500.0,12,3,/api/uploads/aviandco/products/g0336935-001-1-1-1-1-1-1-1-3aac8570b632c7ad.jpg,https://www.aviandco.com/rolex-sky-dweller-336935-blue-index-dial-336935-032
avi-rolex-sky-dweller-336935-blue-index-dial-336935-033,mismatch,name;reference,"Rolex Sky-Dweller 336935, 18K Rose Gold, Blue Index Dial, Oyster Bracelet, 42 mm",Rolex Sky-Dweller,Rolex,NULL,NULL,336935,73500,73500.0,3,3,/api/uploads/aviandco/products/g0336935-001-1-1-1-1-1-1-1-1-09197d9560554240.jpg,https://www.aviandco.com/rolex-sky-dweller-336935-blue-index-dial-336935-033
avi-rolex-sky-dweller-336935-brown-dial-336935-005,mismatch,name;price;reference,"Rolex Sky-Dweller 336935, 18K Rose Gold, Brown Index Dial, 42 mm",Rolex Sky-Dweller,Rolex,NULL,NULL,336935,66400,64300.0,12,3,/api/uploads/aviandco/products/rolex-sky-dweller-336935-005-1-1-ded33ca63598d9af.jpg,https://www.aviandco.com/rolex-sky-dweller-336935-brown-dial-336935-005
avi-rolex-sky-dweller-336935-rhodium-dial-g0336935-002,mismatch,name;reference,"Rolex Sky-Dweller 336935, Oyster, 18K Rose Gold, Rhodium Index Dial, 42 mm",Rolex Sky-Dweller,Rolex,NULL,NULL,336935,76900,76900.0,3,3,/api/uploads/aviandco/products/336935-rolex-sky-dweller-96b179ee2127c47a.png,https://www.aviandco.com/rolex-sky-dweller-336935-rhodium-dial-g0336935-002
avi-rolex-sky-dweller-336935-rhodium-index-dial-336935-034,mismatch,name;reference,"Rolex Sky-Dweller 336935, 18K Rose Gold, Rhodium Index Dial, Jubilee Bracelet, 42 mm",Rolex Sky-Dweller,Rolex,NULL,NULL,336935,79600,79600.0,3,3,/api/uploads/aviandco/products/rolex-sky-dweller-336935-034-1-5aa2bbc4af85f2ec.jpg,https://www.aviandco.com/rolex-sky-dweller-336935-rhodium-index-dial-336935-034
avi-rolex-sky-dweller-336938-geen-index-dial-336938-002,mismatch,name;reference,"Rolex Sky-Dweller 336938, 18K Yellow Gold, Sundust Green Index Dial, Jubilee Bracelet, 42mm (2026)",Rolex Sky-Dweller,Rolex,NULL,NULL,336938,82700,82700.0,3,3,/api/uploads/aviandco/products/rolex-sky-dweller-336938-002-1-3623d3d264813c30.jpg,https://www.aviandco.com/rolex-sky-dweller-336938-geen-index-dial-336938-002
avi-rolex-sky-dweller-336959tbr-meteorite-diamond-dial-336959t,mismatch,name;price;reference,"Rolex Sky-Dweller 336959TBR, 18K White Gold, Diamond Bezel, Meteorite Diamond Dial, Diamond Oyster Bracelet, 42 mm",Rolex Sky-Dweller,Rolex,NULL,NULL,336959TBR,0,887500.0,9,3,/api/uploads/aviandco/products/326959tbr-001-1-1-1-1-5bce4bad65735fe6.jpg,https://www.aviandco.com/rolex-sky-dweller-336959tbr-meteorite-diamond-dial-336959tb-002
avi-rolex-submariner-114060-black-dial-114060-003,mismatch,name;reference,"Rolex Submariner 114060, Stainless Steel, Black Dial, Oyster Bracelet, 40 mm",Rolex Submariner,Rolex,NULL,NULL,114060,13700,13700.0,3,3,/api/uploads/aviandco/products/rolex-submariner-114060-003-1-a4c4fb970a11a34e.jpg,https://www.aviandco.com/rolex-submariner-114060-black-dial-114060-003
avi-rolex-submariner-116610-black-index-dial-116610-001,mismatch,name;reference,"Rolex Submariner 116610, Stainless Steel, Black Index Dial, Oyster Bracelet, 40 mm",Rolex Submariner,Rolex,NULL,NULL,116610,12800,12800.0,3,3,/api/uploads/aviandco/products/rolex-submariner-116610ln-004-1-5-4efc92cf9751974e.jpg,https://www.aviandco.com/rolex-submariner-116610-black-index-dial-116610-001
avi-rolex-submariner-116610lv-hulk-green-dial-116610lv-018,mismatch,name;reference,"Rolex Submariner 116610LV, ""Hulk"", Stainless Steel, Green Dial, Oyster Bracelet, 40 mm",Rolex Submariner,Rolex,NULL,NULL,116610LV,22000,22000.0,3,3,/api/uploads/aviandco/products/rolex-submariner-116610lv-hulk-1-1-1-64cee7454f6c4c2b.jpg,https://www.aviandco.com/rolex-submariner-116610lv-hulk-green-dial-116610lv-018
avi-rolex-submariner-116613lb-blue-dial-116613lb-001,mismatch,name;reference,"Rolex Submariner 116613LB, Stainless Steel & 18K Yellow Gold, Blue Index Dial, Oyster Bracelet, 40 mm",Rolex Submariner,Rolex,NULL,NULL,116613LB,16700,16700.0,8,3,/api/uploads/aviandco/products/rolex-submariner-116613lb-001-1-d759097f1271ca83.jpg,https://www.aviandco.com/rolex-submariner-116613lb-blue-dial-116613lb-001
avi-rolex-submariner-116613ln-black-index-dial-116613ln-004,mismatch,name;reference,"Rolex Submariner 116613LN, Stainless Steel & 18K Yellow Gold, Black Index Dial, Oyster Bracelet, 40 mm",Rolex Submariner,Rolex,NULL,NULL,116613LN,14800,14800.0,4,3,/api/uploads/aviandco/products/rolex-submariner-116613ln-001-1-a196bf57b8472d8b.jpg,https://www.aviandco.com/rolex-submariner-116613ln-black-index-dial-116613ln-004
avi-rolex-submariner-116618ln-black-index-dial-116618ln-001,mismatch,name;reference;image_count,"Rolex Submariner 116618LN, 18K Yellow Gold, Black Index Dial, Oyster Bracelet, 40mm",Rolex Submariner,Rolex,NULL,NULL,116618LN,37300,37300.0,1,3,/api/uploads/aviandco/products/rolex-submariner-116618ln-001-1-1-ce1d2431ef8b74f7.jpg,https://www.aviandco.com/rolex-submariner-116618ln-black-index-dial-116618ln-001
avi-rolex-submariner-116659sabr-pave-dial-116659sabr-002,mismatch,name;price;reference;image_count,"Rolex Submariner 116659SABR, 18K White Gold, Sapphire Bezel, Pave Dial, 40 mm",Rolex Submariner,Rolex,NULL,NULL,116659SABR,0,234700.0,1,3,/api/uploads/aviandco/products/116659sabr-002-1-1-5c7c7d1b02940a2a.jpg,https://www.aviandco.com/rolex-submariner-116659sabr-pave-dial-116659sabr-002
avi-rolex-submariner-124060-black-index-dial-124060-011,mismatch,name;price;reference,"Rolex Submariner 124060, Stainless Steel, Black Index Dial, Oyster Bracelet, 41 mm",Rolex Submariner,Rolex,NULL,NULL,124060,0,15400.0,5,3,/api/uploads/aviandco/products/rolex-submariner-124060-black-1-b7822f39a93371f5.jpg,https://www.aviandco.com/rolex-submariner-124060-black-index-dial-124060-011
avi-rolex-submariner-126610ln-black-index-dial-12660ln-016,mismatch,name;reference;image_count,"Rolex Submariner 126610LN, Stainless Steel, Black Index Dial, Oyster Bracelet, 41 mm",Rolex Submariner,Rolex,NULL,NULL,126610LN,14800,14800.0,1,3,/api/uploads/aviandco/products/126610ln-003-1-1-1-1-1-1-9490d7e0cfcea987.jpg,https://www.aviandco.com/rolex-submariner-126610ln-black-index-dial-12660ln-016
avi-rolex-submariner-126610ln-black-index-dial-12660ln-017,mismatch,name;reference,"Rolex Submariner 126610LN, Stainless Steel, Black Index Dial, Oyster Bracelet, 41 mm",Rolex Submariner,Rolex,NULL,NULL,126610LN,16900,16900.0,4,3,/api/uploads/aviandco/products/126610ln-003-1-1-1-1-1-1-1-2b69096e2cdc1cbd.jpg,https://www.aviandco.com/rolex-submariner-126610ln-black-index-dial-12660ln-017
avi-rolex-submariner-126610ln-black-index-dial-12660ln-018,mismatch,name;reference,"Rolex Submariner 126610LN, Stainless Steel, Black Index Dial, Oyster Bracelet, 41 mm (2026)",Rolex Submariner,Rolex,NULL,NULL,126610LN,16900,16900.0,3,3,/api/uploads/aviandco/products/126610ln-003-1-1-1-1-1-1-1-1-422cce17091ccffa.jpg,https://www.aviandco.com/rolex-submariner-126610ln-black-index-dial-12660ln-018
avi-rolex-submariner-126610lv-black-dial-126610lv-009,mismatch,name;price;reference,"Rolex Submariner 126610LV, ""Starbucks"", Stainless Steel, Black Index Dial, Oyster Bracelet, 41 mm",Rolex Submariner,Rolex,NULL,NULL,126610LV,16400,16100.0,12,3,/api/uploads/aviandco/products/rolex-submariner-126610lv-new-1-73969e5bade86cb9.jpg,https://www.aviandco.com/rolex-submariner-126610lv-black-dial-126610lv-009
avi-rolex-submariner-126610lv-black-dial-rsub07151,mismatch,name;price;reference,"Rolex Submariner 126610LV, ""Starbucks"", Stainless Steel, Green Bezel, Black Index Dial, 41 mm",Rolex Submariner,Rolex,NULL,NULL,126610LV,15400,14800.0,3,3,/api/uploads/aviandco/products/rolex-submariner-126610lv-old-1-1-9558314d372c934a.jpg,https://www.aviandco.com/rolex-submariner-126610lv-black-dial-rsub07151
avi-rolex-submariner-126613lb-blue-index-dial-126613lb-014,mismatch,name;price;reference,"Rolex Submariner 126613LB, Stainless Steel & 18K Yellow Gold, Blue Index Dial, Oyster Bracelet, 41 mm",Rolex Submariner,Rolex,NULL,NULL,126613LB,0,23500.0,3,3,/api/uploads/aviandco/products/rolex-submariner-126613lb-blue-1-3-1-f803d706547832eb.jpg,https://www.aviandco.com/rolex-submariner-126613lb-blue-index-dial-126613lb-014
avi-rolex-submariner-126613ln-black-dial-rsub07141,mismatch,name;price;reference,"Rolex Submariner 126613LN, Steel & 18K Yellow Gold, Black Index Dial, 41 mm",Rolex Submariner,Rolex,NULL,NULL,126613LN,20500,19900.0,3,3,/api/uploads/aviandco/products/rolex-submariner-rsub07141-1-c2400d1f99d13936.jpg,https://www.aviandco.com/rolex-submariner-126613ln-black-dial-rsub07141
avi-rolex-submariner-126613ln-black-index-dial-126613ln-001,mismatch,name;price;reference,"Rolex Submariner 126613LN, Stainless Steel & 18K Yellow Gold, Black Index Dial, Oyster Bracelet, 41 mm",Rolex Submariner,Rolex,NULL,NULL,126613LN,17900,17400.0,3,3,/api/uploads/aviandco/products/rolex-submariner-rsub07141-1-1-073e8b5a4a73d9a1.jpg,https://www.aviandco.com/rolex-submariner-126613ln-black-index-dial-126613ln-001
avi-rolex-submariner-126618lb-blue-index-dial-126618lb-003,mismatch,name;reference,"Rolex Submariner 126618LB, 18K Yellow Gold, Blue Index Dial, Oyster Bracelet, 41 mm",Rolex Submariner,Rolex,NULL,NULL,126618LB,49500,49500.0,3,3,/api/uploads/aviandco/products/rolex-submariner-126618lb-002-1-81ecb239c85db673.jpg,https://www.aviandco.com/rolex-submariner-126618lb-blue-index-dial-126618lb-003
avi-rolex-submariner-126618ln-black-dial-rsub07189,mismatch,name;reference,"Rolex Submariner 126618LN, 18K Yellow Gold, Black Dial, 41 mm",Rolex Submariner,Rolex,NULL,NULL,126618LN,46000,46000.0,4,3,/api/uploads/aviandco/products/rolex-submariner-126618ln-1-2-de11667ab13b3452.jpg,https://www.aviandco.com/rolex-submariner-126618ln-black-dial-rsub07189
avi-rolex-submariner-126619lb-black-dial-126619lb-007,mismatch,name;price;reference,"Rolex Submariner 126619LB, 18K White Gold , Black Index Dial, 41 mm",Rolex Submariner,Rolex,NULL,NULL,126619LB,46000,40300.0,3,3,/api/uploads/aviandco/products/rolex-submariner-126619lb-black-dial-1-1-9ea7ed043cefb538.jpg,https://www.aviandco.com/rolex-submariner-126619lb-black-dial-126619lb-007
avi-rolex-submariner-126619lb-black-dial-126619lb-009,mismatch,name;price;reference,"Rolex Submariner 126619LB, 18K White Gold, ""Cookie Monster"", Black Index Dial, 41 mm",Rolex Submariner,Rolex,NULL,NULL,126619LB,38300,37300.0,12,3,/api/uploads/aviandco/products/126619lb-005-1-1-1-38417ec5c914d300.jpg,https://www.aviandco.com/rolex-submariner-126619lb-black-dial-126619lb-009
avi-rolex-submariner-16610-black-index-dial-16610-002,mismatch,name;reference,"Rolex Submariner 16610, Stainless Steel, Black Index Dial, Oyster Bracelet, 40 mm",Rolex Submariner,Rolex,NULL,NULL,16610,10800,10800.0,3,3,/api/uploads/aviandco/products/rolex-submariner-16610-002-1-b74e79766a1286ab.jpg,https://www.aviandco.com/rolex-submariner-16610-black-index-dial-16610-002
avi-rolex-submariner-16613-black-index-dial-16613-001,mismatch,name;reference,"Rolex Submariner 16613, Stainless Steel & 18K Yellow Gold, Black Index Dial, Oyster Bracelet, 40 mm",Rolex Submariner,Rolex,NULL,NULL,16613,11300,11300.0,3,3,/api/uploads/aviandco/products/rolex-submariner-16613-001-1-4b77f8b40e5b753c.jpg,https://www.aviandco.com/rolex-submariner-16613-black-index-dial-16613-001
avi-rolex-submariner-5508-black-dial-5508-001,mismatch,name;price;reference,"Rolex Submariner 5508, ""Small Crown James Bond"", Stainless Steel, Black Dial, Oyster Bracelet, 37 mm",Rolex Submariner,Rolex,NULL,NULL,5508,51100,46000.0,12,3,/api/uploads/aviandco/products/rolex-submariner-5508-001-1-5204e76d12aad2ef.jpg,https://www.aviandco.com/rolex-submariner-5508-black-dial-5508-001
avi-rolex-vintage-daytona-6239-black-dial-6239-002,mismatch,name;price;reference,"Rolex Vintage Daytona 6239, Vintage, Stainless Steel, Black Dial, Jubilee Bracelet, 36 mm",Rolex Vintage Daytona,Rolex,NULL,NULL,6239,0,86800.0,3,3,/api/uploads/aviandco/products/rolex-vintage-daytona-6239-002-1-78f99909396f2d06.jpg,https://www.aviandco.com/rolex-vintage-daytona-6239-black-dial-6239-002
avi-rolex-vintage-daytona-6239-white-dial-6239-001,mismatch,name;price;reference,"Rolex Vintage Daytona 6239, Vintage ""Paul Newman"", Stainless Steel, White Dial, Oyster Bracelet, 36 mm",Rolex Vintage Daytona,Rolex,NULL,NULL,6239,0,392800.0,3,3,/api/uploads/aviandco/products/rolex-vintage-daytona-6239-001-1-ec500e3284650ab1.jpg,https://www.aviandco.com/rolex-vintage-daytona-6239-white-dial-6239-001
avi-rolex-vintage-daytona-6262-exotic-white-dial-6262-001,mismatch,name;reference,"Rolex Vintage Daytona 6262, Vintage ""Paul Newman"", Stainless Steel, Exotic White Dial, Oyster Bracelet, 37mm",Rolex Vintage Daytona,Rolex,NULL,NULL,6262,367300,367300.0,3,3,/api/uploads/aviandco/products/rolex-vintage-daytona-6262-001-1-1c4658bf27740757.jpg,https://www.aviandco.com/rolex-vintage-daytona-6262-exotic-white-dial-6262-001
avi-rolex-yacht-master-116622-rhodium-dial-116622-005,mismatch,name;price;reference,"Rolex Yacht-Master 116622, Platinum, Bezel Rhodium Dial, Oyster Bracelet, 40 mm",Rolex Yacht-Master,Rolex,NULL,NULL,116622,0,15300.0,10,3,/api/uploads/aviandco/products/rolex-yachtmaster-116622-003-1-2c468264acf126eb.jpg,https://www.aviandco.com/rolex-yacht-master-116622-rhodium-dial-116622-005
avi-rolex-yacht-master-116695sats-pave-dial-116695sats-001,mismatch,name;reference,"Rolex Yacht-Master 116695SATS, 18K Rose Gold, Pave Index Dial, Rainbow Bezel, Oysterflex Bracelet, 40 mm",Rolex Yacht-Master,Rolex,NULL,NULL,116695SATS,128800,128800.0,3,3,/api/uploads/aviandco/products/rolex-yacht-master-116695sats-001-1-29ad341daae93e06.jpg,https://www.aviandco.com/rolex-yacht-master-116695sats-pave-dial-116695sats-001
avi-rolex-yacht-master-126621-black-dial-126621-003,mismatch,name;reference,"Rolex Yacht-Master 126621, Stainless Steel & 18K Rose Gold, Black Dial, Oyster Bracelet, 40 mm",Rolex Yacht-Master,Rolex,NULL,NULL,126621,19400,19400.0,12,3,/api/uploads/aviandco/products/rolex-yahtmaster-ii-126621-001-1-1-fd67856ebcb36085.jpg,https://www.aviandco.com/rolex-yacht-master-126621-black-dial-126621-003
avi-rolex-yacht-master-126621-chocolate-index-dial-126621-005,mismatch,name;reference,"Rolex Yacht-Master 126621, Stainless Steel & 18K Rose Gold, Chocolate Index Dial, Oyster Bracelet, 40 mm",Rolex Yacht-Master,Rolex,NULL,NULL,126621,18400,18400.0,3,3,/api/uploads/aviandco/products/116621-001-1-1-514ebc9a4580acf6.jpg,https://www.aviandco.com/rolex-yacht-master-126621-chocolate-index-dial-126621-005
avi-rolex-yacht-master-126622-blue-dial-g0126622-009,mismatch,name;reference,"Rolex Yacht-Master 126622, Stainless Steel, Blue Dial, 40 mm",Rolex Yacht-Master,Rolex,NULL,NULL,126622,17600,17600.0,8,3,/api/uploads/aviandco/products/126622-007-1-1-1-9b52313b6f4606d9.jpg,https://www.aviandco.com/rolex-yacht-master-126622-blue-dial-g0126622-009
avi-rolex-yacht-master-126655-pave-diamond-dial-126655-002,mismatch,name;reference,"Rolex Yacht-Master 126655, 18K Rose Gold, Pave Index Dial, Oysterflex Bracelet, 40 mm",Rolex Yacht-Master,Rolex,NULL,NULL,126655,53100,53100.0,3,3,/api/uploads/aviandco/products/rolex-yacht-master-40-126655-002-1-5b8a86302527a245.jpg,https://www.aviandco.com/rolex-yacht-master-126655-pave-diamond-dial-126655-002
avi-rolex-yacht-master-16622-silver-dial-16622-001,mismatch,name;reference,"Rolex Yacht-Master 16622, Steel, Silver Dial, 40 mm",Rolex Yacht-Master,Rolex,NULL,NULL,16622,10700,10700.0,3,3,/api/uploads/aviandco/products/16622-01-1-748faebfeddbfbd6.jpg,https://www.aviandco.com/rolex-yacht-master-16622-silver-dial-16622-001
avi-rolex-yacht-master-16623-white-dial-16623-001,mismatch,name;price;reference,"Rolex Yacht-Master 16623, Stainless Steel & 18K Yellow Gold, White Index Dial, 40 mm",Rolex Yacht-Master,Rolex,NULL,NULL,16623,0,12900.0,3,3,/api/uploads/aviandco/products/rym107004--1-1-c1303c77f4d3e7ac.jpg,https://www.aviandco.com/rolex-yacht-master-16623-white-dial-16623-001
avi-rolex-yacht-master-16628-white-index-dial-16628-001,mismatch,name;reference,"Rolex Yacht-Master 16628, 18K Yellow Gold, White Index Dial, Oyster Bracelet, 40 mm",Rolex Yacht-Master,Rolex,NULL,NULL,16628,27600,27600.0,3,3,/api/uploads/aviandco/products/rolex-yacht-master-16628-001-1-1-1-5cc91b3894d19461.jpg,https://www.aviandco.com/rolex-yacht-master-16628-white-index-dial-16628-001
avi-rolex-yacht-master-226627-black-dial-226627-008,mismatch,name;reference,"Rolex Yacht-Master 226627, RLX Titanium, Black Dial, Oyster Bracelet, 42 mm",Rolex Yacht-Master,Rolex,NULL,NULL,226627,28100,28100.0,3,3,/api/uploads/aviandco/products/rolex-yacht-master-226627-006-1-1-218345523f604333.jpg,https://www.aviandco.com/rolex-yacht-master-226627-black-dial-226627-008
avi-rolex-yacht-master-226658-black-dial-226658-007,mismatch,name;reference,"Rolex Yacht-Master 42 226658, 18K Yellow Gold, Black Dial, 42 mm",Rolex Yacht-Master 42,Rolex,NULL,NULL,226658,39700,39700.0,3,3,/api/uploads/aviandco/products/rolex-yacht-master-42-226658-black-dial-1-3-d4c98219139eec71.jpg,https://www.aviandco.com/rolex-yacht-master-226658-black-dial-226658-007
avi-rolex-yacht-master-226659-black-index-dial-226659-009,mismatch,name;reference,"Rolex Yacht-Master 226659, 18K White Gold, Cerachrom Bezel, Black Index Dial, Oysterflex Bracelet, 42 mm",Rolex Yacht-Master,Rolex,NULL,NULL,226659,35200,35200.0,3,3,/api/uploads/aviandco/products/226659-003-1-1-2-5d93607d5ff966bd.jpg,https://www.aviandco.com/rolex-yacht-master-226659-black-index-dial-226659-009
avi-rolex-yacht-master-226668tbr-pave-index-dial-226668tbr-002,mismatch,name;price;reference,"Rolex Yacht-Master 226668TBR, 18K Yellow Gold, Pave Index Dial, Oysterflex Bracelet, 42 mm",Rolex Yacht-Master,Rolex,NULL,NULL,226668TBR,0,178600.0,3,3,/api/uploads/aviandco/products/rolex-yacht-master-226668tbr-002-1-22c63f981edc9e3d.jpg,https://www.aviandco.com/rolex-yacht-master-226668tbr-pave-index-dial-226668tbr-002
avi-rolex-yacht-master-226679tbr-black-dial-226679tbr-001,mismatch,name;price;reference,"Rolex Yacht-Master 226679TBR, 18K White Gold, Diamond Bezel, Black Dial, 42 mm",Rolex Yacht-Master,Rolex,NULL,NULL,226679TBR,97000,93900.0,12,3,/api/uploads/aviandco/products/rolex-yacht-master-226679tbr-011-1-2642d04d14a35c60.jpg,https://www.aviandco.com/rolex-yacht-master-226679tbr-black-dial-226679tbr-001
avi-rolex-yacht-master-268655-black-dial-g0268655-001,mismatch,name;reference,"Rolex Yacht-Master 268655, Oysterflex, 18K Rose Gold, Black Dial, 37 mm",Rolex Yacht-Master,Rolex,NULL,NULL,268655,35600,35600.0,9,3,/api/uploads/aviandco/products/rolex-yacht-master-268655-1-756bdb612b8a3954.jpg,https://www.aviandco.com/rolex-yacht-master-268655-black-dial-g0268655-001
avi-rolex-yacht-master-40-116655-black-dial-116655-004,mismatch,name;price;reference,"Rolex Yacht-Master 116655, 18K Rose Gold, Black Index Dial, 40 mm",Rolex Yacht-Master,Rolex,NULL,NULL,116655,28100,27100.0,12,3,/api/uploads/aviandco/products/rolex-yacht-master-116655-001-1-1-18beb36428e64492.jpg,https://www.aviandco.com/rolex-yacht-master-40-116655-black-dial-116655-004
avi-rolex-yacht-master-40-126622-rhodium-dial-g0126622,mismatch,name;price;reference,"Rolex Yacht-Master 40 126622, Stainless Steel & Platinum, Dark Rhodium Dial, Oyster Bracelet, 40 mm",Rolex Yacht-Master 40,Rolex,NULL,NULL,126622,0,18400.0,3,3,/api/uploads/aviandco/products/rolex-yacht-master-40-126622-rhodium-1df191d4f476f246.jpg,https://www.aviandco.com/rolex-yacht-master-40-126622-rhodium-dial-g0126622
avi-rolex-yacht-master-ii-116680-white-dial-116680-005,mismatch,name;reference,"Rolex Yacht-Master II 116680, Stainless Steel, Mercedes Hands, White Dial, 44 mm",Rolex Yacht-Master II,Rolex,NULL,NULL,116680,20600,20600.0,3,3,/api/uploads/aviandco/products/rolex-yachtmaster-ii-116680-005-1-bdbab8c86d8761b3.jpg,https://www.aviandco.com/rolex-yacht-master-ii-116680-white-dial-116680-005
avi-rolex-yacht-master-ii-116681-white-dial-116681-002,mismatch,name;price;reference,"Rolex Yacht-Master II 116681, Stainless Steel & 18K Rose Gold, White Dial, Oyster Bracelet, 44 mm",Rolex Yacht-Master II,Rolex,NULL,NULL,116681,28600,27600.0,10,3,/api/uploads/aviandco/products/rolex-yacht-master-ii-116681-002-1-570d85d38df1cda9.jpg,https://www.aviandco.com/rolex-yacht-master-ii-116681-white-dial-116681-002
avi-rolex-yacht-master-ii-116688-white-dial-116688-004,mismatch,name;reference,"Rolex Yacht-Master II 116688, 18K Yellow Gold, White Dial, Oyster Bracelet, 44 mm",Rolex Yacht-Master II,Rolex,NULL,NULL,116688,48000,48000.0,8,3,/api/uploads/aviandco/products/rolex-yacht-master-ii-116688-001-1-0c631e4b8f143847.jpg,https://www.aviandco.com/rolex-yacht-master-ii-116688-white-dial-116688-004
avi-rolex-yacht-master-ii-126680-white-dial-g0126680-spy-001,mismatch,name;price;reference,"Rolex Yacht-Master II 126680, Stainless Steel, White Dial, Oyster Bracelet, 44 mm (2026)",Rolex Yacht-Master II,Rolex,NULL,NULL,126680,0,25000.0,3,3,/api/uploads/aviandco/products/rolex-yacht-master-ii-g0126680-spy-001-1-cd6ae4d3fb4c60b6.jpg,https://www.aviandco.com/rolex-yacht-master-ii-126680-white-dial-g0126680-spy-001
avi-rolex-yacht-master-ii-126688-white-dial-g0126688-spy-001,mismatch,name;price;reference,"Rolex Yacht-Master II 126688, 18K Yellow Gold, White Dial, Oyster Bracelet, 44 mm (2026)",Rolex Yacht-Master II,Rolex,NULL,NULL,126688,0,60000.0,3,3,/api/uploads/aviandco/products/rolex-yacht-master-ii-g0126688-spy-001-1-f89b9b829909ac5a.jpg,https://www.aviandco.com/rolex-yacht-master-ii-126688-white-dial-g0126688-spy-001
avi-tudor-black-bay-79230b-black-dial-79230b-002,mismatch,name;price;reference,"Tudor Black Bay 79230N, Steel, Blue Bezel, Black Dial, 41 mm",Tudor Black Bay,Tudor,NULL,NULL,79230B,0,3399.0,3,3,/api/uploads/aviandco/products/tudor-black-bay-79230b-002-1-51c01a6d1108e6c6.jpg,https://www.aviandco.com/tudor-black-bay-79230b-black-dial-79230b-002
avi-tudor-black-bay-79230n-black-dial-tdbb07021,mismatch,name;price;reference,"Tudor Black Bay 79230N, Stainless Steel, Black Dial, Black Bezel 41 mm",Tudor Black Bay,Tudor,NULL,NULL,79230N,0,3799.0,3,3,/api/uploads/aviandco/products/tdbb07003--1-240-1-e4791407437e7bcc.jpg,https://www.aviandco.com/tudor-black-bay-79230n-black-dial-tdbb07021
avi-tudor-black-bay-79230n-black-dial-tdbb07024,mismatch,name;price;reference,"Tudor Black Bay 79230N, Steel, Red Bezel, Black Dial, 41 mm",Tudor Black Bay,Tudor,NULL,NULL,79230N,4000,3600.0,3,3,/api/uploads/aviandco/products/tdbb07024-1-86769acefb6afd5e.jpg,https://www.aviandco.com/tudor-black-bay-79230n-black-dial-tdbb07024
avi-tudor-black-bay-79363n-black-dial-tdbb07023,mismatch,name;price;reference;image_count,"Tudor Black Bay 79363N, Chronograph, Stainless Steel & 18K Yellow Gold, Black Dial 41 mm",Tudor Black Bay,Tudor,NULL,NULL,79363N,0,5899.0,1,3,/api/uploads/aviandco/products/tdbb07023-1-854f198a73878e7e.jpg,https://www.aviandco.com/tudor-black-bay-79363n-black-dial-tdbb07023
avi-tudor-black-bay-79503-black-dial-79503-001,mismatch,name;price;reference,"Tudor Black Bay 79503, Stainless Steel & Yellow Gold, Black Dial, 36 mm",Tudor Black Bay,Tudor,NULL,NULL,79503,0,3399.0,3,3,/api/uploads/aviandco/products/tudor-black-bay-79503-01-1-4d696b82f23bc983.jpg,https://www.aviandco.com/tudor-black-bay-79503-black-dial-79503-001
avi-tudor-black-bay-79543-champagne-dial-79543-001,mismatch,name;price;reference;image_count,"Tudor Black Bay 79543, Steel & Yellow Gold, Champagne Dial, 41 mm",Tudor Black Bay,Tudor,NULL,NULL,79543,0,3499.0,1,3,/api/uploads/aviandco/products/79543-001-1-1-4fc40d00cdac9825.jpg,https://www.aviandco.com/tudor-black-bay-79543-champagne-dial-79543-001
avi-tudor-black-bay-79830rb-black-dial-tdbb07025,mismatch,name;reference,"Tudor Black Bay 79830RB, Stainless Steel, Red Blue Bezel, Black Dial, 41 mm",Tudor Black Bay,Tudor,NULL,NULL,79830RB,3900,3900.0,3,3,/api/uploads/aviandco/products/tdbb07010--1-42-1-1-6fcf754fa3334b96.jpg,https://www.aviandco.com/tudor-black-bay-79830rb-black-dial-tdbb07025
avi-tudor-black-bay-bronze-79250bb-blue-dial-79250bb-001,mismatch,name;price;reference,"Tudor Black Bay 79250BB, Bronze, Blue Dial, 43 mm",Tudor Black Bay,Tudor,NULL,NULL,79250BB,0,4700.0,3,3,/api/uploads/aviandco/products/tudor-black-bay-79250bb-001-1-c4b53779cad9e3fc.jpg,https://www.aviandco.com/tudor-black-bay-bronze-79250bb-blue-dial-79250bb-001
avi-tudor-black-bay-chrono-79360n-pink-dial-79360n-003,mismatch,name;reference,"Tudor Black Bay 79360N, Stainless Steel, Pink Dial, 41 mm",Tudor Black Bay,Tudor,NULL,NULL,79360N,12800,12800.0,3,3,/api/uploads/aviandco/products/tudor-black-bay-79360n-001-1-51e0bc047af59c57.jpg,https://www.aviandco.com/tudor-black-bay-chrono-79360n-pink-dial-79360n-003
avi-tudor-black-bay-chrono-79360n-turquoise-dial-79360n-002,mismatch,name;price;reference,"Tudor Black Bay 79360N, Stainless Steel, Turquoise Dial, 41 mm",Tudor Black Bay,Tudor,NULL,NULL,79360N,0,12300.0,3,3,/api/uploads/aviandco/products/tudor-black-bay-79360n-002-1-1-1a133d20e43867ac.jpg,https://www.aviandco.com/tudor-black-bay-chrono-79360n-turquoise-dial-79360n-002
avi-tudor-fastrider-42000cr-black-dial-tdfr07001,mismatch,name;price;reference,"Tudor Fastrider Black Shield 42000CR, Black Red Dial, 44 mm",Tudor Fastrider Black Shield,Tudor,NULL,NULL,42000CR,0,3900.0,3,3,/api/uploads/aviandco/products/tudor-fastrider-black-shield-tdfr07001-1-4e6878eb545b3d04.jpg,https://www.aviandco.com/tudor-fastrider-42000cr-black-dial-tdfr07001
avi-tudor-heritage-70330n-0006-grey-dial-tdht07003,mismatch,name;price;reference,"Tudor Heritage 70330N, Montecarlo, Steel, Grey Index Dial, 42 mm",Tudor Heritage,Tudor,NULL,NULL,70330N-0006,0,3699.0,3,3,/api/uploads/aviandco/products/tdht07002--1-487-1-1-359245cf578e8f8c.jpg,https://www.aviandco.com/tudor-heritage-70330n-0006-grey-dial-tdht07003
avi-ulysse-nardin-3716-260-03-transparent-dial-3716-260-03-001,mismatch,name;price;reference,"Ulysse Nardin Executive 3716-260/03, 18K Rose Gold, Transparent Dial, 42 mm",Ulysse Nardin Executive,Ulysse Nardin,NULL,NULL,3716-260/03,19900,18900.0,3,3,/api/uploads/aviandco/products/ulysse-nardin-executive-3716-260-03-001-1-3014946e95a8cc23.jpg,https://www.aviandco.com/ulysse-nardin-3716-260-03-transparent-dial-3716-260-03-001
avi-ulysse-nardin-freak-020-81-blue-dial-020-81-001,mismatch,name;price;reference,"Ulysse Nardin Freak 020-81, White Gold, Blue Arabic Dial, 44 mm",Ulysse Nardin Freak,Ulysse Nardin,NULL,NULL,020-81,0,30700.0,3,3,/api/uploads/aviandco/products/ulysse-nardin-freak-020-81-1-202dfddc3cba0579.jpg,https://www.aviandco.com/ulysse-nardin-freak-020-81-blue-dial-020-81-001
avi-vacheron-constantin-fiftysix-4000e-000r-b438-silver-mix-di,mismatch,name;price;reference,"Vacheron Constantin Fiftysix 4000E/000R-B438, Complete Calendar, 18K Rose Gold, Silver Dial, 40 mm",Vacheron Constantin Fiftysix,Vacheron Constantin,NULL,NULL,4000E/000R-B438,0,30700.0,3,3,/api/uploads/aviandco/products/vacheron-constantin-fiftysix-4000-001-1-f712127d798fb584.jpg,https://www.aviandco.com/vacheron-constantin-fiftysix-4000e-000r-b438-silver-mix-dial-4000-001
avi-vacheron-constantin-harmony-7810s-000r-b051-silver-dial-78,mismatch,name;price;reference,"Vacheron Constantin Harmony 7810S/000R-B051, 18K Rose Gold, Limited to 625pcs, Silver Arabic Numerals Dial, 40 mm",Vacheron Constantin Harmony,Vacheron Constantin,NULL,NULL,7810S/000R-B051,0,23500.0,3,3,/api/uploads/aviandco/products/7810s-000r-b051-001-1-1-fbf3716dc58762b5.jpg,https://www.aviandco.com/vacheron-constantin-harmony-7810s-000r-b051-silver-dial-7810s-000r-b051-002
avi-vacheron-constantin-historiques-4200h-222a-b934-blue-index,mismatch,name;price;reference,"Vacheron Constantin Historiques 222 4200H, 222, Stainless Steel, Blue Index Dial, 37 mm",Vacheron Constantin Historiques 222,Vacheron Constantin,NULL,NULL,4200H/222A-B934,0,60700.0,3,3,/api/uploads/aviandco/products/vacheron-constantin-historiques-222-420h-001-1-d9190e4ca48586f8.jpg,https://www.aviandco.com/vacheron-constantin-historiques-4200h-222a-b934-blue-index-dial-4200h-001
avi-vacheron-constantin-historiques-4200h-222j-b934-gold-index,mismatch,name;price;reference,"Vacheron Constantin Historiques 222 4200H/222J-B935, ""Jumbo 222"", 18K Yellow Gold, Gold-Toned Matte Index Dial, 37 mm",Vacheron Constantin Historiques 222,Vacheron Constantin,NULL,NULL,4200H/222J-B935,0,75500.0,3,3,/api/uploads/aviandco/products/vacheron-constantin-historiques-222-4200h-002-1-3c1741b392cf3d36.jpg,https://www.aviandco.com/vacheron-constantin-historiques-4200h-222j-b934-gold-index-dial-4200h-002
avi-vacheron-constantin-overseas,mismatch,name;price;reference,"Vacheron Constantin Overseas Chronograph, Steel, Blue Dial, 42 mm",Vacheron Constantin Overseas,Vacheron Constantin,NULL,NULL,X55A9467,0,44599.0,3,3,/api/uploads/aviandco/products/vacheron-constantin-overseas-d826a20175517ea8.jpg,https://www.aviandco.com/vacheron-constantin-overseas
avi-vacheron-constantin-overseas-4520v-210a-b483-black-index-d,mismatch,name;reference;image_count,"Vacheron Constantin Overseas 4520V/210A-B483, Stainless Steel, Black Index Dial, 41 mm",Vacheron Constantin Overseas,Vacheron Constantin,NULL,NULL,4520V/210A-B483,27100,27100.0,1,3,/api/uploads/aviandco/products/vacheron-constantin-overseas-4500v-110a-001-1-1-efce1c5becf1dcd7.jpg,https://www.aviandco.com/vacheron-constantin-overseas-4520v-210a-b483-black-index-dial-4520v-001
avi-vacheron-constantin-overseas-4520v-210r-b705-bue-index-dia,mismatch,name;reference,"Vacheron Constantin Overseas 4520V/210R-B705, 18K Rose Gold, Sunburst Blue Index Dial, 41 mm",Vacheron Constantin Overseas,Vacheron Constantin,NULL,NULL,4520V/210R-B705,60200,60200.0,3,3,/api/uploads/aviandco/products/vacheron-constantin-overseas-4520v-002-1-1-a7da53c987597dcc.jpg,https://www.aviandco.com/vacheron-constantin-overseas-4520v-210r-b705-bue-index-dial-4520v-002
avi-vacheron-constantin-overseas-6000v-210t-h179-sunburst-red-,mismatch,name;price;reference,"Vacheron Constantin Overseas 6000V/210T-H179, Tourbillion, Titanium, Sunburst Red Dial, 42.5 mm",Vacheron Constantin Overseas,Vacheron Constantin,NULL,NULL,6000V/210T-H179,0,500000.0,3,3,/api/uploads/aviandco/products/vacheron-constantin-overseas-tourbilliong06000v-210t-h179-spy-001-081f29db6754d31f.jpg,https://www.aviandco.com/vacheron-constantin-overseas-6000v-210t-h179-sunburst-red-dial-g06000v-210t-h179-spy-001
avi-vacheron-constantin-overseas-7900v-110a-blue-dial-7900v-11,mismatch,name;price;reference,"Vacheron Constantin Overseas 7900V/110A, Dual Time, Steel, Blue Index Dial, 41 mm",Vacheron Constantin Overseas,Vacheron Constantin,NULL,NULL,7900V/110A,0,32699.0,3,3,/api/uploads/aviandco/products/vacheron-constantin-overseas-7900v-110a-1-1-05fbd2f380350f80.jpg,https://www.aviandco.com/vacheron-constantin-overseas-7900v-110a-blue-dial-7900v-110a-002
avi-vacheron-constantin-overseas-7930v-210t-h072-brown-dial-g0,mismatch,name;price;reference,"Vacheron Constantin Overseas 7930V/210T-H072, Dual Time, ""Cardinal Points"" South, Titanium, Brown Dial, 41 mm (2026)",Vacheron Constantin Overseas,Vacheron Constantin,NULL,NULL,7930V/210T-H072,0,45000.0,3,3,/api/uploads/aviandco/products/vacheron-constantin-overseas-g07930v-210t-h072-spy-001-1-551dabd131ee138a.jpg,https://www.aviandco.com/vacheron-constantin-overseas-7930v-210t-h072-brown-dial-g07930v-210t-h072-spy-001
avi-vacheron-constantin-overseas-7930v-210t-h073-white-dial-g0,mismatch,name;price;reference,"Vacheron Constantin Overseas 7930V/210T-H073, Dual Time, ""Cardinal Points"" North, Titanium, White Dial, 41 mm (2026)",Vacheron Constantin Overseas,Vacheron Constantin,NULL,NULL,7930V/210T-H073,0,45000.0,3,3,/api/uploads/aviandco/products/vacheron-constantin-overseas-g07930v-210t-h073-spy-001-1-28fef44283ff037d.jpg,https://www.aviandco.com/vacheron-constantin-overseas-7930v-210t-h073-white-dial-g07930v-210t-h073-spy-001
avi-vacheron-constantin-overseas-7930v-210t-h074-blue-dial-g07,mismatch,name;price;reference,"Vacheron Constantin Overseas 7930V/210T-H074, Dual Time, ""Cardinal Points"" East, Titanium, Blue Dial, 41 mm (2026)",Vacheron Constantin Overseas,Vacheron Constantin,NULL,NULL,7930V/210T-H074,0,45000.0,3,3,/api/uploads/aviandco/products/vacheron-constantin-overseas-g07930v-210t-h074-spy-001-1-8f6ec1bc672a580e.jpg,https://www.aviandco.com/vacheron-constantin-overseas-7930v-210t-h074-blue-dial-g07930v-210t-h074-spy-001
avi-vacheron-constantin-overseas-7930v-210t-h075-green-dial-g0,mismatch,name;price;reference,"Vacheron Constantin Overseas 7930V/210T-H075, Dual Time, ""Cardinal Points"" West, Titanium, Green Dial, 41 mm (2026)",Vacheron Constantin Overseas,Vacheron Constantin,NULL,NULL,7930V/210T-H075,0,45000.0,3,3,/api/uploads/aviandco/products/vacheron-constantin-overseas-g07930v-210t-h075-spy-001-1-47d02b3bff9de3c9.jpg,https://www.aviandco.com/vacheron-constantin-overseas-7930v-210t-h075-green-dial-g07930v-210t-h075-spy-001
avi-vacheron-constantin-patrimony-4100u-silver-dial-4100u-003,mismatch,name;price;reference,"Vacheron Constantin Patrimony 4100U/000G-B181, 18K White Gold, Silver Dial, 36 mm",Vacheron Constantin Patrimony,Vacheron Constantin,NULL,NULL,4100U/000G-B181,0,19399.0,3,3,/api/uploads/aviandco/products/4100u-003-1-1-2a103ee77186950b.jpg,https://www.aviandco.com/vacheron-constantin-patrimony-4100u-silver-dial-4100u-003
avi-vacheron-constantin-traditionnelle-5000t-000p-b975-salmon-,mismatch,name;price;reference,"Vacheron Constantin Traditionnelle 5000T/000P-B975, Perpetual Calendar Chronograph, Platinum, Salmon Opaline Index Dial, 43 mm",Vacheron Constantin Traditionnelle,Vacheron Constantin,NULL,NULL,5000T/000P-B975,0,127600.0,3,3,/api/uploads/aviandco/products/vacheron-constantin-traditionnelle-5000t-001-1-266436dbb6f6d985.jpg,https://www.aviandco.com/vacheron-constantin-traditionnelle-5000t-000p-b975-salmon-index-dial-5000t-001
avi-zenith-chronomaster-45-3104-3600-black-dial-45-3104-3600-0,missing_source_url,,"Zenith Chronomaster Sport 45.3104.3600, 18K White Gold, Black Dial, 41mm",,Zenith,NULL,NULL,,76600,,1,0,/api/uploads/aviandco/products/aviandco-404-oswaldo-local.jpg,
avi-zenith-tourbillon-18-1260-4005-silver-index-dial-18-1260-4,missing_source_url,,"Zenith Tourbillon 18.1260.4005, 18K Rose Gold, Silver Dial, 45 mm",,Zenith,NULL,NULL,,0,,1,0,/api/uploads/aviandco/products/aviandco-404-oswaldo-local.jpg,
